2026-08-19 22:35:58.329 -03:00 [DBG] Hosting starting
2026-08-19 22:35:58.604 -03:00 [INF] User profile is available. Using 'C:\Users\Geraldo Luiz\AppData\Local\ASP.NET\DataProtection-Keys' as key repository and Windows DPAPI to encrypt keys at rest.
2026-08-19 22:35:59.398 -03:00 [INF] Now listening on: https://localhost:7100
2026-08-19 22:35:59.402 -03:00 [INF] Now listening on: http://localhost:5100
2026-08-19 22:35:59.969 -03:00 [INF] Application started. Press Ctrl+C to shut down.
2026-08-19 22:36:00.109 -03:00 [INF] Hosting environment: Development
2026-08-19 22:36:00.147 -03:00 [INF] Content root path: C:\Users\Geraldo Luiz\Desktop\Projetos Pessoais\GestaoArmazem\GestaoArmazem\src\GestaoArmazem.API
2026-08-19 22:36:00.157 -03:00 [DBG] Hosting started
2026-08-19 22:36:04.430 -03:00 [INF] Request starting HTTP/2 GET https://localhost:7100/swagger/index.html - null null
2026-08-19 22:36:05.558 -03:00 [DBG] Response markup is scheduled to include Browser Link script injection.
2026-08-19 22:36:06.118 -03:00 [DBG] Response markup was updated to include Browser Link script injection.
2026-08-19 22:36:06.125 -03:00 [INF] Request starting HTTP/2 GET https://localhost:7100/_vs/browserLink - null null
2026-08-19 22:36:06.169 -03:00 [INF] Request finished HTTP/2 GET https://localhost:7100/swagger/index.html - 200 null text/html;charset=utf-8 1751.9266ms
2026-08-19 22:36:06.125 -03:00 [INF] Request starting HTTP/2 GET https://localhost:7100/_framework/aspnetcore-browser-refresh.js - null null
2026-08-19 22:36:06.399 -03:00 [INF] Request finished HTTP/2 GET https://localhost:7100/_framework/aspnetcore-browser-refresh.js - 200 14939 application/javascript; charset=utf-8 273.5533ms
2026-08-19 22:36:06.771 -03:00 [INF] Request finished HTTP/2 GET https://localhost:7100/_vs/browserLink - 200 null text/javascript; charset=UTF-8 645.3111ms
2026-08-19 22:36:07.455 -03:00 [INF] Request starting HTTP/2 GET https://localhost:7100/swagger/v1/swagger.json - null null
2026-08-19 22:36:07.642 -03:00 [INF] Request finished HTTP/2 GET https://localhost:7100/swagger/v1/swagger.json - 200 null application/json;charset=utf-8 187.6454ms
2026-08-19 22:36:08.257 -03:00 [INF] Request starting HTTP/2 GET https://localhost:7100/swagger/favicon-32x32.png - null null
2026-08-19 22:36:08.310 -03:00 [INF] Sending file. Request path: '/favicon-32x32.png'. Physical path: 'N/A'
2026-08-19 22:36:08.318 -03:00 [INF] Request finished HTTP/2 GET https://localhost:7100/swagger/favicon-32x32.png - 200 628 image/png 62.2785ms
2026-08-19 22:41:57.131 -03:00 [INF] Request starting HTTP/2 OPTIONS https://localhost:7100/api/pedidos-recebimento?pagina=1&tamanhoPagina=20 - null null
2026-08-19 22:41:57.128 -03:00 [INF] Request starting HTTP/2 OPTIONS https://localhost:7100/api/produtos?pagina=1&tamanhoPagina=20 - null null
2026-08-19 22:41:57.128 -03:00 [INF] Request starting HTTP/2 OPTIONS https://localhost:7100/api/pedidos-recebimento?pagina=1&tamanhoPagina=20 - null null
2026-08-19 22:41:57.128 -03:00 [INF] Request starting HTTP/2 OPTIONS https://localhost:7100/api/produtos?pagina=1&tamanhoPagina=20 - null null
2026-08-19 22:41:57.128 -03:00 [INF] Request starting HTTP/2 OPTIONS https://localhost:7100/api/pedidos-expedicao?pagina=1&tamanhoPagina=20 - null null
2026-08-19 22:41:57.192 -03:00 [INF] Request starting HTTP/2 OPTIONS https://localhost:7100/api/pedidos-expedicao?pagina=1&tamanhoPagina=20 - null null
2026-08-19 22:41:58.186 -03:00 [INF] CORS policy execution successful.
2026-08-19 22:41:58.187 -03:00 [INF] CORS policy execution successful.
2026-08-19 22:41:58.187 -03:00 [INF] CORS policy execution successful.
2026-08-19 22:41:58.187 -03:00 [INF] CORS policy execution successful.
2026-08-19 22:41:58.187 -03:00 [INF] CORS policy execution successful.
2026-08-19 22:41:58.187 -03:00 [INF] CORS policy execution successful.
2026-08-19 22:41:58.782 -03:00 [INF] HTTP OPTIONS /api/produtos responded 204 in 618.6671 ms
2026-08-19 22:41:58.782 -03:00 [INF] HTTP OPTIONS /api/pedidos-recebimento responded 204 in 617.3419 ms
2026-08-19 22:41:58.781 -03:00 [INF] HTTP OPTIONS /api/pedidos-expedicao responded 204 in 617.0630 ms
2026-08-19 22:41:58.781 -03:00 [INF] HTTP OPTIONS /api/pedidos-recebimento responded 204 in 617.1484 ms
2026-08-19 22:41:58.781 -03:00 [INF] HTTP OPTIONS /api/produtos responded 204 in 617.1021 ms
2026-08-19 22:41:58.782 -03:00 [INF] HTTP OPTIONS /api/pedidos-expedicao responded 204 in 617.9757 ms
2026-08-19 22:41:58.924 -03:00 [INF] Request finished HTTP/2 OPTIONS https://localhost:7100/api/produtos?pagina=1&tamanhoPagina=20 - 204 null null 1842.0078ms
2026-08-19 22:41:58.936 -03:00 [INF] Request finished HTTP/2 OPTIONS https://localhost:7100/api/pedidos-recebimento?pagina=1&tamanhoPagina=20 - 204 null null 1805.4552ms
2026-08-19 22:41:58.951 -03:00 [INF] Request finished HTTP/2 OPTIONS https://localhost:7100/api/pedidos-expedicao?pagina=1&tamanhoPagina=20 - 204 null null 1868.8309ms
2026-08-19 22:41:59.453 -03:00 [INF] Request finished HTTP/2 OPTIONS https://localhost:7100/api/pedidos-recebimento?pagina=1&tamanhoPagina=20 - 204 null null 2370.8765ms
2026-08-19 22:42:00.241 -03:00 [INF] Request finished HTTP/2 OPTIONS https://localhost:7100/api/pedidos-expedicao?pagina=1&tamanhoPagina=20 - 204 null null 3051.9149ms
2026-08-19 22:42:00.244 -03:00 [INF] Request finished HTTP/2 OPTIONS https://localhost:7100/api/produtos?pagina=1&tamanhoPagina=20 - 204 null null 3159.1627ms
2026-08-19 22:42:00.264 -03:00 [INF] Request starting HTTP/2 GET https://localhost:7100/api/pedidos-expedicao?pagina=1&tamanhoPagina=20 - application/json null
2026-08-19 22:42:00.263 -03:00 [INF] Request starting HTTP/2 GET https://localhost:7100/api/produtos?pagina=1&tamanhoPagina=20 - application/json null
2026-08-19 22:42:00.264 -03:00 [INF] Request starting HTTP/2 GET https://localhost:7100/api/pedidos-recebimento?pagina=1&tamanhoPagina=20 - application/json null
2026-08-19 22:42:00.750 -03:00 [INF] CORS policy execution successful.
2026-08-19 22:42:00.750 -03:00 [INF] CORS policy execution successful.
2026-08-19 22:42:00.751 -03:00 [INF] CORS policy execution successful.
2026-08-19 22:42:05.063 -03:00 [INF] Failed to validate the token.
Microsoft.IdentityModel.Tokens.SecurityTokenExpiredException: IDX10223: Lifetime validation failed. The token is expired. ValidTo (UTC): '15/08/2026 11:38:58', Current time (UTC): '20/08/2026 01:42:03'.
   at Microsoft.IdentityModel.Tokens.ValidatorUtilities.ValidateLifetime(Nullable`1 notBefore, Nullable`1 expires, SecurityToken securityToken, TokenValidationParameters validationParameters)
   at Microsoft.IdentityModel.Tokens.Validators.ValidateLifetime(Nullable`1 notBefore, Nullable`1 expires, SecurityToken securityToken, TokenValidationParameters validationParameters)
   at Microsoft.IdentityModel.JsonWebTokens.JsonWebTokenHandler.ValidateTokenPayloadAsync(JsonWebToken jsonWebToken, TokenValidationParameters validationParameters, BaseConfiguration configuration)
   at Microsoft.IdentityModel.JsonWebTokens.JsonWebTokenHandler.ValidateJWSAsync(JsonWebToken jsonWebToken, TokenValidationParameters validationParameters, BaseConfiguration configuration)
2026-08-19 22:42:05.063 -03:00 [INF] Failed to validate the token.
Microsoft.IdentityModel.Tokens.SecurityTokenExpiredException: IDX10223: Lifetime validation failed. The token is expired. ValidTo (UTC): '15/08/2026 11:38:58', Current time (UTC): '20/08/2026 01:42:03'.
   at Microsoft.IdentityModel.Tokens.ValidatorUtilities.ValidateLifetime(Nullable`1 notBefore, Nullable`1 expires, SecurityToken securityToken, TokenValidationParameters validationParameters)
   at Microsoft.IdentityModel.Tokens.Validators.ValidateLifetime(Nullable`1 notBefore, Nullable`1 expires, SecurityToken securityToken, TokenValidationParameters validationParameters)
   at Microsoft.IdentityModel.JsonWebTokens.JsonWebTokenHandler.ValidateTokenPayloadAsync(JsonWebToken jsonWebToken, TokenValidationParameters validationParameters, BaseConfiguration configuration)
   at Microsoft.IdentityModel.JsonWebTokens.JsonWebTokenHandler.ValidateJWSAsync(JsonWebToken jsonWebToken, TokenValidationParameters validationParameters, BaseConfiguration configuration)
2026-08-19 22:42:05.124 -03:00 [INF] Failed to validate the token.
Microsoft.IdentityModel.Tokens.SecurityTokenExpiredException: IDX10223: Lifetime validation failed. The token is expired. ValidTo (UTC): '15/08/2026 11:38:58', Current time (UTC): '20/08/2026 01:42:03'.
   at Microsoft.IdentityModel.Tokens.ValidatorUtilities.ValidateLifetime(Nullable`1 notBefore, Nullable`1 expires, SecurityToken securityToken, TokenValidationParameters validationParameters)
   at Microsoft.IdentityModel.Tokens.Validators.ValidateLifetime(Nullable`1 notBefore, Nullable`1 expires, SecurityToken securityToken, TokenValidationParameters validationParameters)
   at Microsoft.IdentityModel.JsonWebTokens.JsonWebTokenHandler.ValidateTokenPayloadAsync(JsonWebToken jsonWebToken, TokenValidationParameters validationParameters, BaseConfiguration configuration)
   at Microsoft.IdentityModel.JsonWebTokens.JsonWebTokenHandler.ValidateJWSAsync(JsonWebToken jsonWebToken, TokenValidationParameters validationParameters, BaseConfiguration configuration)
2026-08-19 22:42:06.404 -03:00 [INF] Bearer was not authenticated. Failure message: IDX10223: Lifetime validation failed. The token is expired. ValidTo (UTC): '15/08/2026 11:38:58', Current time (UTC): '20/08/2026 01:42:03'.
2026-08-19 22:42:06.404 -03:00 [INF] Bearer was not authenticated. Failure message: IDX10223: Lifetime validation failed. The token is expired. ValidTo (UTC): '15/08/2026 11:38:58', Current time (UTC): '20/08/2026 01:42:03'.
2026-08-19 22:42:06.404 -03:00 [INF] Bearer was not authenticated. Failure message: IDX10223: Lifetime validation failed. The token is expired. ValidTo (UTC): '15/08/2026 11:38:58', Current time (UTC): '20/08/2026 01:42:03'.
2026-08-19 22:42:06.585 -03:00 [INF] Authorization failed. These requirements were not met:
DenyAnonymousAuthorizationRequirement: Requires an authenticated user.
2026-08-19 22:42:06.585 -03:00 [INF] Authorization failed. These requirements were not met:
DenyAnonymousAuthorizationRequirement: Requires an authenticated user.
2026-08-19 22:42:06.585 -03:00 [INF] Authorization failed. These requirements were not met:
DenyAnonymousAuthorizationRequirement: Requires an authenticated user.
2026-08-19 22:42:06.628 -03:00 [INF] AuthenticationScheme: Bearer was challenged.
2026-08-19 22:42:06.628 -03:00 [INF] AuthenticationScheme: Bearer was challenged.
2026-08-19 22:42:06.628 -03:00 [INF] AuthenticationScheme: Bearer was challenged.
2026-08-19 22:42:06.637 -03:00 [INF] HTTP GET /api/produtos responded 401 in 5919.9754 ms
2026-08-19 22:42:06.644 -03:00 [INF] HTTP GET /api/pedidos-recebimento responded 401 in 5927.5280 ms
2026-08-19 22:42:06.652 -03:00 [INF] HTTP GET /api/pedidos-expedicao responded 401 in 5935.5281 ms
2026-08-19 22:42:06.672 -03:00 [INF] Request finished HTTP/2 GET https://localhost:7100/api/produtos?pagina=1&tamanhoPagina=20 - 401 0 null 6409.2003ms
2026-08-19 22:42:06.683 -03:00 [INF] Request finished HTTP/2 GET https://localhost:7100/api/pedidos-recebimento?pagina=1&tamanhoPagina=20 - 401 0 null 6419.1855ms
2026-08-19 22:42:06.721 -03:00 [INF] Request starting HTTP/2 OPTIONS https://localhost:7100/api/auth/refresh - null null
2026-08-19 22:42:06.718 -03:00 [INF] Request starting HTTP/2 GET https://localhost:7100/api/pedidos-recebimento?pagina=1&tamanhoPagina=20 - application/json null
2026-08-19 22:42:06.718 -03:00 [INF] Request starting HTTP/2 GET https://localhost:7100/api/pedidos-expedicao?pagina=1&tamanhoPagina=20 - application/json null
2026-08-19 22:42:06.718 -03:00 [INF] Request starting HTTP/2 GET https://localhost:7100/api/produtos?pagina=1&tamanhoPagina=20 - application/json null
2026-08-19 22:42:06.702 -03:00 [INF] Request finished HTTP/2 GET https://localhost:7100/api/pedidos-expedicao?pagina=1&tamanhoPagina=20 - 401 0 null 6438.7821ms
2026-08-19 22:42:06.790 -03:00 [INF] CORS policy execution successful.
2026-08-19 22:42:06.810 -03:00 [INF] CORS policy execution successful.
2026-08-19 22:42:06.830 -03:00 [INF] CORS policy execution successful.
2026-08-19 22:42:06.847 -03:00 [INF] CORS policy execution successful.
2026-08-19 22:42:06.862 -03:00 [INF] HTTP OPTIONS /api/auth/refresh responded 204 in 72.8093 ms
2026-08-19 22:42:07.155 -03:00 [INF] Request finished HTTP/2 OPTIONS https://localhost:7100/api/auth/refresh - 204 null null 436.1035ms
2026-08-19 22:42:07.238 -03:00 [INF] Failed to validate the token.
Microsoft.IdentityModel.Tokens.SecurityTokenExpiredException: IDX10223: Lifetime validation failed. The token is expired. ValidTo (UTC): '15/08/2026 11:38:58', Current time (UTC): '20/08/2026 01:42:06'.
   at Microsoft.IdentityModel.Tokens.ValidatorUtilities.ValidateLifetime(Nullable`1 notBefore, Nullable`1 expires, SecurityToken securityToken, TokenValidationParameters validationParameters)
   at Microsoft.IdentityModel.Tokens.Validators.ValidateLifetime(Nullable`1 notBefore, Nullable`1 expires, SecurityToken securityToken, TokenValidationParameters validationParameters)
   at Microsoft.IdentityModel.JsonWebTokens.JsonWebTokenHandler.ValidateTokenPayloadAsync(JsonWebToken jsonWebToken, TokenValidationParameters validationParameters, BaseConfiguration configuration)
   at Microsoft.IdentityModel.JsonWebTokens.JsonWebTokenHandler.ValidateJWSAsync(JsonWebToken jsonWebToken, TokenValidationParameters validationParameters, BaseConfiguration configuration)
2026-08-19 22:42:07.238 -03:00 [INF] Failed to validate the token.
Microsoft.IdentityModel.Tokens.SecurityTokenExpiredException: IDX10223: Lifetime validation failed. The token is expired. ValidTo (UTC): '15/08/2026 11:38:58', Current time (UTC): '20/08/2026 01:42:06'.
   at Microsoft.IdentityModel.Tokens.ValidatorUtilities.ValidateLifetime(Nullable`1 notBefore, Nullable`1 expires, SecurityToken securityToken, TokenValidationParameters validationParameters)
   at Microsoft.IdentityModel.Tokens.Validators.ValidateLifetime(Nullable`1 notBefore, Nullable`1 expires, SecurityToken securityToken, TokenValidationParameters validationParameters)
   at Microsoft.IdentityModel.JsonWebTokens.JsonWebTokenHandler.ValidateTokenPayloadAsync(JsonWebToken jsonWebToken, TokenValidationParameters validationParameters, BaseConfiguration configuration)
   at Microsoft.IdentityModel.JsonWebTokens.JsonWebTokenHandler.ValidateJWSAsync(JsonWebToken jsonWebToken, TokenValidationParameters validationParameters, BaseConfiguration configuration)
2026-08-19 22:42:07.238 -03:00 [INF] Failed to validate the token.
Microsoft.IdentityModel.Tokens.SecurityTokenExpiredException: IDX10223: Lifetime validation failed. The token is expired. ValidTo (UTC): '15/08/2026 11:38:58', Current time (UTC): '20/08/2026 01:42:06'.
   at Microsoft.IdentityModel.Tokens.ValidatorUtilities.ValidateLifetime(Nullable`1 notBefore, Nullable`1 expires, SecurityToken securityToken, TokenValidationParameters validationParameters)
   at Microsoft.IdentityModel.Tokens.Validators.ValidateLifetime(Nullable`1 notBefore, Nullable`1 expires, SecurityToken securityToken, TokenValidationParameters validationParameters)
   at Microsoft.IdentityModel.JsonWebTokens.JsonWebTokenHandler.ValidateTokenPayloadAsync(JsonWebToken jsonWebToken, TokenValidationParameters validationParameters, BaseConfiguration configuration)
   at Microsoft.IdentityModel.JsonWebTokens.JsonWebTokenHandler.ValidateJWSAsync(JsonWebToken jsonWebToken, TokenValidationParameters validationParameters, BaseConfiguration configuration)
2026-08-19 22:42:07.241 -03:00 [INF] Request starting HTTP/2 POST https://localhost:7100/api/auth/refresh - application/json 105
2026-08-19 22:42:07.264 -03:00 [INF] Bearer was not authenticated. Failure message: IDX10223: Lifetime validation failed. The token is expired. ValidTo (UTC): '15/08/2026 11:38:58', Current time (UTC): '20/08/2026 01:42:06'.
2026-08-19 22:42:07.278 -03:00 [INF] Bearer was not authenticated. Failure message: IDX10223: Lifetime validation failed. The token is expired. ValidTo (UTC): '15/08/2026 11:38:58', Current time (UTC): '20/08/2026 01:42:06'.
2026-08-19 22:42:07.284 -03:00 [INF] Bearer was not authenticated. Failure message: IDX10223: Lifetime validation failed. The token is expired. ValidTo (UTC): '15/08/2026 11:38:58', Current time (UTC): '20/08/2026 01:42:06'.
2026-08-19 22:42:07.301 -03:00 [INF] Authorization failed. These requirements were not met:
DenyAnonymousAuthorizationRequirement: Requires an authenticated user.
2026-08-19 22:42:07.301 -03:00 [INF] Authorization failed. These requirements were not met:
DenyAnonymousAuthorizationRequirement: Requires an authenticated user.
2026-08-19 22:42:07.303 -03:00 [INF] CORS policy execution successful.
2026-08-19 22:42:07.306 -03:00 [INF] Authorization failed. These requirements were not met:
DenyAnonymousAuthorizationRequirement: Requires an authenticated user.
2026-08-19 22:42:07.310 -03:00 [INF] AuthenticationScheme: Bearer was challenged.
2026-08-19 22:42:07.314 -03:00 [INF] AuthenticationScheme: Bearer was challenged.
2026-08-19 22:42:07.320 -03:00 [INF] AuthenticationScheme: Bearer was challenged.
2026-08-19 22:42:07.324 -03:00 [INF] HTTP GET /api/pedidos-recebimento responded 401 in 514.4559 ms
2026-08-19 22:42:07.329 -03:00 [INF] HTTP GET /api/pedidos-expedicao responded 401 in 499.1232 ms
2026-08-19 22:42:07.333 -03:00 [INF] HTTP GET /api/produtos responded 401 in 486.5129 ms
2026-08-19 22:42:07.340 -03:00 [INF] Request finished HTTP/2 GET https://localhost:7100/api/pedidos-recebimento?pagina=1&tamanhoPagina=20 - 401 0 null 621.9904ms
2026-08-19 22:42:07.349 -03:00 [INF] Request finished HTTP/2 GET https://localhost:7100/api/pedidos-expedicao?pagina=1&tamanhoPagina=20 - 401 0 null 631.0143ms
2026-08-19 22:42:07.359 -03:00 [INF] Request finished HTTP/2 GET https://localhost:7100/api/produtos?pagina=1&tamanhoPagina=20 - 401 0 null 640.6966ms
2026-08-19 22:42:07.366 -03:00 [INF] Executing endpoint 'GestaoArmazem.API.Controllers.AuthController.Refresh (GestaoArmazem.API)'
2026-08-19 22:42:08.062 -03:00 [INF] Route matched with {action = "Refresh", controller = "Auth"}. Executing controller action with signature System.Threading.Tasks.Task`1[Microsoft.AspNetCore.Mvc.ActionResult`1[GestaoArmazem.Application.DTOs.TokenResponseDto]] Refresh(GestaoArmazem.Application.DTOs.RefreshTokenRequestDto) on controller GestaoArmazem.API.Controllers.AuthController (GestaoArmazem.API).
2026-08-19 22:42:11.151 -03:00 [INF] Executing OkObjectResult, writing value of type 'GestaoArmazem.Application.DTOs.TokenResponseDto'.
2026-08-19 22:42:11.195 -03:00 [INF] Executed action GestaoArmazem.API.Controllers.AuthController.Refresh (GestaoArmazem.API) in 3110.4215ms
2026-08-19 22:42:11.204 -03:00 [INF] Executed endpoint 'GestaoArmazem.API.Controllers.AuthController.Refresh (GestaoArmazem.API)'
2026-08-19 22:42:11.216 -03:00 [INF] HTTP POST /api/auth/refresh responded 200 in 3912.8162 ms
2026-08-19 22:42:11.230 -03:00 [INF] Request finished HTTP/2 POST https://localhost:7100/api/auth/refresh - 200 null application/json; charset=utf-8 3989.5729ms
2026-08-19 22:42:11.254 -03:00 [INF] Request starting HTTP/2 OPTIONS https://localhost:7100/api/pedidos-recebimento?pagina=1&tamanhoPagina=20 - null null
2026-08-19 22:42:11.249 -03:00 [INF] Request starting HTTP/2 OPTIONS https://localhost:7100/api/pedidos-recebimento?pagina=1&tamanhoPagina=20 - null null
2026-08-19 22:42:11.256 -03:00 [INF] Request starting HTTP/2 OPTIONS https://localhost:7100/api/pedidos-expedicao?pagina=1&tamanhoPagina=20 - null null
2026-08-19 22:42:11.258 -03:00 [INF] Request starting HTTP/2 OPTIONS https://localhost:7100/api/produtos?pagina=1&tamanhoPagina=20 - null null
2026-08-19 22:42:11.252 -03:00 [INF] Request starting HTTP/2 OPTIONS https://localhost:7100/api/pedidos-expedicao?pagina=1&tamanhoPagina=20 - null null
2026-08-19 22:42:11.245 -03:00 [INF] Request starting HTTP/2 OPTIONS https://localhost:7100/api/produtos?pagina=1&tamanhoPagina=20 - null null
2026-08-19 22:42:11.276 -03:00 [INF] CORS policy execution successful.
2026-08-19 22:42:11.287 -03:00 [INF] CORS policy execution successful.
2026-08-19 22:42:11.298 -03:00 [INF] CORS policy execution successful.
2026-08-19 22:42:11.309 -03:00 [INF] CORS policy execution successful.
2026-08-19 22:42:11.320 -03:00 [INF] CORS policy execution successful.
2026-08-19 22:42:11.330 -03:00 [INF] CORS policy execution successful.
2026-08-19 22:42:11.333 -03:00 [INF] HTTP OPTIONS /api/pedidos-recebimento responded 204 in 57.2442 ms
2026-08-19 22:42:11.337 -03:00 [INF] HTTP OPTIONS /api/pedidos-recebimento responded 204 in 50.1225 ms
2026-08-19 22:42:11.359 -03:00 [INF] Request finished HTTP/2 OPTIONS https://localhost:7100/api/pedidos-recebimento?pagina=1&tamanhoPagina=20 - 204 null null 105.8041ms
2026-08-19 22:42:11.340 -03:00 [INF] HTTP OPTIONS /api/pedidos-expedicao responded 204 in 41.8742 ms
2026-08-19 22:42:11.344 -03:00 [INF] HTTP OPTIONS /api/produtos responded 204 in 34.1956 ms
2026-08-19 22:42:11.370 -03:00 [INF] Request finished HTTP/2 OPTIONS https://localhost:7100/api/pedidos-recebimento?pagina=1&tamanhoPagina=20 - 204 null null 121.647ms
2026-08-19 22:42:11.394 -03:00 [INF] Request finished HTTP/2 OPTIONS https://localhost:7100/api/pedidos-expedicao?pagina=1&tamanhoPagina=20 - 204 null null 138.3735ms
2026-08-19 22:42:11.404 -03:00 [INF] Request finished HTTP/2 OPTIONS https://localhost:7100/api/produtos?pagina=1&tamanhoPagina=20 - 204 null null 145.7935ms
2026-08-19 22:42:11.347 -03:00 [INF] HTTP OPTIONS /api/pedidos-expedicao responded 204 in 27.3099 ms
2026-08-19 22:42:11.366 -03:00 [INF] Request starting HTTP/2 GET https://localhost:7100/api/pedidos-recebimento?pagina=1&tamanhoPagina=20 - application/json null
2026-08-19 22:42:11.350 -03:00 [INF] HTTP OPTIONS /api/produtos responded 204 in 19.8364 ms
2026-08-19 22:42:11.401 -03:00 [INF] Request starting HTTP/2 GET https://localhost:7100/api/pedidos-expedicao?pagina=1&tamanhoPagina=20 - application/json null
2026-08-19 22:42:11.410 -03:00 [INF] Request starting HTTP/2 GET https://localhost:7100/api/produtos?pagina=1&tamanhoPagina=20 - application/json null
2026-08-19 22:42:11.454 -03:00 [INF] Request finished HTTP/2 OPTIONS https://localhost:7100/api/pedidos-expedicao?pagina=1&tamanhoPagina=20 - 204 null null 203.3168ms
2026-08-19 22:42:11.467 -03:00 [INF] CORS policy execution successful.
2026-08-19 22:42:11.476 -03:00 [INF] Request finished HTTP/2 OPTIONS https://localhost:7100/api/produtos?pagina=1&tamanhoPagina=20 - 204 null null 231.609ms
2026-08-19 22:42:11.494 -03:00 [INF] CORS policy execution successful.
2026-08-19 22:42:11.506 -03:00 [INF] CORS policy execution successful.
2026-08-19 22:42:11.556 -03:00 [INF] Executing endpoint 'GestaoArmazem.API.Controllers.PedidosExpedicaoController.Listar (GestaoArmazem.API)'
2026-08-19 22:42:11.556 -03:00 [INF] Executing endpoint 'GestaoArmazem.API.Controllers.PedidosRecebimentoController.Listar (GestaoArmazem.API)'
2026-08-19 22:42:11.556 -03:00 [INF] Executing endpoint 'GestaoArmazem.API.Controllers.ProdutosController.Listar (GestaoArmazem.API)'
2026-08-19 22:42:11.577 -03:00 [INF] Route matched with {action = "Listar", controller = "PedidosExpedicao"}. Executing controller action with signature System.Threading.Tasks.Task`1[Microsoft.AspNetCore.Mvc.ActionResult`1[System.Collections.Generic.IEnumerable`1[GestaoArmazem.Application.DTOs.PedidoExpedicaoDto]]] Listar(Int32, Int32) on controller GestaoArmazem.API.Controllers.PedidosExpedicaoController (GestaoArmazem.API).
2026-08-19 22:42:11.577 -03:00 [INF] Route matched with {action = "Listar", controller = "PedidosRecebimento"}. Executing controller action with signature System.Threading.Tasks.Task`1[Microsoft.AspNetCore.Mvc.ActionResult`1[System.Collections.Generic.IEnumerable`1[GestaoArmazem.Application.DTOs.PedidoRecebimentoDto]]] Listar(Int32, Int32) on controller GestaoArmazem.API.Controllers.PedidosRecebimentoController (GestaoArmazem.API).
2026-08-19 22:42:11.581 -03:00 [INF] Route matched with {action = "Listar", controller = "Produtos"}. Executing controller action with signature System.Threading.Tasks.Task`1[Microsoft.AspNetCore.Mvc.ActionResult`1[System.Collections.Generic.IEnumerable`1[GestaoArmazem.Application.DTOs.ProdutoDto]]] Listar(Int32, Int32) on controller GestaoArmazem.API.Controllers.ProdutosController (GestaoArmazem.API).
2026-08-19 22:42:11.668 -03:00 [INF] Executing OkObjectResult, writing value of type 'System.Linq.Enumerable+SelectListIterator`2[[GestaoArmazem.Domain.Entities.Produto, GestaoArmazem.Domain, Version=1.0.0.0, Culture=neutral, PublicKeyToken=null],[GestaoArmazem.Application.DTOs.ProdutoDto, GestaoArmazem.Application, Version=1.0.0.0, Culture=neutral, PublicKeyToken=null]]'.
2026-08-19 22:42:11.705 -03:00 [INF] Executed action GestaoArmazem.API.Controllers.ProdutosController.Listar (GestaoArmazem.API) in 102.9309ms
2026-08-19 22:42:11.712 -03:00 [INF] Executing OkObjectResult, writing value of type 'System.Collections.Generic.List`1[[GestaoArmazem.Application.DTOs.PedidoExpedicaoDto, GestaoArmazem.Application, Version=1.0.0.0, Culture=neutral, PublicKeyToken=null]]'.
2026-08-19 22:42:11.708 -03:00 [INF] Request starting HTTP/2 GET https://localhost:7100/api/produtos?pagina=1&tamanhoPagina=20 - application/json null
2026-08-19 22:42:11.715 -03:00 [INF] Executed endpoint 'GestaoArmazem.API.Controllers.ProdutosController.Listar (GestaoArmazem.API)'
2026-08-19 22:42:11.715 -03:00 [INF] Executing OkObjectResult, writing value of type 'System.Collections.Generic.List`1[[GestaoArmazem.Application.DTOs.PedidoRecebimentoDto, GestaoArmazem.Application, Version=1.0.0.0, Culture=neutral, PublicKeyToken=null]]'.
2026-08-19 22:42:11.732 -03:00 [INF] CORS policy execution successful.
2026-08-19 22:42:11.736 -03:00 [INF] HTTP GET /api/produtos responded 200 in 230.7438 ms
2026-08-19 22:42:11.747 -03:00 [INF] Executing endpoint 'GestaoArmazem.API.Controllers.ProdutosController.Listar (GestaoArmazem.API)'
2026-08-19 22:42:11.754 -03:00 [INF] Request finished HTTP/2 GET https://localhost:7100/api/produtos?pagina=1&tamanhoPagina=20 - 200 null application/json; charset=utf-8 344.9841ms
2026-08-19 22:42:11.757 -03:00 [INF] Executed action GestaoArmazem.API.Controllers.PedidosExpedicaoController.Listar (GestaoArmazem.API) in 170.856ms
2026-08-19 22:42:11.759 -03:00 [INF] Route matched with {action = "Listar", controller = "Produtos"}. Executing controller action with signature System.Threading.Tasks.Task`1[Microsoft.AspNetCore.Mvc.ActionResult`1[System.Collections.Generic.IEnumerable`1[GestaoArmazem.Application.DTOs.ProdutoDto]]] Listar(Int32, Int32) on controller GestaoArmazem.API.Controllers.ProdutosController (GestaoArmazem.API).
2026-08-19 22:42:11.757 -03:00 [INF] Executed action GestaoArmazem.API.Controllers.PedidosRecebimentoController.Listar (GestaoArmazem.API) in 163.4319ms
2026-08-19 22:42:11.779 -03:00 [INF] Executed endpoint 'GestaoArmazem.API.Controllers.PedidosExpedicaoController.Listar (GestaoArmazem.API)'
2026-08-19 22:42:11.763 -03:00 [INF] Request starting HTTP/2 GET https://localhost:7100/api/pedidos-expedicao?pagina=1&tamanhoPagina=20 - application/json null
2026-08-19 22:42:11.763 -03:00 [INF] Request starting HTTP/2 GET https://localhost:7100/api/pedidos-recebimento?pagina=1&tamanhoPagina=20 - application/json null
2026-08-19 22:42:11.799 -03:00 [INF] Executed endpoint 'GestaoArmazem.API.Controllers.PedidosRecebimentoController.Listar (GestaoArmazem.API)'
2026-08-19 22:42:11.800 -03:00 [INF] Executing OkObjectResult, writing value of type 'System.Linq.Enumerable+SelectListIterator`2[[GestaoArmazem.Domain.Entities.Produto, GestaoArmazem.Domain, Version=1.0.0.0, Culture=neutral, PublicKeyToken=null],[GestaoArmazem.Application.DTOs.ProdutoDto, GestaoArmazem.Application, Version=1.0.0.0, Culture=neutral, PublicKeyToken=null]]'.
2026-08-19 22:42:11.803 -03:00 [INF] HTTP GET /api/pedidos-expedicao responded 200 in 309.1381 ms
2026-08-19 22:42:11.817 -03:00 [INF] CORS policy execution successful.
2026-08-19 22:42:11.829 -03:00 [INF] CORS policy execution successful.
2026-08-19 22:42:11.834 -03:00 [INF] HTTP GET /api/pedidos-recebimento responded 200 in 366.8332 ms
2026-08-19 22:42:11.841 -03:00 [INF] Executed action GestaoArmazem.API.Controllers.ProdutosController.Listar (GestaoArmazem.API) in 53.988ms
2026-08-19 22:42:11.849 -03:00 [INF] Request finished HTTP/2 GET https://localhost:7100/api/pedidos-expedicao?pagina=1&tamanhoPagina=20 - 200 null application/json; charset=utf-8 449.2188ms
2026-08-19 22:42:11.853 -03:00 [INF] Executing endpoint 'GestaoArmazem.API.Controllers.PedidosExpedicaoController.Listar (GestaoArmazem.API)'
2026-08-19 22:42:11.857 -03:00 [INF] Executing endpoint 'GestaoArmazem.API.Controllers.PedidosRecebimentoController.Listar (GestaoArmazem.API)'
2026-08-19 22:42:11.864 -03:00 [INF] Request finished HTTP/2 GET https://localhost:7100/api/pedidos-recebimento?pagina=1&tamanhoPagina=20 - 200 null application/json; charset=utf-8 498.831ms
2026-08-19 22:42:11.869 -03:00 [INF] Executed endpoint 'GestaoArmazem.API.Controllers.ProdutosController.Listar (GestaoArmazem.API)'
2026-08-19 22:42:11.888 -03:00 [INF] Route matched with {action = "Listar", controller = "PedidosExpedicao"}. Executing controller action with signature System.Threading.Tasks.Task`1[Microsoft.AspNetCore.Mvc.ActionResult`1[System.Collections.Generic.IEnumerable`1[GestaoArmazem.Application.DTOs.PedidoExpedicaoDto]]] Listar(Int32, Int32) on controller GestaoArmazem.API.Controllers.PedidosExpedicaoController (GestaoArmazem.API).
2026-08-19 22:42:11.892 -03:00 [INF] Route matched with {action = "Listar", controller = "PedidosRecebimento"}. Executing controller action with signature System.Threading.Tasks.Task`1[Microsoft.AspNetCore.Mvc.ActionResult`1[System.Collections.Generic.IEnumerable`1[GestaoArmazem.Application.DTOs.PedidoRecebimentoDto]]] Listar(Int32, Int32) on controller GestaoArmazem.API.Controllers.PedidosRecebimentoController (GestaoArmazem.API).
2026-08-19 22:42:11.911 -03:00 [INF] HTTP GET /api/produtos responded 200 in 178.9650 ms
2026-08-19 22:42:11.945 -03:00 [INF] Executing OkObjectResult, writing value of type 'System.Collections.Generic.List`1[[GestaoArmazem.Application.DTOs.PedidoExpedicaoDto, GestaoArmazem.Application, Version=1.0.0.0, Culture=neutral, PublicKeyToken=null]]'.
2026-08-19 22:42:11.947 -03:00 [INF] Request finished HTTP/2 GET https://localhost:7100/api/produtos?pagina=1&tamanhoPagina=20 - 200 null application/json; charset=utf-8 239.5035ms
2026-08-19 22:42:11.954 -03:00 [INF] Executed action GestaoArmazem.API.Controllers.PedidosExpedicaoController.Listar (GestaoArmazem.API) in 35.2306ms
2026-08-19 22:42:11.956 -03:00 [INF] Executing OkObjectResult, writing value of type 'System.Collections.Generic.List`1[[GestaoArmazem.Application.DTOs.PedidoRecebimentoDto, GestaoArmazem.Application, Version=1.0.0.0, Culture=neutral, PublicKeyToken=null]]'.
2026-08-19 22:42:11.973 -03:00 [INF] Executed endpoint 'GestaoArmazem.API.Controllers.PedidosExpedicaoController.Listar (GestaoArmazem.API)'
2026-08-19 22:42:11.980 -03:00 [INF] Executed action GestaoArmazem.API.Controllers.PedidosRecebimentoController.Listar (GestaoArmazem.API) in 48.3462ms
2026-08-19 22:42:11.984 -03:00 [INF] HTTP GET /api/pedidos-expedicao responded 200 in 166.8271 ms
2026-08-19 22:42:11.989 -03:00 [INF] Executed endpoint 'GestaoArmazem.API.Controllers.PedidosRecebimentoController.Listar (GestaoArmazem.API)'
2026-08-19 22:42:11.998 -03:00 [INF] Request finished HTTP/2 GET https://localhost:7100/api/pedidos-expedicao?pagina=1&tamanhoPagina=20 - 200 null application/json; charset=utf-8 236.5702ms
2026-08-19 22:42:12.003 -03:00 [INF] HTTP GET /api/pedidos-recebimento responded 200 in 173.7381 ms
2026-08-19 22:42:12.030 -03:00 [INF] Request finished HTTP/2 GET https://localhost:7100/api/pedidos-recebimento?pagina=1&tamanhoPagina=20 - 200 null application/json; charset=utf-8 268.4893ms
2026-08-19 22:42:34.352 -03:00 [INF] Request starting HTTP/2 OPTIONS https://localhost:7100/api/relatorios/estoque-baixo - null null
2026-08-19 22:42:34.352 -03:00 [INF] Request starting HTTP/2 OPTIONS https://localhost:7100/api/relatorios/estoque-baixo - null null
2026-08-19 22:42:34.393 -03:00 [INF] CORS policy execution successful.
2026-08-19 22:42:34.433 -03:00 [INF] HTTP OPTIONS /api/relatorios/estoque-baixo responded 204 in 39.8310 ms
2026-08-19 22:42:34.434 -03:00 [INF] CORS policy execution successful.
2026-08-19 22:42:34.443 -03:00 [INF] Request finished HTTP/2 OPTIONS https://localhost:7100/api/relatorios/estoque-baixo - 204 null null 99.9154ms
2026-08-19 22:42:34.446 -03:00 [INF] HTTP OPTIONS /api/relatorios/estoque-baixo responded 204 in 12.6777 ms
2026-08-19 22:42:34.452 -03:00 [INF] Request starting HTTP/2 GET https://localhost:7100/api/relatorios/estoque-baixo - application/json null
2026-08-19 22:42:34.474 -03:00 [INF] Request finished HTTP/2 OPTIONS https://localhost:7100/api/relatorios/estoque-baixo - 204 null null 128.5994ms
2026-08-19 22:42:34.486 -03:00 [INF] CORS policy execution successful.
2026-08-19 22:42:34.505 -03:00 [INF] Executing endpoint 'GestaoArmazem.API.Controllers.RelatoriosController.EstoqueBaixo (GestaoArmazem.API)'
2026-08-19 22:42:34.516 -03:00 [INF] Route matched with {action = "EstoqueBaixo", controller = "Relatorios"}. Executing controller action with signature System.Threading.Tasks.Task`1[Microsoft.AspNetCore.Mvc.ActionResult`1[System.Collections.Generic.IEnumerable`1[GestaoArmazem.Application.DTOs.EstoqueBaixoDto]]] EstoqueBaixo() on controller GestaoArmazem.API.Controllers.RelatoriosController (GestaoArmazem.API).
2026-08-19 22:42:34.588 -03:00 [INF] Executing OkObjectResult, writing value of type 'System.Linq.Enumerable+SelectListIterator`2[[GestaoArmazem.Domain.Interfaces.EstoqueBaixoResumo, GestaoArmazem.Domain, Version=1.0.0.0, Culture=neutral, PublicKeyToken=null],[GestaoArmazem.Application.DTOs.EstoqueBaixoDto, GestaoArmazem.Application, Version=1.0.0.0, Culture=neutral, PublicKeyToken=null]]'.
2026-08-19 22:42:34.613 -03:00 [INF] Executed action GestaoArmazem.API.Controllers.RelatoriosController.EstoqueBaixo (GestaoArmazem.API) in 87.2744ms
2026-08-19 22:42:34.622 -03:00 [INF] Request starting HTTP/2 GET https://localhost:7100/api/relatorios/estoque-baixo - application/json null
2026-08-19 22:42:34.628 -03:00 [INF] Executed endpoint 'GestaoArmazem.API.Controllers.RelatoriosController.EstoqueBaixo (GestaoArmazem.API)'
2026-08-19 22:42:34.652 -03:00 [INF] CORS policy execution successful.
2026-08-19 22:42:34.662 -03:00 [INF] HTTP GET /api/relatorios/estoque-baixo responded 200 in 175.5975 ms
2026-08-19 22:42:34.673 -03:00 [INF] Executing endpoint 'GestaoArmazem.API.Controllers.RelatoriosController.EstoqueBaixo (GestaoArmazem.API)'
2026-08-19 22:42:34.690 -03:00 [INF] Request finished HTTP/2 GET https://localhost:7100/api/relatorios/estoque-baixo - 200 null application/json; charset=utf-8 238.0947ms
2026-08-19 22:42:34.699 -03:00 [INF] Route matched with {action = "EstoqueBaixo", controller = "Relatorios"}. Executing controller action with signature System.Threading.Tasks.Task`1[Microsoft.AspNetCore.Mvc.ActionResult`1[System.Collections.Generic.IEnumerable`1[GestaoArmazem.Application.DTOs.EstoqueBaixoDto]]] EstoqueBaixo() on controller GestaoArmazem.API.Controllers.RelatoriosController (GestaoArmazem.API).
2026-08-19 22:42:34.789 -03:00 [INF] Executing OkObjectResult, writing value of type 'System.Linq.Enumerable+SelectListIterator`2[[GestaoArmazem.Domain.Interfaces.EstoqueBaixoResumo, GestaoArmazem.Domain, Version=1.0.0.0, Culture=neutral, PublicKeyToken=null],[GestaoArmazem.Application.DTOs.EstoqueBaixoDto, GestaoArmazem.Application, Version=1.0.0.0, Culture=neutral, PublicKeyToken=null]]'.
2026-08-19 22:42:34.802 -03:00 [INF] Executed action GestaoArmazem.API.Controllers.RelatoriosController.EstoqueBaixo (GestaoArmazem.API) in 58.0754ms
2026-08-19 22:42:34.814 -03:00 [INF] Executed endpoint 'GestaoArmazem.API.Controllers.RelatoriosController.EstoqueBaixo (GestaoArmazem.API)'
2026-08-19 22:42:34.823 -03:00 [INF] HTTP GET /api/relatorios/estoque-baixo responded 200 in 171.5932 ms
2026-08-19 22:42:34.840 -03:00 [INF] Request finished HTTP/2 GET https://localhost:7100/api/relatorios/estoque-baixo - 200 null application/json; charset=utf-8 219.5893ms
2026-08-19 22:43:08.964 -03:00 [INF] Request starting HTTP/2 OPTIONS https://localhost:7100/api/produtos?pagina=1&tamanhoPagina=20 - null null
2026-08-19 22:43:08.995 -03:00 [INF] Request starting HTTP/2 OPTIONS https://localhost:7100/api/produtos?pagina=1&tamanhoPagina=20 - null null
2026-08-19 22:43:08.982 -03:00 [INF] Request starting HTTP/2 OPTIONS https://localhost:7100/api/armazens - null null
2026-08-19 22:43:09.057 -03:00 [INF] CORS policy execution successful.
2026-08-19 22:43:09.119 -03:00 [INF] CORS policy execution successful.
2026-08-19 22:43:09.131 -03:00 [INF] CORS policy execution successful.
2026-08-19 22:43:09.135 -03:00 [INF] HTTP OPTIONS /api/produtos responded 204 in 78.7215 ms
2026-08-19 22:43:08.988 -03:00 [INF] Request starting HTTP/2 OPTIONS https://localhost:7100/api/relatorios/movimentacoes?pagina=1&tamanhoPagina=50 - null null
2026-08-19 22:43:09.145 -03:00 [INF] HTTP OPTIONS /api/produtos responded 204 in 26.3981 ms
2026-08-19 22:43:09.149 -03:00 [INF] HTTP OPTIONS /api/armazens responded 204 in 17.9951 ms
2026-08-19 22:43:09.190 -03:00 [INF] Request finished HTTP/2 OPTIONS https://localhost:7100/api/produtos?pagina=1&tamanhoPagina=20 - 204 null null 194.5066ms
2026-08-19 22:43:09.212 -03:00 [INF] Request finished HTTP/2 OPTIONS https://localhost:7100/api/armazens - 204 null null 231.1477ms
2026-08-19 22:43:09.159 -03:00 [INF] Request finished HTTP/2 OPTIONS https://localhost:7100/api/produtos?pagina=1&tamanhoPagina=20 - 204 null null 195.2307ms
2026-08-19 22:43:09.181 -03:00 [INF] CORS policy execution successful.
2026-08-19 22:43:08.996 -03:00 [INF] Request starting HTTP/2 OPTIONS https://localhost:7100/api/localizacoes - null null
2026-08-19 22:43:08.972 -03:00 [INF] Request starting HTTP/2 OPTIONS https://localhost:7100/api/localizacoes - null null
2026-08-19 22:43:09.023 -03:00 [INF] Request starting HTTP/2 OPTIONS https://localhost:7100/api/armazens - null null
2026-08-19 22:43:09.089 -03:00 [INF] Request starting HTTP/2 OPTIONS https://localhost:7100/api/relatorios/movimentacoes?pagina=1&tamanhoPagina=50 - null null
2026-08-19 22:43:09.169 -03:00 [INF] Request starting HTTP/2 GET https://localhost:7100/api/produtos?pagina=1&tamanhoPagina=20 - application/json null
2026-08-19 22:43:09.219 -03:00 [INF] Request starting HTTP/2 GET https://localhost:7100/api/armazens - application/json null
2026-08-19 22:43:09.255 -03:00 [INF] HTTP OPTIONS /api/relatorios/movimentacoes responded 204 in 74.6056 ms
2026-08-19 22:43:09.265 -03:00 [INF] CORS policy execution successful.
2026-08-19 22:43:09.277 -03:00 [INF] CORS policy execution successful.
2026-08-19 22:43:09.370 -03:00 [INF] Request finished HTTP/2 OPTIONS https://localhost:7100/api/relatorios/movimentacoes?pagina=1&tamanhoPagina=50 - 204 null null 381.9985ms
2026-08-19 22:43:09.380 -03:00 [INF] HTTP OPTIONS /api/localizacoes responded 204 in 114.7948 ms
2026-08-19 22:43:09.296 -03:00 [INF] CORS policy execution successful.
2026-08-19 22:43:09.316 -03:00 [INF] CORS policy execution successful.
2026-08-19 22:43:09.383 -03:00 [INF] Request starting HTTP/2 GET https://localhost:7100/api/relatorios/movimentacoes?pagina=1&tamanhoPagina=50 - application/json null
2026-08-19 22:43:09.436 -03:00 [INF] Request finished HTTP/2 OPTIONS https://localhost:7100/api/localizacoes - 204 null null 439.8062ms
2026-08-19 22:43:09.388 -03:00 [INF] HTTP OPTIONS /api/localizacoes responded 204 in 111.8332 ms
2026-08-19 22:43:09.448 -03:00 [INF] HTTP OPTIONS /api/armazens responded 204 in 152.0412 ms
2026-08-19 22:43:09.337 -03:00 [INF] CORS policy execution successful.
2026-08-19 22:43:09.357 -03:00 [INF] CORS policy execution successful.
2026-08-19 22:43:09.456 -03:00 [INF] Request starting HTTP/2 GET https://localhost:7100/api/localizacoes - application/json null
2026-08-19 22:43:09.484 -03:00 [INF] HTTP OPTIONS /api/relatorios/movimentacoes responded 204 in 167.6297 ms
2026-08-19 22:43:09.520 -03:00 [INF] CORS policy execution successful.
2026-08-19 22:43:09.540 -03:00 [INF] Request finished HTTP/2 OPTIONS https://localhost:7100/api/localizacoes - 204 null null 570.5308ms
2026-08-19 22:43:09.548 -03:00 [INF] Request finished HTTP/2 OPTIONS https://localhost:7100/api/armazens - 204 null null 525.8394ms
2026-08-19 22:43:09.552 -03:00 [INF] Executing endpoint 'GestaoArmazem.API.Controllers.ProdutosController.Listar (GestaoArmazem.API)'
2026-08-19 22:43:09.555 -03:00 [INF] Executing endpoint 'GestaoArmazem.API.Controllers.ArmazensController.Listar (GestaoArmazem.API)'
2026-08-19 22:43:09.566 -03:00 [INF] CORS policy execution successful.
2026-08-19 22:43:09.573 -03:00 [INF] Request finished HTTP/2 OPTIONS https://localhost:7100/api/relatorios/movimentacoes?pagina=1&tamanhoPagina=50 - 204 null null 484.5595ms
2026-08-19 22:43:09.581 -03:00 [INF] Executing endpoint 'GestaoArmazem.API.Controllers.RelatoriosController.Movimentacoes (GestaoArmazem.API)'
2026-08-19 22:43:09.617 -03:00 [INF] Route matched with {action = "Listar", controller = "Produtos"}. Executing controller action with signature System.Threading.Tasks.Task`1[Microsoft.AspNetCore.Mvc.ActionResult`1[System.Collections.Generic.IEnumerable`1[GestaoArmazem.Application.DTOs.ProdutoDto]]] Listar(Int32, Int32) on controller GestaoArmazem.API.Controllers.ProdutosController (GestaoArmazem.API).
2026-08-19 22:43:09.626 -03:00 [INF] Executing endpoint 'GestaoArmazem.API.Controllers.LocalizacoesController.Listar (GestaoArmazem.API)'
2026-08-19 22:43:09.633 -03:00 [INF] Route matched with {action = "Listar", controller = "Armazens"}. Executing controller action with signature System.Threading.Tasks.Task`1[Microsoft.AspNetCore.Mvc.ActionResult`1[System.Collections.Generic.IEnumerable`1[GestaoArmazem.Application.DTOs.ArmazemDto]]] Listar() on controller GestaoArmazem.API.Controllers.ArmazensController (GestaoArmazem.API).
2026-08-19 22:43:09.657 -03:00 [INF] Route matched with {action = "Movimentacoes", controller = "Relatorios"}. Executing controller action with signature System.Threading.Tasks.Task`1[Microsoft.AspNetCore.Mvc.ActionResult`1[System.Collections.Generic.IEnumerable`1[GestaoArmazem.Application.DTOs.MovimentacaoRelatorioDto]]] Movimentacoes(System.Nullable`1[System.Guid], System.String, System.Nullable`1[System.DateTime], System.Nullable`1[System.DateTime], Int32, Int32) on controller GestaoArmazem.API.Controllers.RelatoriosController (GestaoArmazem.API).
2026-08-19 22:43:09.674 -03:00 [INF] Route matched with {action = "Listar", controller = "Localizacoes"}. Executing controller action with signature System.Threading.Tasks.Task`1[Microsoft.AspNetCore.Mvc.ActionResult`1[System.Collections.Generic.IEnumerable`1[GestaoArmazem.Application.DTOs.LocalizacaoDto]]] Listar() on controller GestaoArmazem.API.Controllers.LocalizacoesController (GestaoArmazem.API).
2026-08-19 22:43:09.669 -03:00 [INF] Executing OkObjectResult, writing value of type 'System.Linq.Enumerable+SelectListIterator`2[[GestaoArmazem.Domain.Entities.Produto, GestaoArmazem.Domain, Version=1.0.0.0, Culture=neutral, PublicKeyToken=null],[GestaoArmazem.Application.DTOs.ProdutoDto, GestaoArmazem.Application, Version=1.0.0.0, Culture=neutral, PublicKeyToken=null]]'.
2026-08-19 22:43:09.690 -03:00 [INF] Executing OkObjectResult, writing value of type 'System.Linq.Enumerable+SelectListIterator`2[[GestaoArmazem.Domain.Entities.Armazem, GestaoArmazem.Domain, Version=1.0.0.0, Culture=neutral, PublicKeyToken=null],[GestaoArmazem.Application.DTOs.ArmazemDto, GestaoArmazem.Application, Version=1.0.0.0, Culture=neutral, PublicKeyToken=null]]'.
2026-08-19 22:43:09.704 -03:00 [INF] Request starting HTTP/2 GET https://localhost:7100/api/produtos?pagina=1&tamanhoPagina=20 - application/json null
2026-08-19 22:43:09.700 -03:00 [INF] Executed action GestaoArmazem.API.Controllers.ProdutosController.Listar (GestaoArmazem.API) in 47.0109ms
2026-08-19 22:43:09.728 -03:00 [INF] CORS policy execution successful.
2026-08-19 22:43:09.727 -03:00 [INF] Executed action GestaoArmazem.API.Controllers.ArmazensController.Listar (GestaoArmazem.API) in 55.7898ms
2026-08-19 22:43:09.740 -03:00 [INF] Executing endpoint 'GestaoArmazem.API.Controllers.ProdutosController.Listar (GestaoArmazem.API)'
2026-08-19 22:43:09.736 -03:00 [INF] Executed endpoint 'GestaoArmazem.API.Controllers.ProdutosController.Listar (GestaoArmazem.API)'
2026-08-19 22:43:09.732 -03:00 [INF] Request starting HTTP/2 GET https://localhost:7100/api/armazens - application/json null
2026-08-19 22:43:09.752 -03:00 [INF] Executed endpoint 'GestaoArmazem.API.Controllers.ArmazensController.Listar (GestaoArmazem.API)'
2026-08-19 22:43:09.756 -03:00 [INF] Route matched with {action = "Listar", controller = "Produtos"}. Executing controller action with signature System.Threading.Tasks.Task`1[Microsoft.AspNetCore.Mvc.ActionResult`1[System.Collections.Generic.IEnumerable`1[GestaoArmazem.Application.DTOs.ProdutoDto]]] Listar(Int32, Int32) on controller GestaoArmazem.API.Controllers.ProdutosController (GestaoArmazem.API).
2026-08-19 22:43:09.763 -03:00 [INF] HTTP GET /api/produtos responded 200 in 426.0868 ms
2026-08-19 22:43:09.766 -03:00 [INF] Executing OkObjectResult, writing value of type 'System.Linq.Enumerable+SelectListIterator`2[[GestaoArmazem.Domain.Entities.Localizacao, GestaoArmazem.Domain, Version=1.0.0.0, Culture=neutral, PublicKeyToken=null],[GestaoArmazem.Application.DTOs.LocalizacaoDto, GestaoArmazem.Application, Version=1.0.0.0, Culture=neutral, PublicKeyToken=null]]'.
2026-08-19 22:43:09.775 -03:00 [INF] CORS policy execution successful.
2026-08-19 22:43:09.783 -03:00 [INF] Executing OkObjectResult, writing value of type 'System.Linq.Enumerable+SelectListIterator`2[[GestaoArmazem.Domain.Entities.MovimentacaoEstoque, GestaoArmazem.Domain, Version=1.0.0.0, Culture=neutral, PublicKeyToken=null],[GestaoArmazem.Application.DTOs.MovimentacaoRelatorioDto, GestaoArmazem.Application, Version=1.0.0.0, Culture=neutral, PublicKeyToken=null]]'.
2026-08-19 22:43:09.802 -03:00 [INF] Request finished HTTP/2 GET https://localhost:7100/api/produtos?pagina=1&tamanhoPagina=20 - 200 null application/json; charset=utf-8 632.9595ms
2026-08-19 22:43:09.827 -03:00 [INF] Executed action GestaoArmazem.API.Controllers.LocalizacoesController.Listar (GestaoArmazem.API) in 134.1998ms
2026-08-19 22:43:09.818 -03:00 [INF] Executing OkObjectResult, writing value of type 'System.Linq.Enumerable+SelectListIterator`2[[GestaoArmazem.Domain.Entities.Produto, GestaoArmazem.Domain, Version=1.0.0.0, Culture=neutral, PublicKeyToken=null],[GestaoArmazem.Application.DTOs.ProdutoDto, GestaoArmazem.Application, Version=1.0.0.0, Culture=neutral, PublicKeyToken=null]]'.
2026-08-19 22:43:09.819 -03:00 [INF] Executing endpoint 'GestaoArmazem.API.Controllers.ArmazensController.Listar (GestaoArmazem.API)'
2026-08-19 22:43:09.850 -03:00 [INF] Executed endpoint 'GestaoArmazem.API.Controllers.LocalizacoesController.Listar (GestaoArmazem.API)'
2026-08-19 22:43:09.832 -03:00 [INF] Request starting HTTP/2 GET https://localhost:7100/api/localizacoes - application/json null
2026-08-19 22:43:09.868 -03:00 [INF] Executed action GestaoArmazem.API.Controllers.RelatoriosController.Movimentacoes (GestaoArmazem.API) in 186.1544ms
2026-08-19 22:43:09.857 -03:00 [INF] Executed action GestaoArmazem.API.Controllers.ProdutosController.Listar (GestaoArmazem.API) in 67.207ms
2026-08-19 22:43:09.870 -03:00 [INF] Route matched with {action = "Listar", controller = "Armazens"}. Executing controller action with signature System.Threading.Tasks.Task`1[Microsoft.AspNetCore.Mvc.ActionResult`1[System.Collections.Generic.IEnumerable`1[GestaoArmazem.Application.DTOs.ArmazemDto]]] Listar() on controller GestaoArmazem.API.Controllers.ArmazensController (GestaoArmazem.API).
2026-08-19 22:43:09.781 -03:00 [INF] HTTP GET /api/armazens responded 200 in 423.6137 ms
2026-08-19 22:43:09.879 -03:00 [INF] HTTP GET /api/localizacoes responded 200 in 312.9735 ms
2026-08-19 22:43:09.891 -03:00 [INF] CORS policy execution successful.
2026-08-19 22:43:09.899 -03:00 [INF] Executed endpoint 'GestaoArmazem.API.Controllers.RelatoriosController.Movimentacoes (GestaoArmazem.API)'
2026-08-19 22:43:09.872 -03:00 [INF] Request starting HTTP/2 GET https://localhost:7100/api/relatorios/movimentacoes?pagina=1&tamanhoPagina=50 - application/json null
2026-08-19 22:43:09.905 -03:00 [INF] Executed endpoint 'GestaoArmazem.API.Controllers.ProdutosController.Listar (GestaoArmazem.API)'
2026-08-19 22:43:09.924 -03:00 [INF] Executing OkObjectResult, writing value of type 'System.Linq.Enumerable+SelectListIterator`2[[GestaoArmazem.Domain.Entities.Armazem, GestaoArmazem.Domain, Version=1.0.0.0, Culture=neutral, PublicKeyToken=null],[GestaoArmazem.Application.DTOs.ArmazemDto, GestaoArmazem.Application, Version=1.0.0.0, Culture=neutral, PublicKeyToken=null]]'.
2026-08-19 22:43:09.930 -03:00 [INF] Request finished HTTP/2 GET https://localhost:7100/api/armazens - 200 null application/json; charset=utf-8 710.8288ms
2026-08-19 22:43:09.938 -03:00 [INF] Request finished HTTP/2 GET https://localhost:7100/api/localizacoes - 200 null application/json; charset=utf-8 481.9067ms
2026-08-19 22:43:09.942 -03:00 [INF] Executing endpoint 'GestaoArmazem.API.Controllers.LocalizacoesController.Listar (GestaoArmazem.API)'
2026-08-19 22:43:09.949 -03:00 [INF] HTTP GET /api/relatorios/movimentacoes responded 200 in 429.3816 ms
2026-08-19 22:43:09.960 -03:00 [INF] CORS policy execution successful.
2026-08-19 22:43:09.965 -03:00 [INF] HTTP GET /api/produtos responded 200 in 236.0500 ms
2026-08-19 22:43:09.971 -03:00 [INF] Executed action GestaoArmazem.API.Controllers.ArmazensController.Listar (GestaoArmazem.API) in 56.1089ms
2026-08-19 22:43:10.019 -03:00 [INF] Route matched with {action = "Listar", controller = "Localizacoes"}. Executing controller action with signature System.Threading.Tasks.Task`1[Microsoft.AspNetCore.Mvc.ActionResult`1[System.Collections.Generic.IEnumerable`1[GestaoArmazem.Application.DTOs.LocalizacaoDto]]] Listar() on controller GestaoArmazem.API.Controllers.LocalizacoesController (GestaoArmazem.API).
2026-08-19 22:43:10.026 -03:00 [INF] Request finished HTTP/2 GET https://localhost:7100/api/relatorios/movimentacoes?pagina=1&tamanhoPagina=50 - 200 null application/json; charset=utf-8 643.8613ms
2026-08-19 22:43:10.035 -03:00 [INF] Executing endpoint 'GestaoArmazem.API.Controllers.RelatoriosController.Movimentacoes (GestaoArmazem.API)'
2026-08-19 22:43:10.042 -03:00 [INF] Request finished HTTP/2 GET https://localhost:7100/api/produtos?pagina=1&tamanhoPagina=20 - 200 null application/json; charset=utf-8 338.1905ms
2026-08-19 22:43:10.053 -03:00 [INF] Executed endpoint 'GestaoArmazem.API.Controllers.ArmazensController.Listar (GestaoArmazem.API)'
2026-08-19 22:43:10.073 -03:00 [INF] Executing OkObjectResult, writing value of type 'System.Linq.Enumerable+SelectListIterator`2[[GestaoArmazem.Domain.Entities.Localizacao, GestaoArmazem.Domain, Version=1.0.0.0, Culture=neutral, PublicKeyToken=null],[GestaoArmazem.Application.DTOs.LocalizacaoDto, GestaoArmazem.Application, Version=1.0.0.0, Culture=neutral, PublicKeyToken=null]]'.
2026-08-19 22:43:10.084 -03:00 [INF] Route matched with {action = "Movimentacoes", controller = "Relatorios"}. Executing controller action with signature System.Threading.Tasks.Task`1[Microsoft.AspNetCore.Mvc.ActionResult`1[System.Collections.Generic.IEnumerable`1[GestaoArmazem.Application.DTOs.MovimentacaoRelatorioDto]]] Movimentacoes(System.Nullable`1[System.Guid], System.String, System.Nullable`1[System.DateTime], System.Nullable`1[System.DateTime], Int32, Int32) on controller GestaoArmazem.API.Controllers.RelatoriosController (GestaoArmazem.API).
2026-08-19 22:43:10.100 -03:00 [INF] HTTP GET /api/armazens responded 200 in 325.1618 ms
2026-08-19 22:43:10.106 -03:00 [INF] Executed action GestaoArmazem.API.Controllers.LocalizacoesController.Listar (GestaoArmazem.API) in 43.499ms
2026-08-19 22:43:10.125 -03:00 [INF] Request finished HTTP/2 GET https://localhost:7100/api/armazens - 200 null application/json; charset=utf-8 393.7315ms
2026-08-19 22:43:10.130 -03:00 [INF] Executing OkObjectResult, writing value of type 'System.Linq.Enumerable+SelectListIterator`2[[GestaoArmazem.Domain.Entities.MovimentacaoEstoque, GestaoArmazem.Domain, Version=1.0.0.0, Culture=neutral, PublicKeyToken=null],[GestaoArmazem.Application.DTOs.MovimentacaoRelatorioDto, GestaoArmazem.Application, Version=1.0.0.0, Culture=neutral, PublicKeyToken=null]]'.
2026-08-19 22:43:10.133 -03:00 [INF] Executed endpoint 'GestaoArmazem.API.Controllers.LocalizacoesController.Listar (GestaoArmazem.API)'
2026-08-19 22:43:10.158 -03:00 [INF] HTTP GET /api/localizacoes responded 200 in 267.2155 ms
2026-08-19 22:43:10.165 -03:00 [INF] Executed action GestaoArmazem.API.Controllers.RelatoriosController.Movimentacoes (GestaoArmazem.API) in 52.6756ms
2026-08-19 22:43:10.170 -03:00 [INF] Request finished HTTP/2 GET https://localhost:7100/api/localizacoes - 200 null application/json; charset=utf-8 338.4824ms
2026-08-19 22:43:10.176 -03:00 [INF] Executed endpoint 'GestaoArmazem.API.Controllers.RelatoriosController.Movimentacoes (GestaoArmazem.API)'
2026-08-19 22:43:10.196 -03:00 [INF] HTTP GET /api/relatorios/movimentacoes responded 200 in 235.4593 ms
2026-08-19 22:43:10.204 -03:00 [INF] Request finished HTTP/2 GET https://localhost:7100/api/relatorios/movimentacoes?pagina=1&tamanhoPagina=50 - 200 null application/json; charset=utf-8 332.7515ms
2026-08-19 22:43:42.661 -03:00 [INF] Request starting HTTP/2 OPTIONS https://localhost:7100/api/fornecedores - null null
2026-08-19 22:43:42.698 -03:00 [INF] Request starting HTTP/2 OPTIONS https://localhost:7100/api/relatorios/pedidos-recebimento?pagina=1&tamanhoPagina=50 - null null
2026-08-19 22:43:42.704 -03:00 [INF] Request starting HTTP/2 OPTIONS https://localhost:7100/api/clientes - null null
2026-08-19 22:43:42.721 -03:00 [INF] Request starting HTTP/2 OPTIONS https://localhost:7100/api/relatorios/pedidos-recebimento?pagina=1&tamanhoPagina=50 - null null
2026-08-19 22:43:42.671 -03:00 [INF] Request starting HTTP/2 OPTIONS https://localhost:7100/api/clientes - null null
2026-08-19 22:43:42.698 -03:00 [INF] Request starting HTTP/2 OPTIONS https://localhost:7100/api/fornecedores - null null
2026-08-19 22:43:42.709 -03:00 [INF] CORS policy execution successful.
2026-08-19 22:43:42.757 -03:00 [INF] CORS policy execution successful.
2026-08-19 22:43:42.766 -03:00 [INF] CORS policy execution successful.
2026-08-19 22:43:42.781 -03:00 [INF] CORS policy execution successful.
2026-08-19 22:43:42.792 -03:00 [INF] CORS policy execution successful.
2026-08-19 22:43:42.802 -03:00 [INF] CORS policy execution successful.
2026-08-19 22:43:42.805 -03:00 [INF] HTTP OPTIONS /api/fornecedores responded 204 in 96.2895 ms
2026-08-19 22:43:42.808 -03:00 [INF] HTTP OPTIONS /api/relatorios/pedidos-recebimento responded 204 in 50.7964 ms
2026-08-19 22:43:42.856 -03:00 [INF] Request finished HTTP/2 OPTIONS https://localhost:7100/api/relatorios/pedidos-recebimento?pagina=1&tamanhoPagina=50 - 204 null null 158.9839ms
2026-08-19 22:43:42.812 -03:00 [INF] HTTP OPTIONS /api/clientes responded 204 in 46.6288 ms
2026-08-19 22:43:42.822 -03:00 [INF] HTTP OPTIONS /api/relatorios/pedidos-recebimento responded 204 in 41.0259 ms
2026-08-19 22:43:42.911 -03:00 [INF] Request finished HTTP/2 OPTIONS https://localhost:7100/api/clientes - 204 null null 207.3066ms
2026-08-19 22:43:42.825 -03:00 [INF] HTTP OPTIONS /api/clientes responded 204 in 33.4661 ms
2026-08-19 22:43:42.828 -03:00 [INF] HTTP OPTIONS /api/fornecedores responded 204 in 26.4905 ms
2026-08-19 22:43:42.838 -03:00 [INF] Request finished HTTP/2 OPTIONS https://localhost:7100/api/fornecedores - 204 null null 178.6919ms
2026-08-19 22:43:42.856 -03:00 [INF] Request starting HTTP/2 GET https://localhost:7100/api/fornecedores - application/json null
2026-08-19 22:43:42.872 -03:00 [INF] Request starting HTTP/2 GET https://localhost:7100/api/relatorios/pedidos-recebimento?pagina=1&tamanhoPagina=50 - application/json null
2026-08-19 22:43:42.917 -03:00 [INF] Request starting HTTP/2 GET https://localhost:7100/api/clientes - application/json null
2026-08-19 22:43:42.919 -03:00 [INF] Request finished HTTP/2 OPTIONS https://localhost:7100/api/relatorios/pedidos-recebimento?pagina=1&tamanhoPagina=50 - 204 null null 203.857ms
2026-08-19 22:43:42.938 -03:00 [INF] Request finished HTTP/2 OPTIONS https://localhost:7100/api/clientes - 204 null null 267.7073ms
2026-08-19 22:43:42.945 -03:00 [INF] Request finished HTTP/2 OPTIONS https://localhost:7100/api/fornecedores - 204 null null 246.3563ms
2026-08-19 22:43:42.967 -03:00 [INF] CORS policy execution successful.
2026-08-19 22:43:42.978 -03:00 [INF] CORS policy execution successful.
2026-08-19 22:43:42.987 -03:00 [INF] CORS policy execution successful.
2026-08-19 22:43:43.029 -03:00 [INF] Executing endpoint 'GestaoArmazem.API.Controllers.FornecedoresController.Listar (GestaoArmazem.API)'
2026-08-19 22:43:43.032 -03:00 [INF] Executing endpoint 'GestaoArmazem.API.Controllers.RelatoriosController.PedidosRecebimento (GestaoArmazem.API)'
2026-08-19 22:43:43.037 -03:00 [INF] Executing endpoint 'GestaoArmazem.API.Controllers.ClientesController.Listar (GestaoArmazem.API)'
2026-08-19 22:43:43.055 -03:00 [INF] Route matched with {action = "Listar", controller = "Fornecedores"}. Executing controller action with signature System.Threading.Tasks.Task`1[Microsoft.AspNetCore.Mvc.ActionResult`1[System.Collections.Generic.IEnumerable`1[GestaoArmazem.Application.DTOs.FornecedorDto]]] Listar() on controller GestaoArmazem.API.Controllers.FornecedoresController (GestaoArmazem.API).
2026-08-19 22:43:43.065 -03:00 [INF] Route matched with {action = "Listar", controller = "Clientes"}. Executing controller action with signature System.Threading.Tasks.Task`1[Microsoft.AspNetCore.Mvc.ActionResult`1[System.Collections.Generic.IEnumerable`1[GestaoArmazem.Application.DTOs.ClienteDto]]] Listar() on controller GestaoArmazem.API.Controllers.ClientesController (GestaoArmazem.API).
2026-08-19 22:43:43.065 -03:00 [INF] Route matched with {action = "PedidosRecebimento", controller = "Relatorios"}. Executing controller action with signature System.Threading.Tasks.Task`1[Microsoft.AspNetCore.Mvc.ActionResult`1[System.Collections.Generic.IEnumerable`1[GestaoArmazem.Application.DTOs.PedidoRecebimentoRelatorioDto]]] PedidosRecebimento(System.Nullable`1[System.Guid], System.String, System.Nullable`1[System.DateTime], System.Nullable`1[System.DateTime], Int32, Int32) on controller GestaoArmazem.API.Controllers.RelatoriosController (GestaoArmazem.API).
2026-08-19 22:43:43.088 -03:00 [INF] Executing OkObjectResult, writing value of type 'System.Linq.Enumerable+SelectListIterator`2[[GestaoArmazem.Domain.Entities.Fornecedor, GestaoArmazem.Domain, Version=1.0.0.0, Culture=neutral, PublicKeyToken=null],[GestaoArmazem.Application.DTOs.FornecedorDto, GestaoArmazem.Application, Version=1.0.0.0, Culture=neutral, PublicKeyToken=null]]'.
2026-08-19 22:43:43.101 -03:00 [INF] Executing OkObjectResult, writing value of type 'System.Linq.Enumerable+SelectListIterator`2[[GestaoArmazem.Domain.Entities.Cliente, GestaoArmazem.Domain, Version=1.0.0.0, Culture=neutral, PublicKeyToken=null],[GestaoArmazem.Application.DTOs.ClienteDto, GestaoArmazem.Application, Version=1.0.0.0, Culture=neutral, PublicKeyToken=null]]'.
2026-08-19 22:43:43.109 -03:00 [INF] Executed action GestaoArmazem.API.Controllers.FornecedoresController.Listar (GestaoArmazem.API) in 45.3473ms
2026-08-19 22:43:43.115 -03:00 [INF] Request starting HTTP/2 GET https://localhost:7100/api/fornecedores - application/json null
2026-08-19 22:43:43.121 -03:00 [INF] Executed endpoint 'GestaoArmazem.API.Controllers.FornecedoresController.Listar (GestaoArmazem.API)'
2026-08-19 22:43:43.121 -03:00 [INF] Executed action GestaoArmazem.API.Controllers.ClientesController.Listar (GestaoArmazem.API) in 43.258ms
2026-08-19 22:43:43.125 -03:00 [INF] Request starting HTTP/2 GET https://localhost:7100/api/clientes - application/json null
2026-08-19 22:43:43.132 -03:00 [INF] CORS policy execution successful.
2026-08-19 22:43:43.138 -03:00 [INF] HTTP GET /api/fornecedores responded 200 in 171.1222 ms
2026-08-19 22:43:43.144 -03:00 [INF] Executed endpoint 'GestaoArmazem.API.Controllers.ClientesController.Listar (GestaoArmazem.API)'
2026-08-19 22:43:43.155 -03:00 [INF] CORS policy execution successful.
2026-08-19 22:43:43.159 -03:00 [INF] Executing endpoint 'GestaoArmazem.API.Controllers.FornecedoresController.Listar (GestaoArmazem.API)'
2026-08-19 22:43:43.165 -03:00 [INF] Request finished HTTP/2 GET https://localhost:7100/api/fornecedores - 200 null application/json; charset=utf-8 316.549ms
2026-08-19 22:43:43.174 -03:00 [INF] Executing endpoint 'GestaoArmazem.API.Controllers.ClientesController.Listar (GestaoArmazem.API)'
2026-08-19 22:43:43.170 -03:00 [INF] HTTP GET /api/clientes responded 200 in 182.6475 ms
2026-08-19 22:43:43.564 -03:00 [INF] Route matched with {action = "Listar", controller = "Clientes"}. Executing controller action with signature System.Threading.Tasks.Task`1[Microsoft.AspNetCore.Mvc.ActionResult`1[System.Collections.Generic.IEnumerable`1[GestaoArmazem.Application.DTOs.ClienteDto]]] Listar() on controller GestaoArmazem.API.Controllers.ClientesController (GestaoArmazem.API).
2026-08-19 22:43:43.813 -03:00 [INF] Request finished HTTP/2 GET https://localhost:7100/api/clientes - 200 null application/json; charset=utf-8 895.9768ms
2026-08-19 22:43:44.231 -03:00 [INF] Executed action GestaoArmazem.API.Controllers.RelatoriosController.PedidosRecebimento (GestaoArmazem.API) in 1135.9509ms
2026-08-19 22:43:43.177 -03:00 [INF] Route matched with {action = "Listar", controller = "Fornecedores"}. Executing controller action with signature System.Threading.Tasks.Task`1[Microsoft.AspNetCore.Mvc.ActionResult`1[System.Collections.Generic.IEnumerable`1[GestaoArmazem.Application.DTOs.FornecedorDto]]] Listar() on controller GestaoArmazem.API.Controllers.FornecedoresController (GestaoArmazem.API).
2026-08-19 22:43:44.240 -03:00 [INF] Executing OkObjectResult, writing value of type 'System.Linq.Enumerable+SelectListIterator`2[[GestaoArmazem.Domain.Entities.Cliente, GestaoArmazem.Domain, Version=1.0.0.0, Culture=neutral, PublicKeyToken=null],[GestaoArmazem.Application.DTOs.ClienteDto, GestaoArmazem.Application, Version=1.0.0.0, Culture=neutral, PublicKeyToken=null]]'.
2026-08-19 22:43:44.448 -03:00 [INF] Executed endpoint 'GestaoArmazem.API.Controllers.RelatoriosController.PedidosRecebimento (GestaoArmazem.API)'
2026-08-19 22:43:44.461 -03:00 [INF] Executing OkObjectResult, writing value of type 'System.Linq.Enumerable+SelectListIterator`2[[GestaoArmazem.Domain.Entities.Fornecedor, GestaoArmazem.Domain, Version=1.0.0.0, Culture=neutral, PublicKeyToken=null],[GestaoArmazem.Application.DTOs.FornecedorDto, GestaoArmazem.Application, Version=1.0.0.0, Culture=neutral, PublicKeyToken=null]]'.
2026-08-19 22:43:44.463 -03:00 [INF] Executed action GestaoArmazem.API.Controllers.ClientesController.Listar (GestaoArmazem.API) in 275.5846ms
2026-08-19 22:43:44.679 -03:00 [INF] Executed action GestaoArmazem.API.Controllers.FornecedoresController.Listar (GestaoArmazem.API) in 230.0038ms
2026-08-19 22:43:44.811 -03:00 [ERR] HTTP GET /api/relatorios/pedidos-recebimento responded 500 in 1833.4782 ms
System.InvalidOperationException: A parameterless default constructor or one matching signature (System.Guid Id, System.Guid FornecedorId, System.String FornecedorNome, System.Byte Status, System.DateTime DataPrevista, System.DateTime DataRecebimento, System.Int32 QuantidadeItens) is required for GestaoArmazem.Domain.Interfaces.PedidoRecebimentoResumo materialization
   at Dapper.SqlMapper.GenerateDeserializerFromMap(Type type, DbDataReader reader, Int32 startBound, Int32 length, Boolean returnNullIfFirstMissing, ILGenerator il) in /_/Dapper/SqlMapper.cs:line 3473
   at Dapper.SqlMapper.GetTypeDeserializerImpl(Type type, DbDataReader reader, Int32 startBound, Int32 length, Boolean returnNullIfFirstMissing) in /_/Dapper/SqlMapper.cs:line 3304
   at Dapper.SqlMapper.TypeDeserializerCache.GetReader(DbDataReader reader, Int32 startBound, Int32 length, Boolean returnNullIfFirstMissing) in /_/Dapper/SqlMapper.TypeDeserializerCache.cs:line 151
   at Dapper.SqlMapper.TypeDeserializerCache.GetReader(Type type, DbDataReader reader, Int32 startBound, Int32 length, Boolean returnNullIfFirstMissing) in /_/Dapper/SqlMapper.TypeDeserializerCache.cs:line 50
   at Dapper.SqlMapper.GetTypeDeserializer(Type type, DbDataReader reader, Int32 startBound, Int32 length, Boolean returnNullIfFirstMissing) in /_/Dapper/SqlMapper.cs:line 3258
   at Dapper.SqlMapper.GetDeserializer(Type type, DbDataReader reader, Int32 startBound, Int32 length, Boolean returnNullIfFirstMissing) in /_/Dapper/SqlMapper.cs:line 1945
   at Dapper.SqlMapper.QueryAsync[T](IDbConnection cnn, Type effectiveType, CommandDefinition command) in /_/Dapper/SqlMapper.Async.cs:line 442
   at GestaoArmazem.Application.Services.RelatorioService.ListarPedidosRecebimentoAsync(Nullable`1 fornecedorId, String status, Nullable`1 dataInicio, Nullable`1 dataFim, Int32 pagina, Int32 tamanhoPagina) in C:\Users\Geraldo Luiz\Desktop\Projetos Pessoais\GestaoArmazem\GestaoArmazem\src\GestaoArmazem.Application\Services\RelatorioService.cs:line 45
   at GestaoArmazem.API.Controllers.RelatoriosController.PedidosRecebimento(Nullable`1 fornecedorId, String status, Nullable`1 dataInicio, Nullable`1 dataFim, Int32 pagina, Int32 tamanhoPagina) in C:\Users\Geraldo Luiz\Desktop\Projetos Pessoais\GestaoArmazem\GestaoArmazem\src\GestaoArmazem.API\Controllers\RelatoriosController.cs:line 52
   at lambda_method83(Closure, Object)
   at Microsoft.AspNetCore.Mvc.Infrastructure.ActionMethodExecutor.AwaitableObjectResultExecutor.Execute(ActionContext actionContext, IActionResultTypeMapper mapper, ObjectMethodExecutor executor, Object controller, Object[] arguments)
   at Microsoft.AspNetCore.Mvc.Infrastructure.ControllerActionInvoker.<InvokeActionMethodAsync>g__Awaited|12_0(ControllerActionInvoker invoker, ValueTask`1 actionResultValueTask)
   at Microsoft.AspNetCore.Mvc.Infrastructure.ControllerActionInvoker.<InvokeNextActionFilterAsync>g__Awaited|10_0(ControllerActionInvoker invoker, Task lastTask, State next, Scope scope, Object state, Boolean isCompleted)
   at Microsoft.AspNetCore.Mvc.Infrastructure.ControllerActionInvoker.Rethrow(ActionExecutedContextSealed context)
   at Microsoft.AspNetCore.Mvc.Infrastructure.ControllerActionInvoker.Next(State& next, Scope& scope, Object& state, Boolean& isCompleted)
   at Microsoft.AspNetCore.Mvc.Infrastructure.ControllerActionInvoker.<InvokeInnerFilterAsync>g__Awaited|13_0(ControllerActionInvoker invoker, Task lastTask, State next, Scope scope, Object state, Boolean isCompleted)
   at Microsoft.AspNetCore.Mvc.Infrastructure.ResourceInvoker.<InvokeFilterPipelineAsync>g__Awaited|20_0(ResourceInvoker invoker, Task lastTask, State next, Scope scope, Object state, Boolean isCompleted)
   at Microsoft.AspNetCore.Mvc.Infrastructure.ResourceInvoker.<InvokeAsync>g__Logged|17_1(ResourceInvoker invoker)
   at Microsoft.AspNetCore.Mvc.Infrastructure.ResourceInvoker.<InvokeAsync>g__Logged|17_1(ResourceInvoker invoker)
   at Microsoft.AspNetCore.Routing.EndpointMiddleware.<Invoke>g__AwaitRequestTask|7_0(Endpoint endpoint, Task requestTask, ILogger logger)
   at Microsoft.AspNetCore.Authorization.AuthorizationMiddleware.Invoke(HttpContext context)
   at Microsoft.AspNetCore.Authentication.AuthenticationMiddleware.Invoke(HttpContext context)
   at Serilog.AspNetCore.RequestLoggingMiddleware.Invoke(HttpContext httpContext)
2026-08-19 22:43:44.822 -03:00 [INF] Executed endpoint 'GestaoArmazem.API.Controllers.FornecedoresController.Listar (GestaoArmazem.API)'
2026-08-19 22:43:44.814 -03:00 [INF] Executed endpoint 'GestaoArmazem.API.Controllers.ClientesController.Listar (GestaoArmazem.API)'
2026-08-19 22:43:44.954 -03:00 [INF] HTTP GET /api/fornecedores responded 200 in 1821.2162 ms
2026-08-19 22:43:45.173 -03:00 [INF] HTTP GET /api/clientes responded 200 in 2017.9894 ms
2026-08-19 22:43:45.269 -03:00 [INF] Request finished HTTP/2 GET https://localhost:7100/api/relatorios/pedidos-recebimento?pagina=1&tamanhoPagina=50 - 409 null application/json 2397.6217ms
2026-08-19 22:43:45.271 -03:00 [INF] Request finished HTTP/2 GET https://localhost:7100/api/fornecedores - 200 null application/json; charset=utf-8 2157.6926ms
2026-08-19 22:43:45.276 -03:00 [INF] Request starting HTTP/2 GET https://localhost:7100/api/relatorios/pedidos-recebimento?pagina=1&tamanhoPagina=50 - application/json null
2026-08-19 22:43:45.284 -03:00 [INF] Request finished HTTP/2 GET https://localhost:7100/api/clientes - 200 null application/json; charset=utf-8 2158.8984ms
2026-08-19 22:43:45.335 -03:00 [INF] CORS policy execution successful.
2026-08-19 22:43:45.355 -03:00 [INF] Executing endpoint 'GestaoArmazem.API.Controllers.RelatoriosController.PedidosRecebimento (GestaoArmazem.API)'
2026-08-19 22:43:45.361 -03:00 [INF] Route matched with {action = "PedidosRecebimento", controller = "Relatorios"}. Executing controller action with signature System.Threading.Tasks.Task`1[Microsoft.AspNetCore.Mvc.ActionResult`1[System.Collections.Generic.IEnumerable`1[GestaoArmazem.Application.DTOs.PedidoRecebimentoRelatorioDto]]] PedidosRecebimento(System.Nullable`1[System.Guid], System.String, System.Nullable`1[System.DateTime], System.Nullable`1[System.DateTime], Int32, Int32) on controller GestaoArmazem.API.Controllers.RelatoriosController (GestaoArmazem.API).
2026-08-19 22:43:46.289 -03:00 [INF] Executed action GestaoArmazem.API.Controllers.RelatoriosController.PedidosRecebimento (GestaoArmazem.API) in 918.9432ms
2026-08-19 22:43:46.473 -03:00 [INF] Executed endpoint 'GestaoArmazem.API.Controllers.RelatoriosController.PedidosRecebimento (GestaoArmazem.API)'
2026-08-19 22:43:46.774 -03:00 [ERR] HTTP GET /api/relatorios/pedidos-recebimento responded 500 in 1438.6145 ms
System.InvalidOperationException: A parameterless default constructor or one matching signature (System.Guid Id, System.Guid FornecedorId, System.String FornecedorNome, System.Byte Status, System.DateTime DataPrevista, System.DateTime DataRecebimento, System.Int32 QuantidadeItens) is required for GestaoArmazem.Domain.Interfaces.PedidoRecebimentoResumo materialization
   at Dapper.SqlMapper.GenerateDeserializerFromMap(Type type, DbDataReader reader, Int32 startBound, Int32 length, Boolean returnNullIfFirstMissing, ILGenerator il) in /_/Dapper/SqlMapper.cs:line 3473
   at Dapper.SqlMapper.GetTypeDeserializerImpl(Type type, DbDataReader reader, Int32 startBound, Int32 length, Boolean returnNullIfFirstMissing) in /_/Dapper/SqlMapper.cs:line 3304
   at Dapper.SqlMapper.TypeDeserializerCache.GetReader(DbDataReader reader, Int32 startBound, Int32 length, Boolean returnNullIfFirstMissing) in /_/Dapper/SqlMapper.TypeDeserializerCache.cs:line 151
   at Dapper.SqlMapper.TypeDeserializerCache.GetReader(Type type, DbDataReader reader, Int32 startBound, Int32 length, Boolean returnNullIfFirstMissing) in /_/Dapper/SqlMapper.TypeDeserializerCache.cs:line 50
   at Dapper.SqlMapper.GetTypeDeserializer(Type type, DbDataReader reader, Int32 startBound, Int32 length, Boolean returnNullIfFirstMissing) in /_/Dapper/SqlMapper.cs:line 3258
   at Dapper.SqlMapper.GetDeserializer(Type type, DbDataReader reader, Int32 startBound, Int32 length, Boolean returnNullIfFirstMissing) in /_/Dapper/SqlMapper.cs:line 1945
   at Dapper.SqlMapper.QueryAsync[T](IDbConnection cnn, Type effectiveType, CommandDefinition command) in /_/Dapper/SqlMapper.Async.cs:line 442
   at GestaoArmazem.Application.Services.RelatorioService.ListarPedidosRecebimentoAsync(Nullable`1 fornecedorId, String status, Nullable`1 dataInicio, Nullable`1 dataFim, Int32 pagina, Int32 tamanhoPagina) in C:\Users\Geraldo Luiz\Desktop\Projetos Pessoais\GestaoArmazem\GestaoArmazem\src\GestaoArmazem.Application\Services\RelatorioService.cs:line 45
   at GestaoArmazem.API.Controllers.RelatoriosController.PedidosRecebimento(Nullable`1 fornecedorId, String status, Nullable`1 dataInicio, Nullable`1 dataFim, Int32 pagina, Int32 tamanhoPagina) in C:\Users\Geraldo Luiz\Desktop\Projetos Pessoais\GestaoArmazem\GestaoArmazem\src\GestaoArmazem.API\Controllers\RelatoriosController.cs:line 52
   at lambda_method83(Closure, Object)
   at Microsoft.AspNetCore.Mvc.Infrastructure.ActionMethodExecutor.AwaitableObjectResultExecutor.Execute(ActionContext actionContext, IActionResultTypeMapper mapper, ObjectMethodExecutor executor, Object controller, Object[] arguments)
   at Microsoft.AspNetCore.Mvc.Infrastructure.ControllerActionInvoker.<InvokeActionMethodAsync>g__Awaited|12_0(ControllerActionInvoker invoker, ValueTask`1 actionResultValueTask)
   at Microsoft.AspNetCore.Mvc.Infrastructure.ControllerActionInvoker.<InvokeNextActionFilterAsync>g__Awaited|10_0(ControllerActionInvoker invoker, Task lastTask, State next, Scope scope, Object state, Boolean isCompleted)
   at Microsoft.AspNetCore.Mvc.Infrastructure.ControllerActionInvoker.Rethrow(ActionExecutedContextSealed context)
   at Microsoft.AspNetCore.Mvc.Infrastructure.ControllerActionInvoker.Next(State& next, Scope& scope, Object& state, Boolean& isCompleted)
   at Microsoft.AspNetCore.Mvc.Infrastructure.ControllerActionInvoker.<InvokeInnerFilterAsync>g__Awaited|13_0(ControllerActionInvoker invoker, Task lastTask, State next, Scope scope, Object state, Boolean isCompleted)
   at Microsoft.AspNetCore.Mvc.Infrastructure.ResourceInvoker.<InvokeFilterPipelineAsync>g__Awaited|20_0(ResourceInvoker invoker, Task lastTask, State next, Scope scope, Object state, Boolean isCompleted)
   at Microsoft.AspNetCore.Mvc.Infrastructure.ResourceInvoker.<InvokeAsync>g__Logged|17_1(ResourceInvoker invoker)
   at Microsoft.AspNetCore.Mvc.Infrastructure.ResourceInvoker.<InvokeAsync>g__Logged|17_1(ResourceInvoker invoker)
   at Microsoft.AspNetCore.Routing.EndpointMiddleware.<Invoke>g__AwaitRequestTask|7_0(Endpoint endpoint, Task requestTask, ILogger logger)
   at Microsoft.AspNetCore.Authorization.AuthorizationMiddleware.Invoke(HttpContext context)
   at Microsoft.AspNetCore.Authentication.AuthenticationMiddleware.Invoke(HttpContext context)
   at Serilog.AspNetCore.RequestLoggingMiddleware.Invoke(HttpContext httpContext)
2026-08-19 22:43:47.052 -03:00 [INF] Request finished HTTP/2 GET https://localhost:7100/api/relatorios/pedidos-recebimento?pagina=1&tamanhoPagina=50 - 409 null application/json 1778.0781ms
2026-08-19 22:43:50.267 -03:00 [INF] Request starting HTTP/2 OPTIONS https://localhost:7100/api/relatorios/pedidos-recebimento?pagina=1&tamanhoPagina=50 - null null
2026-08-19 22:43:50.294 -03:00 [INF] CORS policy execution successful.
2026-08-19 22:43:50.300 -03:00 [INF] HTTP OPTIONS /api/relatorios/pedidos-recebimento responded 204 in 6.3715 ms
2026-08-19 22:43:50.316 -03:00 [INF] Request finished HTTP/2 OPTIONS https://localhost:7100/api/relatorios/pedidos-recebimento?pagina=1&tamanhoPagina=50 - 204 null null 49.1052ms
2026-08-19 22:43:50.327 -03:00 [INF] Request starting HTTP/2 GET https://localhost:7100/api/relatorios/pedidos-recebimento?pagina=1&tamanhoPagina=50 - application/json null
2026-08-19 22:43:50.365 -03:00 [INF] CORS policy execution successful.
2026-08-19 22:43:50.372 -03:00 [INF] Executing endpoint 'GestaoArmazem.API.Controllers.RelatoriosController.PedidosRecebimento (GestaoArmazem.API)'
2026-08-19 22:43:50.380 -03:00 [INF] Route matched with {action = "PedidosRecebimento", controller = "Relatorios"}. Executing controller action with signature System.Threading.Tasks.Task`1[Microsoft.AspNetCore.Mvc.ActionResult`1[System.Collections.Generic.IEnumerable`1[GestaoArmazem.Application.DTOs.PedidoRecebimentoRelatorioDto]]] PedidosRecebimento(System.Nullable`1[System.Guid], System.String, System.Nullable`1[System.DateTime], System.Nullable`1[System.DateTime], Int32, Int32) on controller GestaoArmazem.API.Controllers.RelatoriosController (GestaoArmazem.API).
2026-08-19 22:43:51.621 -03:00 [INF] Executed action GestaoArmazem.API.Controllers.RelatoriosController.PedidosRecebimento (GestaoArmazem.API) in 1226.0491ms
2026-08-19 22:43:51.805 -03:00 [INF] Executed endpoint 'GestaoArmazem.API.Controllers.RelatoriosController.PedidosRecebimento (GestaoArmazem.API)'
2026-08-19 22:43:52.099 -03:00 [ERR] HTTP GET /api/relatorios/pedidos-recebimento responded 500 in 1734.5989 ms
System.InvalidOperationException: A parameterless default constructor or one matching signature (System.Guid Id, System.Guid FornecedorId, System.String FornecedorNome, System.Byte Status, System.DateTime DataPrevista, System.DateTime DataRecebimento, System.Int32 QuantidadeItens) is required for GestaoArmazem.Domain.Interfaces.PedidoRecebimentoResumo materialization
   at Dapper.SqlMapper.GenerateDeserializerFromMap(Type type, DbDataReader reader, Int32 startBound, Int32 length, Boolean returnNullIfFirstMissing, ILGenerator il) in /_/Dapper/SqlMapper.cs:line 3473
   at Dapper.SqlMapper.GetTypeDeserializerImpl(Type type, DbDataReader reader, Int32 startBound, Int32 length, Boolean returnNullIfFirstMissing) in /_/Dapper/SqlMapper.cs:line 3304
   at Dapper.SqlMapper.TypeDeserializerCache.GetReader(DbDataReader reader, Int32 startBound, Int32 length, Boolean returnNullIfFirstMissing) in /_/Dapper/SqlMapper.TypeDeserializerCache.cs:line 151
   at Dapper.SqlMapper.TypeDeserializerCache.GetReader(Type type, DbDataReader reader, Int32 startBound, Int32 length, Boolean returnNullIfFirstMissing) in /_/Dapper/SqlMapper.TypeDeserializerCache.cs:line 50
   at Dapper.SqlMapper.GetTypeDeserializer(Type type, DbDataReader reader, Int32 startBound, Int32 length, Boolean returnNullIfFirstMissing) in /_/Dapper/SqlMapper.cs:line 3258
   at Dapper.SqlMapper.GetDeserializer(Type type, DbDataReader reader, Int32 startBound, Int32 length, Boolean returnNullIfFirstMissing) in /_/Dapper/SqlMapper.cs:line 1945
   at Dapper.SqlMapper.QueryAsync[T](IDbConnection cnn, Type effectiveType, CommandDefinition command) in /_/Dapper/SqlMapper.Async.cs:line 442
   at GestaoArmazem.Application.Services.RelatorioService.ListarPedidosRecebimentoAsync(Nullable`1 fornecedorId, String status, Nullable`1 dataInicio, Nullable`1 dataFim, Int32 pagina, Int32 tamanhoPagina) in C:\Users\Geraldo Luiz\Desktop\Projetos Pessoais\GestaoArmazem\GestaoArmazem\src\GestaoArmazem.Application\Services\RelatorioService.cs:line 45
   at GestaoArmazem.API.Controllers.RelatoriosController.PedidosRecebimento(Nullable`1 fornecedorId, String status, Nullable`1 dataInicio, Nullable`1 dataFim, Int32 pagina, Int32 tamanhoPagina) in C:\Users\Geraldo Luiz\Desktop\Projetos Pessoais\GestaoArmazem\GestaoArmazem\src\GestaoArmazem.API\Controllers\RelatoriosController.cs:line 52
   at lambda_method83(Closure, Object)
   at Microsoft.AspNetCore.Mvc.Infrastructure.ActionMethodExecutor.AwaitableObjectResultExecutor.Execute(ActionContext actionContext, IActionResultTypeMapper mapper, ObjectMethodExecutor executor, Object controller, Object[] arguments)
   at Microsoft.AspNetCore.Mvc.Infrastructure.ControllerActionInvoker.<InvokeActionMethodAsync>g__Awaited|12_0(ControllerActionInvoker invoker, ValueTask`1 actionResultValueTask)
   at Microsoft.AspNetCore.Mvc.Infrastructure.ControllerActionInvoker.<InvokeNextActionFilterAsync>g__Awaited|10_0(ControllerActionInvoker invoker, Task lastTask, State next, Scope scope, Object state, Boolean isCompleted)
   at Microsoft.AspNetCore.Mvc.Infrastructure.ControllerActionInvoker.Rethrow(ActionExecutedContextSealed context)
   at Microsoft.AspNetCore.Mvc.Infrastructure.ControllerActionInvoker.Next(State& next, Scope& scope, Object& state, Boolean& isCompleted)
   at Microsoft.AspNetCore.Mvc.Infrastructure.ControllerActionInvoker.<InvokeInnerFilterAsync>g__Awaited|13_0(ControllerActionInvoker invoker, Task lastTask, State next, Scope scope, Object state, Boolean isCompleted)
   at Microsoft.AspNetCore.Mvc.Infrastructure.ResourceInvoker.<InvokeFilterPipelineAsync>g__Awaited|20_0(ResourceInvoker invoker, Task lastTask, State next, Scope scope, Object state, Boolean isCompleted)
   at Microsoft.AspNetCore.Mvc.Infrastructure.ResourceInvoker.<InvokeAsync>g__Logged|17_1(ResourceInvoker invoker)
   at Microsoft.AspNetCore.Mvc.Infrastructure.ResourceInvoker.<InvokeAsync>g__Logged|17_1(ResourceInvoker invoker)
   at Microsoft.AspNetCore.Routing.EndpointMiddleware.<Invoke>g__AwaitRequestTask|7_0(Endpoint endpoint, Task requestTask, ILogger logger)
   at Microsoft.AspNetCore.Authorization.AuthorizationMiddleware.Invoke(HttpContext context)
   at Microsoft.AspNetCore.Authentication.AuthenticationMiddleware.Invoke(HttpContext context)
   at Serilog.AspNetCore.RequestLoggingMiddleware.Invoke(HttpContext httpContext)
2026-08-19 22:43:52.348 -03:00 [INF] Request finished HTTP/2 GET https://localhost:7100/api/relatorios/pedidos-recebimento?pagina=1&tamanhoPagina=50 - 409 null application/json 2023.111ms
2026-08-19 22:45:33.969 -03:00 [INF] Request starting HTTP/2 OPTIONS https://localhost:7100/api/pedidos-expedicao?pagina=1&tamanhoPagina=21 - null null
2026-08-19 22:45:33.992 -03:00 [INF] Request starting HTTP/2 OPTIONS https://localhost:7100/api/clientes - null null
2026-08-19 22:45:33.997 -03:00 [INF] Request starting HTTP/2 OPTIONS https://localhost:7100/api/clientes - null null
2026-08-19 22:45:34.016 -03:00 [INF] CORS policy execution successful.
2026-08-19 22:45:34.036 -03:00 [INF] CORS policy execution successful.
2026-08-19 22:45:34.004 -03:00 [INF] CORS policy execution successful.
2026-08-19 22:45:33.992 -03:00 [INF] Request starting HTTP/2 OPTIONS https://localhost:7100/api/pedidos-expedicao?pagina=1&tamanhoPagina=21 - null null
2026-08-19 22:45:34.063 -03:00 [INF] HTTP OPTIONS /api/clientes responded 204 in 46.8992 ms
2026-08-19 22:45:34.067 -03:00 [INF] HTTP OPTIONS /api/clientes responded 204 in 31.3248 ms
2026-08-19 22:45:34.093 -03:00 [INF] Request finished HTTP/2 OPTIONS https://localhost:7100/api/clientes - 204 null null 101.8964ms
2026-08-19 22:45:34.109 -03:00 [INF] Request finished HTTP/2 OPTIONS https://localhost:7100/api/clientes - 204 null null 111.6797ms
2026-08-19 22:45:34.070 -03:00 [INF] HTTP OPTIONS /api/pedidos-expedicao responded 204 in 66.7525 ms
2026-08-19 22:45:34.083 -03:00 [INF] CORS policy execution successful.
2026-08-19 22:45:34.111 -03:00 [INF] Request starting HTTP/2 GET https://localhost:7100/api/clientes - application/json null
2026-08-19 22:45:34.160 -03:00 [INF] Request finished HTTP/2 OPTIONS https://localhost:7100/api/pedidos-expedicao?pagina=1&tamanhoPagina=21 - 204 null null 192.7083ms
2026-08-19 22:45:34.162 -03:00 [INF] HTTP OPTIONS /api/pedidos-expedicao responded 204 in 78.9142 ms
2026-08-19 22:45:34.166 -03:00 [INF] Request starting HTTP/2 GET https://localhost:7100/api/pedidos-expedicao?pagina=1&tamanhoPagina=21 - application/json null
2026-08-19 22:45:34.175 -03:00 [INF] CORS policy execution successful.
2026-08-19 22:45:34.197 -03:00 [INF] Request finished HTTP/2 OPTIONS https://localhost:7100/api/pedidos-expedicao?pagina=1&tamanhoPagina=21 - 204 null null 204.4281ms
2026-08-19 22:45:34.210 -03:00 [INF] CORS policy execution successful.
2026-08-19 22:45:34.213 -03:00 [INF] Executing endpoint 'GestaoArmazem.API.Controllers.ClientesController.Listar (GestaoArmazem.API)'
2026-08-19 22:45:34.229 -03:00 [INF] Executing endpoint 'GestaoArmazem.API.Controllers.PedidosExpedicaoController.Listar (GestaoArmazem.API)'
2026-08-19 22:45:34.233 -03:00 [INF] Route matched with {action = "Listar", controller = "Clientes"}. Executing controller action with signature System.Threading.Tasks.Task`1[Microsoft.AspNetCore.Mvc.ActionResult`1[System.Collections.Generic.IEnumerable`1[GestaoArmazem.Application.DTOs.ClienteDto]]] Listar() on controller GestaoArmazem.API.Controllers.ClientesController (GestaoArmazem.API).
2026-08-19 22:45:34.237 -03:00 [INF] Route matched with {action = "Listar", controller = "PedidosExpedicao"}. Executing controller action with signature System.Threading.Tasks.Task`1[Microsoft.AspNetCore.Mvc.ActionResult`1[System.Collections.Generic.IEnumerable`1[GestaoArmazem.Application.DTOs.PedidoExpedicaoDto]]] Listar(Int32, Int32) on controller GestaoArmazem.API.Controllers.PedidosExpedicaoController (GestaoArmazem.API).
2026-08-19 22:45:34.254 -03:00 [INF] Executing OkObjectResult, writing value of type 'System.Linq.Enumerable+SelectListIterator`2[[GestaoArmazem.Domain.Entities.Cliente, GestaoArmazem.Domain, Version=1.0.0.0, Culture=neutral, PublicKeyToken=null],[GestaoArmazem.Application.DTOs.ClienteDto, GestaoArmazem.Application, Version=1.0.0.0, Culture=neutral, PublicKeyToken=null]]'.
2026-08-19 22:45:34.267 -03:00 [INF] Executed action GestaoArmazem.API.Controllers.ClientesController.Listar (GestaoArmazem.API) in 23.3834ms
2026-08-19 22:45:34.277 -03:00 [INF] Request starting HTTP/2 GET https://localhost:7100/api/clientes - application/json null
2026-08-19 22:45:34.294 -03:00 [INF] Executing OkObjectResult, writing value of type 'System.Collections.Generic.List`1[[GestaoArmazem.Application.DTOs.PedidoExpedicaoDto, GestaoArmazem.Application, Version=1.0.0.0, Culture=neutral, PublicKeyToken=null]]'.
2026-08-19 22:45:34.296 -03:00 [INF] Executed endpoint 'GestaoArmazem.API.Controllers.ClientesController.Listar (GestaoArmazem.API)'
2026-08-19 22:45:34.305 -03:00 [INF] CORS policy execution successful.
2026-08-19 22:45:34.311 -03:00 [INF] Executed action GestaoArmazem.API.Controllers.PedidosExpedicaoController.Listar (GestaoArmazem.API) in 50.712ms
2026-08-19 22:45:34.314 -03:00 [INF] HTTP GET /api/clientes responded 200 in 138.9224 ms
2026-08-19 22:45:34.317 -03:00 [INF] Executing endpoint 'GestaoArmazem.API.Controllers.ClientesController.Listar (GestaoArmazem.API)'
2026-08-19 22:45:34.322 -03:00 [INF] Executed endpoint 'GestaoArmazem.API.Controllers.PedidosExpedicaoController.Listar (GestaoArmazem.API)'
2026-08-19 22:45:34.329 -03:00 [INF] Request finished HTTP/2 GET https://localhost:7100/api/clientes - 200 null application/json; charset=utf-8 217.9628ms
2026-08-19 22:45:34.334 -03:00 [INF] Request starting HTTP/2 GET https://localhost:7100/api/pedidos-expedicao?pagina=1&tamanhoPagina=21 - application/json null
2026-08-19 22:45:34.335 -03:00 [INF] Route matched with {action = "Listar", controller = "Clientes"}. Executing controller action with signature System.Threading.Tasks.Task`1[Microsoft.AspNetCore.Mvc.ActionResult`1[System.Collections.Generic.IEnumerable`1[GestaoArmazem.Application.DTOs.ClienteDto]]] Listar() on controller GestaoArmazem.API.Controllers.ClientesController (GestaoArmazem.API).
2026-08-19 22:45:34.344 -03:00 [INF] HTTP GET /api/pedidos-expedicao responded 200 in 134.0776 ms
2026-08-19 22:45:34.386 -03:00 [INF] CORS policy execution successful.
2026-08-19 22:45:34.423 -03:00 [INF] Executing OkObjectResult, writing value of type 'System.Linq.Enumerable+SelectListIterator`2[[GestaoArmazem.Domain.Entities.Cliente, GestaoArmazem.Domain, Version=1.0.0.0, Culture=neutral, PublicKeyToken=null],[GestaoArmazem.Application.DTOs.ClienteDto, GestaoArmazem.Application, Version=1.0.0.0, Culture=neutral, PublicKeyToken=null]]'.
2026-08-19 22:45:34.430 -03:00 [INF] Request finished HTTP/2 GET https://localhost:7100/api/pedidos-expedicao?pagina=1&tamanhoPagina=21 - 200 null application/json; charset=utf-8 265.259ms
2026-08-19 22:45:34.435 -03:00 [INF] Executing endpoint 'GestaoArmazem.API.Controllers.PedidosExpedicaoController.Listar (GestaoArmazem.API)'
2026-08-19 22:45:34.453 -03:00 [INF] Executed action GestaoArmazem.API.Controllers.ClientesController.Listar (GestaoArmazem.API) in 40.1275ms
2026-08-19 22:45:34.477 -03:00 [INF] Route matched with {action = "Listar", controller = "PedidosExpedicao"}. Executing controller action with signature System.Threading.Tasks.Task`1[Microsoft.AspNetCore.Mvc.ActionResult`1[System.Collections.Generic.IEnumerable`1[GestaoArmazem.Application.DTOs.PedidoExpedicaoDto]]] Listar(Int32, Int32) on controller GestaoArmazem.API.Controllers.PedidosExpedicaoController (GestaoArmazem.API).
2026-08-19 22:45:34.483 -03:00 [INF] Executed endpoint 'GestaoArmazem.API.Controllers.ClientesController.Listar (GestaoArmazem.API)'
2026-08-19 22:45:34.498 -03:00 [INF] HTTP GET /api/clientes responded 200 in 192.9451 ms
2026-08-19 22:45:34.510 -03:00 [INF] Executing OkObjectResult, writing value of type 'System.Collections.Generic.List`1[[GestaoArmazem.Application.DTOs.PedidoExpedicaoDto, GestaoArmazem.Application, Version=1.0.0.0, Culture=neutral, PublicKeyToken=null]]'.
2026-08-19 22:45:34.513 -03:00 [INF] Request finished HTTP/2 GET https://localhost:7100/api/clientes - 200 null application/json; charset=utf-8 236.4947ms
2026-08-19 22:45:34.519 -03:00 [INF] Executed action GestaoArmazem.API.Controllers.PedidosExpedicaoController.Listar (GestaoArmazem.API) in 27.4312ms
2026-08-19 22:45:34.542 -03:00 [INF] Executed endpoint 'GestaoArmazem.API.Controllers.PedidosExpedicaoController.Listar (GestaoArmazem.API)'
2026-08-19 22:45:34.547 -03:00 [INF] HTTP GET /api/pedidos-expedicao responded 200 in 160.5950 ms
2026-08-19 22:45:34.556 -03:00 [INF] Request finished HTTP/2 GET https://localhost:7100/api/pedidos-expedicao?pagina=1&tamanhoPagina=21 - 200 null application/json; charset=utf-8 221.4848ms
2026-08-19 22:45:37.428 -03:00 [INF] Request starting HTTP/2 OPTIONS https://localhost:7100/api/pedidos-recebimento?pagina=1&tamanhoPagina=20 - null null
2026-08-19 22:45:37.434 -03:00 [INF] Request starting HTTP/2 OPTIONS https://localhost:7100/api/pedidos-recebimento?pagina=1&tamanhoPagina=20 - null null
2026-08-19 22:45:37.428 -03:00 [INF] Request starting HTTP/2 OPTIONS https://localhost:7100/api/produtos?pagina=1&tamanhoPagina=20 - null null
2026-08-19 22:45:37.434 -03:00 [INF] Request starting HTTP/2 OPTIONS https://localhost:7100/api/pedidos-expedicao?pagina=1&tamanhoPagina=20 - null null
2026-08-19 22:45:37.430 -03:00 [INF] Request starting HTTP/2 OPTIONS https://localhost:7100/api/pedidos-expedicao?pagina=1&tamanhoPagina=20 - null null
2026-08-19 22:45:37.431 -03:00 [INF] Request starting HTTP/2 OPTIONS https://localhost:7100/api/produtos?pagina=1&tamanhoPagina=20 - null null
2026-08-19 22:45:37.484 -03:00 [INF] CORS policy execution successful.
2026-08-19 22:45:37.496 -03:00 [INF] CORS policy execution successful.
2026-08-19 22:45:37.510 -03:00 [INF] CORS policy execution successful.
2026-08-19 22:45:37.525 -03:00 [INF] CORS policy execution successful.
2026-08-19 22:45:37.540 -03:00 [INF] CORS policy execution successful.
2026-08-19 22:45:37.550 -03:00 [INF] CORS policy execution successful.
2026-08-19 22:45:37.553 -03:00 [INF] HTTP OPTIONS /api/pedidos-recebimento responded 204 in 69.0343 ms
2026-08-19 22:45:37.557 -03:00 [INF] HTTP OPTIONS /api/pedidos-recebimento responded 204 in 61.1931 ms
2026-08-19 22:45:37.561 -03:00 [INF] HTTP OPTIONS /api/produtos responded 204 in 50.5464 ms
2026-08-19 22:45:37.564 -03:00 [INF] HTTP OPTIONS /api/pedidos-expedicao responded 204 in 38.8082 ms
2026-08-19 22:45:37.600 -03:00 [INF] Request finished HTTP/2 OPTIONS https://localhost:7100/api/pedidos-recebimento?pagina=1&tamanhoPagina=20 - 204 null null 165.841ms
2026-08-19 22:45:37.610 -03:00 [INF] Request finished HTTP/2 OPTIONS https://localhost:7100/api/produtos?pagina=1&tamanhoPagina=20 - 204 null null 182.5029ms
2026-08-19 22:45:37.618 -03:00 [INF] Request finished HTTP/2 OPTIONS https://localhost:7100/api/pedidos-expedicao?pagina=1&tamanhoPagina=20 - 204 null null 183.8124ms
2026-08-19 22:45:37.597 -03:00 [INF] Request starting HTTP/2 GET https://localhost:7100/api/pedidos-recebimento?pagina=1&tamanhoPagina=20 - application/json null
2026-08-19 22:45:37.590 -03:00 [INF] Request finished HTTP/2 OPTIONS https://localhost:7100/api/pedidos-recebimento?pagina=1&tamanhoPagina=20 - 204 null null 162.6141ms
2026-08-19 22:45:37.575 -03:00 [INF] HTTP OPTIONS /api/pedidos-expedicao responded 204 in 34.9629 ms
2026-08-19 22:45:37.577 -03:00 [INF] HTTP OPTIONS /api/produtos responded 204 in 27.7060 ms
2026-08-19 22:45:37.616 -03:00 [INF] Request starting HTTP/2 GET https://localhost:7100/api/produtos?pagina=1&tamanhoPagina=20 - application/json null
2026-08-19 22:45:37.635 -03:00 [INF] Request starting HTTP/2 GET https://localhost:7100/api/pedidos-expedicao?pagina=1&tamanhoPagina=20 - application/json null
2026-08-19 22:45:37.667 -03:00 [INF] CORS policy execution successful.
2026-08-19 22:45:37.683 -03:00 [INF] Request finished HTTP/2 OPTIONS https://localhost:7100/api/pedidos-expedicao?pagina=1&tamanhoPagina=20 - 204 null null 254.9645ms
2026-08-19 22:45:37.689 -03:00 [INF] Request finished HTTP/2 OPTIONS https://localhost:7100/api/produtos?pagina=1&tamanhoPagina=20 - 204 null null 258.9085ms
2026-08-19 22:45:37.699 -03:00 [INF] CORS policy execution successful.
2026-08-19 22:45:37.710 -03:00 [INF] CORS policy execution successful.
2026-08-19 22:45:37.715 -03:00 [INF] Executing endpoint 'GestaoArmazem.API.Controllers.PedidosRecebimentoController.Listar (GestaoArmazem.API)'
2026-08-19 22:45:37.742 -03:00 [INF] Executing endpoint 'GestaoArmazem.API.Controllers.ProdutosController.Listar (GestaoArmazem.API)'
2026-08-19 22:45:37.744 -03:00 [INF] Executing endpoint 'GestaoArmazem.API.Controllers.PedidosExpedicaoController.Listar (GestaoArmazem.API)'
2026-08-19 22:45:37.749 -03:00 [INF] Route matched with {action = "Listar", controller = "PedidosRecebimento"}. Executing controller action with signature System.Threading.Tasks.Task`1[Microsoft.AspNetCore.Mvc.ActionResult`1[System.Collections.Generic.IEnumerable`1[GestaoArmazem.Application.DTOs.PedidoRecebimentoDto]]] Listar(Int32, Int32) on controller GestaoArmazem.API.Controllers.PedidosRecebimentoController (GestaoArmazem.API).
2026-08-19 22:45:37.753 -03:00 [INF] Route matched with {action = "Listar", controller = "Produtos"}. Executing controller action with signature System.Threading.Tasks.Task`1[Microsoft.AspNetCore.Mvc.ActionResult`1[System.Collections.Generic.IEnumerable`1[GestaoArmazem.Application.DTOs.ProdutoDto]]] Listar(Int32, Int32) on controller GestaoArmazem.API.Controllers.ProdutosController (GestaoArmazem.API).
2026-08-19 22:45:37.758 -03:00 [INF] Route matched with {action = "Listar", controller = "PedidosExpedicao"}. Executing controller action with signature System.Threading.Tasks.Task`1[Microsoft.AspNetCore.Mvc.ActionResult`1[System.Collections.Generic.IEnumerable`1[GestaoArmazem.Application.DTOs.PedidoExpedicaoDto]]] Listar(Int32, Int32) on controller GestaoArmazem.API.Controllers.PedidosExpedicaoController (GestaoArmazem.API).
2026-08-19 22:45:37.796 -03:00 [INF] Executing OkObjectResult, writing value of type 'System.Collections.Generic.List`1[[GestaoArmazem.Application.DTOs.PedidoRecebimentoDto, GestaoArmazem.Application, Version=1.0.0.0, Culture=neutral, PublicKeyToken=null]]'.
2026-08-19 22:45:37.792 -03:00 [INF] Executing OkObjectResult, writing value of type 'System.Linq.Enumerable+SelectListIterator`2[[GestaoArmazem.Domain.Entities.Produto, GestaoArmazem.Domain, Version=1.0.0.0, Culture=neutral, PublicKeyToken=null],[GestaoArmazem.Application.DTOs.ProdutoDto, GestaoArmazem.Application, Version=1.0.0.0, Culture=neutral, PublicKeyToken=null]]'.
2026-08-19 22:45:37.814 -03:00 [INF] Executed action GestaoArmazem.API.Controllers.PedidosRecebimentoController.Listar (GestaoArmazem.API) in 49.9676ms
2026-08-19 22:45:37.821 -03:00 [INF] Request starting HTTP/2 GET https://localhost:7100/api/pedidos-recebimento?pagina=1&tamanhoPagina=20 - application/json null
2026-08-19 22:45:37.817 -03:00 [INF] Executing OkObjectResult, writing value of type 'System.Collections.Generic.List`1[[GestaoArmazem.Application.DTOs.PedidoExpedicaoDto, GestaoArmazem.Application, Version=1.0.0.0, Culture=neutral, PublicKeyToken=null]]'.
2026-08-19 22:45:37.826 -03:00 [INF] Executed action GestaoArmazem.API.Controllers.ProdutosController.Listar (GestaoArmazem.API) in 46.9866ms
2026-08-19 22:45:37.830 -03:00 [INF] Request starting HTTP/2 GET https://localhost:7100/api/produtos?pagina=1&tamanhoPagina=20 - application/json null
2026-08-19 22:45:37.848 -03:00 [INF] CORS policy execution successful.
2026-08-19 22:45:37.833 -03:00 [INF] Executed endpoint 'GestaoArmazem.API.Controllers.PedidosRecebimentoController.Listar (GestaoArmazem.API)'
2026-08-19 22:45:37.860 -03:00 [INF] Executed action GestaoArmazem.API.Controllers.PedidosExpedicaoController.Listar (GestaoArmazem.API) in 63.7263ms
2026-08-19 22:45:37.864 -03:00 [INF] Request starting HTTP/2 GET https://localhost:7100/api/pedidos-expedicao?pagina=1&tamanhoPagina=20 - application/json null
2026-08-19 22:45:37.899 -03:00 [INF] CORS policy execution successful.
2026-08-19 22:45:37.875 -03:00 [INF] CORS policy execution successful.
2026-08-19 22:45:37.877 -03:00 [INF] Executing endpoint 'GestaoArmazem.API.Controllers.PedidosRecebimentoController.Listar (GestaoArmazem.API)'
2026-08-19 22:45:37.881 -03:00 [INF] HTTP GET /api/pedidos-recebimento responded 200 in 214.7421 ms
2026-08-19 22:45:37.889 -03:00 [INF] Executed endpoint 'GestaoArmazem.API.Controllers.PedidosExpedicaoController.Listar (GestaoArmazem.API)'
2026-08-19 22:45:37.865 -03:00 [INF] Executed endpoint 'GestaoArmazem.API.Controllers.ProdutosController.Listar (GestaoArmazem.API)'
2026-08-19 22:45:37.903 -03:00 [INF] Executing endpoint 'GestaoArmazem.API.Controllers.PedidosExpedicaoController.Listar (GestaoArmazem.API)'
2026-08-19 22:45:37.907 -03:00 [INF] Executing endpoint 'GestaoArmazem.API.Controllers.ProdutosController.Listar (GestaoArmazem.API)'
2026-08-19 22:45:37.911 -03:00 [INF] Route matched with {action = "Listar", controller = "PedidosRecebimento"}. Executing controller action with signature System.Threading.Tasks.Task`1[Microsoft.AspNetCore.Mvc.ActionResult`1[System.Collections.Generic.IEnumerable`1[GestaoArmazem.Application.DTOs.PedidoRecebimentoDto]]] Listar(Int32, Int32) on controller GestaoArmazem.API.Controllers.PedidosRecebimentoController (GestaoArmazem.API).
2026-08-19 22:45:37.918 -03:00 [INF] Request finished HTTP/2 GET https://localhost:7100/api/pedidos-recebimento?pagina=1&tamanhoPagina=20 - 200 null application/json; charset=utf-8 321.7395ms
2026-08-19 22:45:37.934 -03:00 [INF] Route matched with {action = "Listar", controller = "Produtos"}. Executing controller action with signature System.Threading.Tasks.Task`1[Microsoft.AspNetCore.Mvc.ActionResult`1[System.Collections.Generic.IEnumerable`1[GestaoArmazem.Application.DTOs.ProdutoDto]]] Listar(Int32, Int32) on controller GestaoArmazem.API.Controllers.ProdutosController (GestaoArmazem.API).
2026-08-19 22:45:37.930 -03:00 [INF] Route matched with {action = "Listar", controller = "PedidosExpedicao"}. Executing controller action with signature System.Threading.Tasks.Task`1[Microsoft.AspNetCore.Mvc.ActionResult`1[System.Collections.Generic.IEnumerable`1[GestaoArmazem.Application.DTOs.PedidoExpedicaoDto]]] Listar(Int32, Int32) on controller GestaoArmazem.API.Controllers.PedidosExpedicaoController (GestaoArmazem.API).
2026-08-19 22:45:37.922 -03:00 [INF] HTTP GET /api/pedidos-expedicao responded 200 in 211.4579 ms
2026-08-19 22:45:37.995 -03:00 [INF] Executing OkObjectResult, writing value of type 'System.Linq.Enumerable+SelectListIterator`2[[GestaoArmazem.Domain.Entities.Produto, GestaoArmazem.Domain, Version=1.0.0.0, Culture=neutral, PublicKeyToken=null],[GestaoArmazem.Application.DTOs.ProdutoDto, GestaoArmazem.Application, Version=1.0.0.0, Culture=neutral, PublicKeyToken=null]]'.
2026-08-19 22:45:37.926 -03:00 [INF] HTTP GET /api/produtos responded 200 in 226.4770 ms
2026-08-19 22:45:37.966 -03:00 [INF] Executing OkObjectResult, writing value of type 'System.Collections.Generic.List`1[[GestaoArmazem.Application.DTOs.PedidoRecebimentoDto, GestaoArmazem.Application, Version=1.0.0.0, Culture=neutral, PublicKeyToken=null]]'.
2026-08-19 22:45:38.012 -03:00 [INF] Executing OkObjectResult, writing value of type 'System.Collections.Generic.List`1[[GestaoArmazem.Application.DTOs.PedidoExpedicaoDto, GestaoArmazem.Application, Version=1.0.0.0, Culture=neutral, PublicKeyToken=null]]'.
2026-08-19 22:45:38.014 -03:00 [INF] Request finished HTTP/2 GET https://localhost:7100/api/pedidos-expedicao?pagina=1&tamanhoPagina=20 - 200 null application/json; charset=utf-8 379.0897ms
2026-08-19 22:45:38.025 -03:00 [INF] Executed action GestaoArmazem.API.Controllers.ProdutosController.Listar (GestaoArmazem.API) in 39.6475ms
2026-08-19 22:45:38.044 -03:00 [INF] Request finished HTTP/2 GET https://localhost:7100/api/produtos?pagina=1&tamanhoPagina=20 - 200 null application/json; charset=utf-8 427.7484ms
2026-08-19 22:45:38.050 -03:00 [INF] Executed action GestaoArmazem.API.Controllers.PedidosRecebimentoController.Listar (GestaoArmazem.API) in 107.4345ms
2026-08-19 22:45:38.055 -03:00 [INF] Executed action GestaoArmazem.API.Controllers.PedidosExpedicaoController.Listar (GestaoArmazem.API) in 57.1397ms
2026-08-19 22:45:38.076 -03:00 [INF] Executed endpoint 'GestaoArmazem.API.Controllers.ProdutosController.Listar (GestaoArmazem.API)'
2026-08-19 22:45:38.116 -03:00 [INF] HTTP GET /api/produtos responded 200 in 241.2888 ms
2026-08-19 22:45:38.111 -03:00 [INF] Executed endpoint 'GestaoArmazem.API.Controllers.PedidosExpedicaoController.Listar (GestaoArmazem.API)'
2026-08-19 22:45:38.107 -03:00 [INF] Executed endpoint 'GestaoArmazem.API.Controllers.PedidosRecebimentoController.Listar (GestaoArmazem.API)'
2026-08-19 22:45:38.150 -03:00 [INF] Request finished HTTP/2 GET https://localhost:7100/api/produtos?pagina=1&tamanhoPagina=20 - 200 null application/json; charset=utf-8 321.3617ms
2026-08-19 22:45:38.157 -03:00 [INF] HTTP GET /api/pedidos-expedicao responded 200 in 258.0020 ms
2026-08-19 22:45:38.166 -03:00 [INF] HTTP GET /api/pedidos-recebimento responded 200 in 318.0902 ms
2026-08-19 22:45:38.195 -03:00 [INF] Request finished HTTP/2 GET https://localhost:7100/api/pedidos-expedicao?pagina=1&tamanhoPagina=20 - 200 null application/json; charset=utf-8 332.0695ms
2026-08-19 22:45:38.233 -03:00 [INF] Request finished HTTP/2 GET https://localhost:7100/api/pedidos-recebimento?pagina=1&tamanhoPagina=20 - 200 null application/json; charset=utf-8 415.3702ms
2026-08-19 22:45:43.266 -03:00 [INF] Request starting HTTP/2 OPTIONS https://localhost:7100/api/pedidos-recebimento?pagina=1&tamanhoPagina=21 - null null
2026-08-19 22:45:43.268 -03:00 [INF] Request starting HTTP/2 OPTIONS https://localhost:7100/api/fornecedores - null null
2026-08-19 22:45:43.269 -03:00 [INF] Request starting HTTP/2 OPTIONS https://localhost:7100/api/pedidos-recebimento?pagina=1&tamanhoPagina=21 - null null
2026-08-19 22:45:43.269 -03:00 [INF] Request starting HTTP/2 OPTIONS https://localhost:7100/api/fornecedores - null null
2026-08-19 22:45:43.302 -03:00 [INF] CORS policy execution successful.
2026-08-19 22:45:43.321 -03:00 [INF] CORS policy execution successful.
2026-08-19 22:45:43.364 -03:00 [INF] HTTP OPTIONS /api/fornecedores responded 204 in 43.1133 ms
2026-08-19 22:45:43.358 -03:00 [INF] CORS policy execution successful.
2026-08-19 22:45:43.361 -03:00 [INF] HTTP OPTIONS /api/pedidos-recebimento responded 204 in 59.0238 ms
2026-08-19 22:45:43.424 -03:00 [INF] HTTP OPTIONS /api/fornecedores responded 204 in 66.2354 ms
2026-08-19 22:45:43.453 -03:00 [INF] Request finished HTTP/2 OPTIONS https://localhost:7100/api/pedidos-recebimento?pagina=1&tamanhoPagina=21 - 204 null null 186.9117ms
2026-08-19 22:45:43.333 -03:00 [INF] CORS policy execution successful.
2026-08-19 22:45:43.429 -03:00 [INF] Request starting HTTP/2 GET https://localhost:7100/api/fornecedores - application/json null
2026-08-19 22:45:43.418 -03:00 [INF] Request finished HTTP/2 OPTIONS https://localhost:7100/api/fornecedores - 204 null null 149.6658ms
2026-08-19 22:45:43.462 -03:00 [INF] Request starting HTTP/2 GET https://localhost:7100/api/pedidos-recebimento?pagina=1&tamanhoPagina=21 - application/json null
2026-08-19 22:45:43.470 -03:00 [INF] Request finished HTTP/2 OPTIONS https://localhost:7100/api/fornecedores - 204 null null 201.0634ms
2026-08-19 22:45:43.498 -03:00 [INF] HTTP OPTIONS /api/pedidos-recebimento responded 204 in 164.7939 ms
2026-08-19 22:45:43.509 -03:00 [INF] CORS policy execution successful.
2026-08-19 22:45:43.534 -03:00 [INF] CORS policy execution successful.
2026-08-19 22:45:43.558 -03:00 [INF] Request finished HTTP/2 OPTIONS https://localhost:7100/api/pedidos-recebimento?pagina=1&tamanhoPagina=21 - 204 null null 289.1245ms
2026-08-19 22:45:43.561 -03:00 [INF] Executing endpoint 'GestaoArmazem.API.Controllers.FornecedoresController.Listar (GestaoArmazem.API)'
2026-08-19 22:45:43.565 -03:00 [INF] Executing endpoint 'GestaoArmazem.API.Controllers.PedidosRecebimentoController.Listar (GestaoArmazem.API)'
2026-08-19 22:45:43.582 -03:00 [INF] Route matched with {action = "Listar", controller = "Fornecedores"}. Executing controller action with signature System.Threading.Tasks.Task`1[Microsoft.AspNetCore.Mvc.ActionResult`1[System.Collections.Generic.IEnumerable`1[GestaoArmazem.Application.DTOs.FornecedorDto]]] Listar() on controller GestaoArmazem.API.Controllers.FornecedoresController (GestaoArmazem.API).
2026-08-19 22:45:43.586 -03:00 [INF] Route matched with {action = "Listar", controller = "PedidosRecebimento"}. Executing controller action with signature System.Threading.Tasks.Task`1[Microsoft.AspNetCore.Mvc.ActionResult`1[System.Collections.Generic.IEnumerable`1[GestaoArmazem.Application.DTOs.PedidoRecebimentoDto]]] Listar(Int32, Int32) on controller GestaoArmazem.API.Controllers.PedidosRecebimentoController (GestaoArmazem.API).
2026-08-19 22:45:43.627 -03:00 [INF] Executing OkObjectResult, writing value of type 'System.Linq.Enumerable+SelectListIterator`2[[GestaoArmazem.Domain.Entities.Fornecedor, GestaoArmazem.Domain, Version=1.0.0.0, Culture=neutral, PublicKeyToken=null],[GestaoArmazem.Application.DTOs.FornecedorDto, GestaoArmazem.Application, Version=1.0.0.0, Culture=neutral, PublicKeyToken=null]]'.
2026-08-19 22:45:43.652 -03:00 [INF] Executed action GestaoArmazem.API.Controllers.FornecedoresController.Listar (GestaoArmazem.API) in 59.6551ms
2026-08-19 22:45:43.658 -03:00 [INF] Request starting HTTP/2 GET https://localhost:7100/api/fornecedores - application/json null
2026-08-19 22:45:43.660 -03:00 [INF] Executing OkObjectResult, writing value of type 'System.Collections.Generic.List`1[[GestaoArmazem.Application.DTOs.PedidoRecebimentoDto, GestaoArmazem.Application, Version=1.0.0.0, Culture=neutral, PublicKeyToken=null]]'.
2026-08-19 22:45:43.664 -03:00 [INF] Executed endpoint 'GestaoArmazem.API.Controllers.FornecedoresController.Listar (GestaoArmazem.API)'
2026-08-19 22:45:43.684 -03:00 [INF] Executed action GestaoArmazem.API.Controllers.PedidosRecebimentoController.Listar (GestaoArmazem.API) in 45.2102ms
2026-08-19 22:45:43.676 -03:00 [INF] CORS policy execution successful.
2026-08-19 22:45:43.687 -03:00 [INF] Request starting HTTP/2 GET https://localhost:7100/api/pedidos-recebimento?pagina=1&tamanhoPagina=21 - application/json null
2026-08-19 22:45:43.691 -03:00 [INF] HTTP GET /api/fornecedores responded 200 in 181.7109 ms
2026-08-19 22:45:43.697 -03:00 [INF] Executed endpoint 'GestaoArmazem.API.Controllers.PedidosRecebimentoController.Listar (GestaoArmazem.API)'
2026-08-19 22:45:43.704 -03:00 [INF] Executing endpoint 'GestaoArmazem.API.Controllers.FornecedoresController.Listar (GestaoArmazem.API)'
2026-08-19 22:45:43.776 -03:00 [INF] CORS policy execution successful.
2026-08-19 22:45:43.782 -03:00 [INF] Request finished HTTP/2 GET https://localhost:7100/api/fornecedores - 200 null application/json; charset=utf-8 353.4228ms
2026-08-19 22:45:43.788 -03:00 [INF] HTTP GET /api/pedidos-recebimento responded 200 in 253.6425 ms
2026-08-19 22:45:43.792 -03:00 [INF] Route matched with {action = "Listar", controller = "Fornecedores"}. Executing controller action with signature System.Threading.Tasks.Task`1[Microsoft.AspNetCore.Mvc.ActionResult`1[System.Collections.Generic.IEnumerable`1[GestaoArmazem.Application.DTOs.FornecedorDto]]] Listar() on controller GestaoArmazem.API.Controllers.FornecedoresController (GestaoArmazem.API).
2026-08-19 22:45:43.795 -03:00 [INF] Executing endpoint 'GestaoArmazem.API.Controllers.PedidosRecebimentoController.Listar (GestaoArmazem.API)'
2026-08-19 22:45:43.817 -03:00 [INF] Request finished HTTP/2 GET https://localhost:7100/api/pedidos-recebimento?pagina=1&tamanhoPagina=21 - 200 null application/json; charset=utf-8 355.175ms
2026-08-19 22:45:43.848 -03:00 [INF] Executing OkObjectResult, writing value of type 'System.Linq.Enumerable+SelectListIterator`2[[GestaoArmazem.Domain.Entities.Fornecedor, GestaoArmazem.Domain, Version=1.0.0.0, Culture=neutral, PublicKeyToken=null],[GestaoArmazem.Application.DTOs.FornecedorDto, GestaoArmazem.Application, Version=1.0.0.0, Culture=neutral, PublicKeyToken=null]]'.
2026-08-19 22:45:43.854 -03:00 [INF] Route matched with {action = "Listar", controller = "PedidosRecebimento"}. Executing controller action with signature System.Threading.Tasks.Task`1[Microsoft.AspNetCore.Mvc.ActionResult`1[System.Collections.Generic.IEnumerable`1[GestaoArmazem.Application.DTOs.PedidoRecebimentoDto]]] Listar(Int32, Int32) on controller GestaoArmazem.API.Controllers.PedidosRecebimentoController (GestaoArmazem.API).
2026-08-19 22:45:43.888 -03:00 [INF] Executed action GestaoArmazem.API.Controllers.FornecedoresController.Listar (GestaoArmazem.API) in 57.0066ms
2026-08-19 22:45:43.907 -03:00 [INF] Executed endpoint 'GestaoArmazem.API.Controllers.FornecedoresController.Listar (GestaoArmazem.API)'
2026-08-19 22:45:43.912 -03:00 [INF] Executing OkObjectResult, writing value of type 'System.Collections.Generic.List`1[[GestaoArmazem.Application.DTOs.PedidoRecebimentoDto, GestaoArmazem.Application, Version=1.0.0.0, Culture=neutral, PublicKeyToken=null]]'.
2026-08-19 22:45:43.913 -03:00 [INF] HTTP GET /api/fornecedores responded 200 in 236.9727 ms
2026-08-19 22:45:43.920 -03:00 [INF] Executed action GestaoArmazem.API.Controllers.PedidosRecebimentoController.Listar (GestaoArmazem.API) in 24.0351ms
2026-08-19 22:45:43.929 -03:00 [INF] Request finished HTTP/2 GET https://localhost:7100/api/fornecedores - 200 null application/json; charset=utf-8 272.2156ms
2026-08-19 22:45:43.940 -03:00 [INF] Executed endpoint 'GestaoArmazem.API.Controllers.PedidosRecebimentoController.Listar (GestaoArmazem.API)'
2026-08-19 22:45:43.977 -03:00 [INF] HTTP GET /api/pedidos-recebimento responded 200 in 201.0819 ms
2026-08-19 22:45:44.011 -03:00 [INF] Request finished HTTP/2 GET https://localhost:7100/api/pedidos-recebimento?pagina=1&tamanhoPagina=21 - 200 null application/json; charset=utf-8 324.985ms
2026-08-19 22:45:48.385 -03:00 [INF] Request starting HTTP/2 OPTIONS https://localhost:7100/api/usuarios - null null
2026-08-19 22:45:48.385 -03:00 [INF] Request starting HTTP/2 OPTIONS https://localhost:7100/api/perfis - null null
2026-08-19 22:45:48.389 -03:00 [INF] Request starting HTTP/2 OPTIONS https://localhost:7100/api/usuarios - null null
2026-08-19 22:45:48.389 -03:00 [INF] Request starting HTTP/2 OPTIONS https://localhost:7100/api/perfis - null null
2026-08-19 22:45:48.403 -03:00 [INF] CORS policy execution successful.
2026-08-19 22:45:48.414 -03:00 [INF] CORS policy execution successful.
2026-08-19 22:45:48.450 -03:00 [INF] HTTP OPTIONS /api/perfis responded 204 in 35.9212 ms
2026-08-19 22:45:48.433 -03:00 [INF] CORS policy execution successful.
2026-08-19 22:45:48.441 -03:00 [INF] HTTP OPTIONS /api/usuarios responded 204 in 38.0715 ms
2026-08-19 22:45:48.473 -03:00 [INF] Request finished HTTP/2 OPTIONS https://localhost:7100/api/perfis - 204 null null 88.0793ms
2026-08-19 22:45:48.480 -03:00 [INF] Request starting HTTP/2 GET https://localhost:7100/api/perfis - application/json null
2026-08-19 22:45:48.490 -03:00 [INF] Request finished HTTP/2 OPTIONS https://localhost:7100/api/usuarios - 204 null null 104.9438ms
2026-08-19 22:45:48.424 -03:00 [INF] CORS policy execution successful.
2026-08-19 22:45:48.478 -03:00 [INF] HTTP OPTIONS /api/perfis responded 204 in 45.2031 ms
2026-08-19 22:45:48.497 -03:00 [INF] Request starting HTTP/2 GET https://localhost:7100/api/usuarios - application/json null
2026-08-19 22:45:48.521 -03:00 [INF] CORS policy execution successful.
2026-08-19 22:45:48.540 -03:00 [INF] HTTP OPTIONS /api/usuarios responded 204 in 116.3633 ms
2026-08-19 22:45:48.549 -03:00 [INF] Request finished HTTP/2 OPTIONS https://localhost:7100/api/perfis - 204 null null 159.6474ms
2026-08-19 22:45:48.564 -03:00 [INF] CORS policy execution successful.
2026-08-19 22:45:48.577 -03:00 [INF] Executing endpoint 'GestaoArmazem.API.Controllers.PerfisController.Listar (GestaoArmazem.API)'
2026-08-19 22:45:48.578 -03:00 [INF] Request finished HTTP/2 OPTIONS https://localhost:7100/api/usuarios - 204 null null 189.2377ms
2026-08-19 22:45:48.598 -03:00 [INF] Executing endpoint 'GestaoArmazem.API.Controllers.UsuariosController.Listar (GestaoArmazem.API)'
2026-08-19 22:45:48.613 -03:00 [INF] Route matched with {action = "Listar", controller = "Perfis"}. Executing controller action with signature System.Threading.Tasks.Task`1[Microsoft.AspNetCore.Mvc.ActionResult`1[System.Collections.Generic.IEnumerable`1[GestaoArmazem.Application.DTOs.PerfilDto]]] Listar() on controller GestaoArmazem.API.Controllers.PerfisController (GestaoArmazem.API).
2026-08-19 22:45:48.631 -03:00 [INF] Route matched with {action = "Listar", controller = "Usuarios"}. Executing controller action with signature System.Threading.Tasks.Task`1[Microsoft.AspNetCore.Mvc.ActionResult`1[System.Collections.Generic.IEnumerable`1[GestaoArmazem.Application.DTOs.UsuarioDto]]] Listar() on controller GestaoArmazem.API.Controllers.UsuariosController (GestaoArmazem.API).
2026-08-19 22:45:48.650 -03:00 [INF] Executing OkObjectResult, writing value of type 'System.Linq.Enumerable+SelectListIterator`2[[GestaoArmazem.Domain.Entities.Perfil, GestaoArmazem.Domain, Version=1.0.0.0, Culture=neutral, PublicKeyToken=null],[GestaoArmazem.Application.DTOs.PerfilDto, GestaoArmazem.Application, Version=1.0.0.0, Culture=neutral, PublicKeyToken=null]]'.
2026-08-19 22:45:48.667 -03:00 [INF] Executed action GestaoArmazem.API.Controllers.PerfisController.Listar (GestaoArmazem.API) in 35.4781ms
2026-08-19 22:45:48.672 -03:00 [INF] Request starting HTTP/2 GET https://localhost:7100/api/perfis - application/json null
2026-08-19 22:45:48.676 -03:00 [INF] Executing OkObjectResult, writing value of type 'System.Linq.Enumerable+SelectListIterator`2[[GestaoArmazem.Domain.Entities.Usuario, GestaoArmazem.Domain, Version=1.0.0.0, Culture=neutral, PublicKeyToken=null],[GestaoArmazem.Application.DTOs.UsuarioDto, GestaoArmazem.Application, Version=1.0.0.0, Culture=neutral, PublicKeyToken=null]]'.
2026-08-19 22:45:48.678 -03:00 [INF] Executed endpoint 'GestaoArmazem.API.Controllers.PerfisController.Listar (GestaoArmazem.API)'
2026-08-19 22:45:48.690 -03:00 [INF] CORS policy execution successful.
2026-08-19 22:45:48.701 -03:00 [INF] HTTP GET /api/perfis responded 200 in 179.9398 ms
2026-08-19 22:45:48.705 -03:00 [INF] Executing endpoint 'GestaoArmazem.API.Controllers.PerfisController.Listar (GestaoArmazem.API)'
2026-08-19 22:45:48.704 -03:00 [INF] Executed action GestaoArmazem.API.Controllers.UsuariosController.Listar (GestaoArmazem.API) in 59.1932ms
2026-08-19 22:45:48.707 -03:00 [INF] Request starting HTTP/2 GET https://localhost:7100/api/usuarios - application/json null
2026-08-19 22:45:48.714 -03:00 [INF] Request finished HTTP/2 GET https://localhost:7100/api/perfis - 200 null application/json; charset=utf-8 234.5379ms
2026-08-19 22:45:48.719 -03:00 [INF] Route matched with {action = "Listar", controller = "Perfis"}. Executing controller action with signature System.Threading.Tasks.Task`1[Microsoft.AspNetCore.Mvc.ActionResult`1[System.Collections.Generic.IEnumerable`1[GestaoArmazem.Application.DTOs.PerfilDto]]] Listar() on controller GestaoArmazem.API.Controllers.PerfisController (GestaoArmazem.API).
2026-08-19 22:45:48.725 -03:00 [INF] Executed endpoint 'GestaoArmazem.API.Controllers.UsuariosController.Listar (GestaoArmazem.API)'
2026-08-19 22:45:48.769 -03:00 [INF] Executing OkObjectResult, writing value of type 'System.Linq.Enumerable+SelectListIterator`2[[GestaoArmazem.Domain.Entities.Perfil, GestaoArmazem.Domain, Version=1.0.0.0, Culture=neutral, PublicKeyToken=null],[GestaoArmazem.Application.DTOs.PerfilDto, GestaoArmazem.Application, Version=1.0.0.0, Culture=neutral, PublicKeyToken=null]]'.
2026-08-19 22:45:48.739 -03:00 [INF] CORS policy execution successful.
2026-08-19 22:45:48.772 -03:00 [INF] HTTP GET /api/usuarios responded 200 in 207.4270 ms
2026-08-19 22:45:48.778 -03:00 [INF] Executed action GestaoArmazem.API.Controllers.PerfisController.Listar (GestaoArmazem.API) in 15.7854ms
2026-08-19 22:45:48.782 -03:00 [INF] Executing endpoint 'GestaoArmazem.API.Controllers.UsuariosController.Listar (GestaoArmazem.API)'
2026-08-19 22:45:48.790 -03:00 [INF] Request finished HTTP/2 GET https://localhost:7100/api/usuarios - 200 null application/json; charset=utf-8 293.7991ms
2026-08-19 22:45:48.795 -03:00 [INF] Executed endpoint 'GestaoArmazem.API.Controllers.PerfisController.Listar (GestaoArmazem.API)'
2026-08-19 22:45:48.805 -03:00 [INF] Route matched with {action = "Listar", controller = "Usuarios"}. Executing controller action with signature System.Threading.Tasks.Task`1[Microsoft.AspNetCore.Mvc.ActionResult`1[System.Collections.Generic.IEnumerable`1[GestaoArmazem.Application.DTOs.UsuarioDto]]] Listar() on controller GestaoArmazem.API.Controllers.UsuariosController (GestaoArmazem.API).
2026-08-19 22:45:48.839 -03:00 [INF] HTTP GET /api/perfis responded 200 in 149.5322 ms
2026-08-19 22:45:48.879 -03:00 [INF] Executing OkObjectResult, writing value of type 'System.Linq.Enumerable+SelectListIterator`2[[GestaoArmazem.Domain.Entities.Usuario, GestaoArmazem.Domain, Version=1.0.0.0, Culture=neutral, PublicKeyToken=null],[GestaoArmazem.Application.DTOs.UsuarioDto, GestaoArmazem.Application, Version=1.0.0.0, Culture=neutral, PublicKeyToken=null]]'.
2026-08-19 22:45:48.889 -03:00 [INF] Request finished HTTP/2 GET https://localhost:7100/api/perfis - 200 null application/json; charset=utf-8 217.5128ms
2026-08-19 22:45:48.894 -03:00 [INF] Executed action GestaoArmazem.API.Controllers.UsuariosController.Listar (GestaoArmazem.API) in 40.5253ms
2026-08-19 22:45:48.961 -03:00 [INF] Executed endpoint 'GestaoArmazem.API.Controllers.UsuariosController.Listar (GestaoArmazem.API)'
2026-08-19 22:45:48.976 -03:00 [INF] HTTP GET /api/usuarios responded 200 in 236.5734 ms
2026-08-19 22:45:48.995 -03:00 [INF] Request finished HTTP/2 GET https://localhost:7100/api/usuarios - 200 null application/json; charset=utf-8 288.9381ms
2026-08-19 22:45:51.764 -03:00 [INF] Request starting HTTP/2 GET https://localhost:7100/api/perfis - application/json null
2026-08-19 22:45:51.797 -03:00 [INF] CORS policy execution successful.
2026-08-19 22:45:51.809 -03:00 [INF] Executing endpoint 'GestaoArmazem.API.Controllers.PerfisController.Listar (GestaoArmazem.API)'
2026-08-19 22:45:51.830 -03:00 [INF] Route matched with {action = "Listar", controller = "Perfis"}. Executing controller action with signature System.Threading.Tasks.Task`1[Microsoft.AspNetCore.Mvc.ActionResult`1[System.Collections.Generic.IEnumerable`1[GestaoArmazem.Application.DTOs.PerfilDto]]] Listar() on controller GestaoArmazem.API.Controllers.PerfisController (GestaoArmazem.API).
2026-08-19 22:45:51.879 -03:00 [INF] Executing OkObjectResult, writing value of type 'System.Linq.Enumerable+SelectListIterator`2[[GestaoArmazem.Domain.Entities.Perfil, GestaoArmazem.Domain, Version=1.0.0.0, Culture=neutral, PublicKeyToken=null],[GestaoArmazem.Application.DTOs.PerfilDto, GestaoArmazem.Application, Version=1.0.0.0, Culture=neutral, PublicKeyToken=null]]'.
2026-08-19 22:45:51.892 -03:00 [INF] Executed action GestaoArmazem.API.Controllers.PerfisController.Listar (GestaoArmazem.API) in 45.1303ms
2026-08-19 22:45:51.897 -03:00 [INF] Request starting HTTP/2 GET https://localhost:7100/api/perfis - application/json null
2026-08-19 22:45:51.903 -03:00 [INF] Executed endpoint 'GestaoArmazem.API.Controllers.PerfisController.Listar (GestaoArmazem.API)'
2026-08-19 22:45:51.913 -03:00 [INF] CORS policy execution successful.
2026-08-19 22:45:51.918 -03:00 [INF] HTTP GET /api/perfis responded 200 in 121.3432 ms
2026-08-19 22:45:51.922 -03:00 [INF] Executing endpoint 'GestaoArmazem.API.Controllers.PerfisController.Listar (GestaoArmazem.API)'
2026-08-19 22:45:51.930 -03:00 [INF] Request finished HTTP/2 GET https://localhost:7100/api/perfis - 200 null application/json; charset=utf-8 165.7929ms
2026-08-19 22:45:51.940 -03:00 [INF] Route matched with {action = "Listar", controller = "Perfis"}. Executing controller action with signature System.Threading.Tasks.Task`1[Microsoft.AspNetCore.Mvc.ActionResult`1[System.Collections.Generic.IEnumerable`1[GestaoArmazem.Application.DTOs.PerfilDto]]] Listar() on controller GestaoArmazem.API.Controllers.PerfisController (GestaoArmazem.API).
2026-08-19 22:45:51.974 -03:00 [INF] Executing OkObjectResult, writing value of type 'System.Linq.Enumerable+SelectListIterator`2[[GestaoArmazem.Domain.Entities.Perfil, GestaoArmazem.Domain, Version=1.0.0.0, Culture=neutral, PublicKeyToken=null],[GestaoArmazem.Application.DTOs.PerfilDto, GestaoArmazem.Application, Version=1.0.0.0, Culture=neutral, PublicKeyToken=null]]'.
2026-08-19 22:45:51.981 -03:00 [INF] Executed action GestaoArmazem.API.Controllers.PerfisController.Listar (GestaoArmazem.API) in 11.8024ms
2026-08-19 22:45:51.988 -03:00 [INF] Executed endpoint 'GestaoArmazem.API.Controllers.PerfisController.Listar (GestaoArmazem.API)'
2026-08-19 22:45:51.993 -03:00 [INF] HTTP GET /api/perfis responded 200 in 80.1493 ms
2026-08-19 22:45:52.002 -03:00 [INF] Request finished HTTP/2 GET https://localhost:7100/api/perfis - 200 null application/json; charset=utf-8 106.2234ms
2026-08-19 22:45:54.998 -03:00 [INF] Request starting HTTP/2 OPTIONS https://localhost:7100/api/relatorios/estoque-baixo - null null
2026-08-19 22:45:55.014 -03:00 [INF] Request starting HTTP/2 OPTIONS https://localhost:7100/api/relatorios/estoque-baixo - null null
2026-08-19 22:45:55.109 -03:00 [INF] CORS policy execution successful.
2026-08-19 22:45:55.124 -03:00 [INF] CORS policy execution successful.
2026-08-19 22:45:55.129 -03:00 [INF] HTTP OPTIONS /api/relatorios/estoque-baixo responded 204 in 20.0545 ms
2026-08-19 22:45:55.137 -03:00 [INF] HTTP OPTIONS /api/relatorios/estoque-baixo responded 204 in 13.2637 ms
2026-08-19 22:45:55.169 -03:00 [INF] Request starting HTTP/2 GET https://localhost:7100/api/relatorios/estoque-baixo - application/json null
2026-08-19 22:45:55.159 -03:00 [INF] Request finished HTTP/2 OPTIONS https://localhost:7100/api/relatorios/estoque-baixo - 204 null null 160.9093ms
2026-08-19 22:45:55.172 -03:00 [INF] Request finished HTTP/2 OPTIONS https://localhost:7100/api/relatorios/estoque-baixo - 204 null null 157.8091ms
2026-08-19 22:45:55.204 -03:00 [INF] CORS policy execution successful.
2026-08-19 22:45:55.251 -03:00 [INF] Executing endpoint 'GestaoArmazem.API.Controllers.RelatoriosController.EstoqueBaixo (GestaoArmazem.API)'
2026-08-19 22:45:55.256 -03:00 [INF] Route matched with {action = "EstoqueBaixo", controller = "Relatorios"}. Executing controller action with signature System.Threading.Tasks.Task`1[Microsoft.AspNetCore.Mvc.ActionResult`1[System.Collections.Generic.IEnumerable`1[GestaoArmazem.Application.DTOs.EstoqueBaixoDto]]] EstoqueBaixo() on controller GestaoArmazem.API.Controllers.RelatoriosController (GestaoArmazem.API).
2026-08-19 22:45:55.289 -03:00 [INF] Executing OkObjectResult, writing value of type 'System.Linq.Enumerable+SelectListIterator`2[[GestaoArmazem.Domain.Interfaces.EstoqueBaixoResumo, GestaoArmazem.Domain, Version=1.0.0.0, Culture=neutral, PublicKeyToken=null],[GestaoArmazem.Application.DTOs.EstoqueBaixoDto, GestaoArmazem.Application, Version=1.0.0.0, Culture=neutral, PublicKeyToken=null]]'.
2026-08-19 22:45:55.296 -03:00 [INF] Executed action GestaoArmazem.API.Controllers.RelatoriosController.EstoqueBaixo (GestaoArmazem.API) in 31.1354ms
2026-08-19 22:45:55.302 -03:00 [INF] Request starting HTTP/2 GET https://localhost:7100/api/relatorios/estoque-baixo - application/json null
2026-08-19 22:45:55.306 -03:00 [INF] Executed endpoint 'GestaoArmazem.API.Controllers.RelatoriosController.EstoqueBaixo (GestaoArmazem.API)'
2026-08-19 22:45:55.316 -03:00 [INF] CORS policy execution successful.
2026-08-19 22:45:55.321 -03:00 [INF] HTTP GET /api/relatorios/estoque-baixo responded 200 in 116.9566 ms
2026-08-19 22:45:55.324 -03:00 [INF] Executing endpoint 'GestaoArmazem.API.Controllers.RelatoriosController.EstoqueBaixo (GestaoArmazem.API)'
2026-08-19 22:45:55.331 -03:00 [INF] Request finished HTTP/2 GET https://localhost:7100/api/relatorios/estoque-baixo - 200 null application/json; charset=utf-8 161.5277ms
2026-08-19 22:45:55.336 -03:00 [INF] Route matched with {action = "EstoqueBaixo", controller = "Relatorios"}. Executing controller action with signature System.Threading.Tasks.Task`1[Microsoft.AspNetCore.Mvc.ActionResult`1[System.Collections.Generic.IEnumerable`1[GestaoArmazem.Application.DTOs.EstoqueBaixoDto]]] EstoqueBaixo() on controller GestaoArmazem.API.Controllers.RelatoriosController (GestaoArmazem.API).
2026-08-19 22:45:55.369 -03:00 [INF] Executing OkObjectResult, writing value of type 'System.Linq.Enumerable+SelectListIterator`2[[GestaoArmazem.Domain.Interfaces.EstoqueBaixoResumo, GestaoArmazem.Domain, Version=1.0.0.0, Culture=neutral, PublicKeyToken=null],[GestaoArmazem.Application.DTOs.EstoqueBaixoDto, GestaoArmazem.Application, Version=1.0.0.0, Culture=neutral, PublicKeyToken=null]]'.
2026-08-19 22:45:55.376 -03:00 [INF] Executed action GestaoArmazem.API.Controllers.RelatoriosController.EstoqueBaixo (GestaoArmazem.API) in 12.9928ms
2026-08-19 22:45:55.383 -03:00 [INF] Executed endpoint 'GestaoArmazem.API.Controllers.RelatoriosController.EstoqueBaixo (GestaoArmazem.API)'
2026-08-19 22:45:55.389 -03:00 [INF] HTTP GET /api/relatorios/estoque-baixo responded 200 in 72.1152 ms
2026-08-19 22:45:55.397 -03:00 [INF] Request finished HTTP/2 GET https://localhost:7100/api/relatorios/estoque-baixo - 200 null application/json; charset=utf-8 94.5917ms
2026-08-19 22:45:57.087 -03:00 [INF] Request starting HTTP/2 OPTIONS https://localhost:7100/api/fornecedores - null null
2026-08-19 22:45:57.089 -03:00 [INF] Request starting HTTP/2 OPTIONS https://localhost:7100/api/fornecedores - null null
2026-08-19 22:45:57.089 -03:00 [INF] Request starting HTTP/2 OPTIONS https://localhost:7100/api/clientes - null null
2026-08-19 22:45:57.089 -03:00 [INF] Request starting HTTP/2 OPTIONS https://localhost:7100/api/relatorios/pedidos-recebimento?pagina=1&tamanhoPagina=50 - null null
2026-08-19 22:45:57.089 -03:00 [INF] Request starting HTTP/2 OPTIONS https://localhost:7100/api/clientes - null null
2026-08-19 22:45:57.089 -03:00 [INF] Request starting HTTP/2 OPTIONS https://localhost:7100/api/relatorios/pedidos-recebimento?pagina=1&tamanhoPagina=50 - null null
2026-08-19 22:45:57.111 -03:00 [INF] CORS policy execution successful.
2026-08-19 22:45:57.125 -03:00 [INF] CORS policy execution successful.
2026-08-19 22:45:57.140 -03:00 [INF] CORS policy execution successful.
2026-08-19 22:45:57.153 -03:00 [INF] CORS policy execution successful.
2026-08-19 22:45:57.161 -03:00 [INF] CORS policy execution successful.
2026-08-19 22:45:57.173 -03:00 [INF] CORS policy execution successful.
2026-08-19 22:45:57.175 -03:00 [INF] HTTP OPTIONS /api/fornecedores responded 204 in 64.7095 ms
2026-08-19 22:45:57.178 -03:00 [INF] HTTP OPTIONS /api/fornecedores responded 204 in 53.3883 ms
2026-08-19 22:45:57.212 -03:00 [INF] Request starting HTTP/2 GET https://localhost:7100/api/fornecedores - application/json null
2026-08-19 22:45:57.220 -03:00 [INF] Request finished HTTP/2 OPTIONS https://localhost:7100/api/fornecedores - 204 null null 130.6738ms
2026-08-19 22:45:57.187 -03:00 [INF] HTTP OPTIONS /api/relatorios/pedidos-recebimento responded 204 in 34.2472 ms
2026-08-19 22:45:57.194 -03:00 [INF] HTTP OPTIONS /api/relatorios/pedidos-recebimento responded 204 in 20.9540 ms
2026-08-19 22:45:57.238 -03:00 [INF] CORS policy execution successful.
2026-08-19 22:45:57.258 -03:00 [INF] Request finished HTTP/2 OPTIONS https://localhost:7100/api/relatorios/pedidos-recebimento?pagina=1&tamanhoPagina=50 - 204 null null 169.5051ms
2026-08-19 22:45:57.184 -03:00 [INF] HTTP OPTIONS /api/clientes responded 204 in 43.6738 ms
2026-08-19 22:45:57.191 -03:00 [INF] HTTP OPTIONS /api/clientes responded 204 in 29.9060 ms
2026-08-19 22:45:57.263 -03:00 [INF] Request starting HTTP/2 GET https://localhost:7100/api/relatorios/pedidos-recebimento?pagina=1&tamanhoPagina=50 - application/json null
2026-08-19 22:45:57.271 -03:00 [INF] Executing endpoint 'GestaoArmazem.API.Controllers.FornecedoresController.Listar (GestaoArmazem.API)'
2026-08-19 22:45:57.269 -03:00 [INF] Request finished HTTP/2 OPTIONS https://localhost:7100/api/relatorios/pedidos-recebimento?pagina=1&tamanhoPagina=50 - 204 null null 179.3362ms
2026-08-19 22:45:57.295 -03:00 [INF] Request finished HTTP/2 OPTIONS https://localhost:7100/api/clientes - 204 null null 206.5736ms
2026-08-19 22:45:57.203 -03:00 [INF] Request finished HTTP/2 OPTIONS https://localhost:7100/api/fornecedores - 204 null null 116.0166ms
2026-08-19 22:45:57.302 -03:00 [INF] Request starting HTTP/2 GET https://localhost:7100/api/clientes - application/json null
2026-08-19 22:45:57.307 -03:00 [INF] Request finished HTTP/2 OPTIONS https://localhost:7100/api/clientes - 204 null null 218.0011ms
2026-08-19 22:45:57.320 -03:00 [INF] CORS policy execution successful.
2026-08-19 22:45:57.324 -03:00 [INF] Route matched with {action = "Listar", controller = "Fornecedores"}. Executing controller action with signature System.Threading.Tasks.Task`1[Microsoft.AspNetCore.Mvc.ActionResult`1[System.Collections.Generic.IEnumerable`1[GestaoArmazem.Application.DTOs.FornecedorDto]]] Listar() on controller GestaoArmazem.API.Controllers.FornecedoresController (GestaoArmazem.API).
2026-08-19 22:45:57.384 -03:00 [INF] CORS policy execution successful.
2026-08-19 22:45:57.404 -03:00 [INF] Executing endpoint 'GestaoArmazem.API.Controllers.RelatoriosController.PedidosRecebimento (GestaoArmazem.API)'
2026-08-19 22:45:57.423 -03:00 [INF] Executing endpoint 'GestaoArmazem.API.Controllers.ClientesController.Listar (GestaoArmazem.API)'
2026-08-19 22:45:57.423 -03:00 [INF] Executing OkObjectResult, writing value of type 'System.Linq.Enumerable+SelectListIterator`2[[GestaoArmazem.Domain.Entities.Fornecedor, GestaoArmazem.Domain, Version=1.0.0.0, Culture=neutral, PublicKeyToken=null],[GestaoArmazem.Application.DTOs.FornecedorDto, GestaoArmazem.Application, Version=1.0.0.0, Culture=neutral, PublicKeyToken=null]]'.
2026-08-19 22:45:57.428 -03:00 [INF] Route matched with {action = "PedidosRecebimento", controller = "Relatorios"}. Executing controller action with signature System.Threading.Tasks.Task`1[Microsoft.AspNetCore.Mvc.ActionResult`1[System.Collections.Generic.IEnumerable`1[GestaoArmazem.Application.DTOs.PedidoRecebimentoRelatorioDto]]] PedidosRecebimento(System.Nullable`1[System.Guid], System.String, System.Nullable`1[System.DateTime], System.Nullable`1[System.DateTime], Int32, Int32) on controller GestaoArmazem.API.Controllers.RelatoriosController (GestaoArmazem.API).
2026-08-19 22:45:57.436 -03:00 [INF] Route matched with {action = "Listar", controller = "Clientes"}. Executing controller action with signature System.Threading.Tasks.Task`1[Microsoft.AspNetCore.Mvc.ActionResult`1[System.Collections.Generic.IEnumerable`1[GestaoArmazem.Application.DTOs.ClienteDto]]] Listar() on controller GestaoArmazem.API.Controllers.ClientesController (GestaoArmazem.API).
2026-08-19 22:45:57.444 -03:00 [INF] Executed action GestaoArmazem.API.Controllers.FornecedoresController.Listar (GestaoArmazem.API) in 32.1058ms
2026-08-19 22:45:57.450 -03:00 [INF] Request starting HTTP/2 GET https://localhost:7100/api/fornecedores - application/json null
2026-08-19 22:45:57.478 -03:00 [INF] Executing OkObjectResult, writing value of type 'System.Linq.Enumerable+SelectListIterator`2[[GestaoArmazem.Domain.Entities.Cliente, GestaoArmazem.Domain, Version=1.0.0.0, Culture=neutral, PublicKeyToken=null],[GestaoArmazem.Application.DTOs.ClienteDto, GestaoArmazem.Application, Version=1.0.0.0, Culture=neutral, PublicKeyToken=null]]'.
2026-08-19 22:45:57.483 -03:00 [INF] Executed endpoint 'GestaoArmazem.API.Controllers.FornecedoresController.Listar (GestaoArmazem.API)'
2026-08-19 22:45:57.824 -03:00 [INF] Executed action GestaoArmazem.API.Controllers.ClientesController.Listar (GestaoArmazem.API) in 354.6193ms
2026-08-19 22:45:57.924 -03:00 [INF] HTTP GET /api/fornecedores responded 200 in 685.3496 ms
2026-08-19 22:45:57.876 -03:00 [INF] Request starting HTTP/2 GET https://localhost:7100/api/clientes - application/json null
2026-08-19 22:45:58.135 -03:00 [INF] Executed endpoint 'GestaoArmazem.API.Controllers.ClientesController.Listar (GestaoArmazem.API)'
2026-08-19 22:45:58.322 -03:00 [INF] Request finished HTTP/2 GET https://localhost:7100/api/fornecedores - 200 null application/json; charset=utf-8 1109.8716ms
2026-08-19 22:45:57.593 -03:00 [INF] CORS policy execution successful.
2026-08-19 22:45:58.361 -03:00 [INF] Executed action GestaoArmazem.API.Controllers.RelatoriosController.PedidosRecebimento (GestaoArmazem.API) in 907.285ms
2026-08-19 22:45:58.378 -03:00 [INF] CORS policy execution successful.
2026-08-19 22:45:58.384 -03:00 [INF] HTTP GET /api/clientes responded 200 in 1000.3039 ms
2026-08-19 22:45:58.459 -03:00 [INF] Executing endpoint 'GestaoArmazem.API.Controllers.ClientesController.Listar (GestaoArmazem.API)'
2026-08-19 22:45:58.402 -03:00 [INF] Executing endpoint 'GestaoArmazem.API.Controllers.FornecedoresController.Listar (GestaoArmazem.API)'
2026-08-19 22:45:58.612 -03:00 [INF] Executed endpoint 'GestaoArmazem.API.Controllers.RelatoriosController.PedidosRecebimento (GestaoArmazem.API)'
2026-08-19 22:45:58.617 -03:00 [INF] Request finished HTTP/2 GET https://localhost:7100/api/clientes - 200 null application/json; charset=utf-8 1315.4656ms
2026-08-19 22:45:58.621 -03:00 [INF] Route matched with {action = "Listar", controller = "Clientes"}. Executing controller action with signature System.Threading.Tasks.Task`1[Microsoft.AspNetCore.Mvc.ActionResult`1[System.Collections.Generic.IEnumerable`1[GestaoArmazem.Application.DTOs.ClienteDto]]] Listar() on controller GestaoArmazem.API.Controllers.ClientesController (GestaoArmazem.API).
2026-08-19 22:45:58.626 -03:00 [INF] Route matched with {action = "Listar", controller = "Fornecedores"}. Executing controller action with signature System.Threading.Tasks.Task`1[Microsoft.AspNetCore.Mvc.ActionResult`1[System.Collections.Generic.IEnumerable`1[GestaoArmazem.Application.DTOs.FornecedorDto]]] Listar() on controller GestaoArmazem.API.Controllers.FornecedoresController (GestaoArmazem.API).
2026-08-19 22:45:58.975 -03:00 [ERR] HTTP GET /api/relatorios/pedidos-recebimento responded 500 in 1655.5642 ms
System.InvalidOperationException: A parameterless default constructor or one matching signature (System.Guid Id, System.Guid FornecedorId, System.String FornecedorNome, System.Byte Status, System.DateTime DataPrevista, System.DateTime DataRecebimento, System.Int32 QuantidadeItens) is required for GestaoArmazem.Domain.Interfaces.PedidoRecebimentoResumo materialization
   at Dapper.SqlMapper.GenerateDeserializerFromMap(Type type, DbDataReader reader, Int32 startBound, Int32 length, Boolean returnNullIfFirstMissing, ILGenerator il) in /_/Dapper/SqlMapper.cs:line 3473
   at Dapper.SqlMapper.GetTypeDeserializerImpl(Type type, DbDataReader reader, Int32 startBound, Int32 length, Boolean returnNullIfFirstMissing) in /_/Dapper/SqlMapper.cs:line 3304
   at Dapper.SqlMapper.TypeDeserializerCache.GetReader(DbDataReader reader, Int32 startBound, Int32 length, Boolean returnNullIfFirstMissing) in /_/Dapper/SqlMapper.TypeDeserializerCache.cs:line 151
   at Dapper.SqlMapper.TypeDeserializerCache.GetReader(Type type, DbDataReader reader, Int32 startBound, Int32 length, Boolean returnNullIfFirstMissing) in /_/Dapper/SqlMapper.TypeDeserializerCache.cs:line 50
   at Dapper.SqlMapper.GetTypeDeserializer(Type type, DbDataReader reader, Int32 startBound, Int32 length, Boolean returnNullIfFirstMissing) in /_/Dapper/SqlMapper.cs:line 3258
   at Dapper.SqlMapper.GetDeserializer(Type type, DbDataReader reader, Int32 startBound, Int32 length, Boolean returnNullIfFirstMissing) in /_/Dapper/SqlMapper.cs:line 1945
   at Dapper.SqlMapper.QueryAsync[T](IDbConnection cnn, Type effectiveType, CommandDefinition command) in /_/Dapper/SqlMapper.Async.cs:line 442
   at GestaoArmazem.Application.Services.RelatorioService.ListarPedidosRecebimentoAsync(Nullable`1 fornecedorId, String status, Nullable`1 dataInicio, Nullable`1 dataFim, Int32 pagina, Int32 tamanhoPagina) in C:\Users\Geraldo Luiz\Desktop\Projetos Pessoais\GestaoArmazem\GestaoArmazem\src\GestaoArmazem.Application\Services\RelatorioService.cs:line 45
   at GestaoArmazem.API.Controllers.RelatoriosController.PedidosRecebimento(Nullable`1 fornecedorId, String status, Nullable`1 dataInicio, Nullable`1 dataFim, Int32 pagina, Int32 tamanhoPagina) in C:\Users\Geraldo Luiz\Desktop\Projetos Pessoais\GestaoArmazem\GestaoArmazem\src\GestaoArmazem.API\Controllers\RelatoriosController.cs:line 52
   at lambda_method83(Closure, Object)
   at Microsoft.AspNetCore.Mvc.Infrastructure.ActionMethodExecutor.AwaitableObjectResultExecutor.Execute(ActionContext actionContext, IActionResultTypeMapper mapper, ObjectMethodExecutor executor, Object controller, Object[] arguments)
   at Microsoft.AspNetCore.Mvc.Infrastructure.ControllerActionInvoker.<InvokeActionMethodAsync>g__Awaited|12_0(ControllerActionInvoker invoker, ValueTask`1 actionResultValueTask)
   at Microsoft.AspNetCore.Mvc.Infrastructure.ControllerActionInvoker.<InvokeNextActionFilterAsync>g__Awaited|10_0(ControllerActionInvoker invoker, Task lastTask, State next, Scope scope, Object state, Boolean isCompleted)
   at Microsoft.AspNetCore.Mvc.Infrastructure.ControllerActionInvoker.Rethrow(ActionExecutedContextSealed context)
   at Microsoft.AspNetCore.Mvc.Infrastructure.ControllerActionInvoker.Next(State& next, Scope& scope, Object& state, Boolean& isCompleted)
   at Microsoft.AspNetCore.Mvc.Infrastructure.ControllerActionInvoker.<InvokeInnerFilterAsync>g__Awaited|13_0(ControllerActionInvoker invoker, Task lastTask, State next, Scope scope, Object state, Boolean isCompleted)
   at Microsoft.AspNetCore.Mvc.Infrastructure.ResourceInvoker.<InvokeFilterPipelineAsync>g__Awaited|20_0(ResourceInvoker invoker, Task lastTask, State next, Scope scope, Object state, Boolean isCompleted)
   at Microsoft.AspNetCore.Mvc.Infrastructure.ResourceInvoker.<InvokeAsync>g__Logged|17_1(ResourceInvoker invoker)
   at Microsoft.AspNetCore.Mvc.Infrastructure.ResourceInvoker.<InvokeAsync>g__Logged|17_1(ResourceInvoker invoker)
   at Microsoft.AspNetCore.Routing.EndpointMiddleware.<Invoke>g__AwaitRequestTask|7_0(Endpoint endpoint, Task requestTask, ILogger logger)
   at Microsoft.AspNetCore.Authorization.AuthorizationMiddleware.Invoke(HttpContext context)
   at Microsoft.AspNetCore.Authentication.AuthenticationMiddleware.Invoke(HttpContext context)
   at Serilog.AspNetCore.RequestLoggingMiddleware.Invoke(HttpContext httpContext)
2026-08-19 22:45:58.995 -03:00 [INF] Executing OkObjectResult, writing value of type 'System.Linq.Enumerable+SelectListIterator`2[[GestaoArmazem.Domain.Entities.Cliente, GestaoArmazem.Domain, Version=1.0.0.0, Culture=neutral, PublicKeyToken=null],[GestaoArmazem.Application.DTOs.ClienteDto, GestaoArmazem.Application, Version=1.0.0.0, Culture=neutral, PublicKeyToken=null]]'.
2026-08-19 22:45:59.009 -03:00 [INF] Executing OkObjectResult, writing value of type 'System.Linq.Enumerable+SelectListIterator`2[[GestaoArmazem.Domain.Entities.Fornecedor, GestaoArmazem.Domain, Version=1.0.0.0, Culture=neutral, PublicKeyToken=null],[GestaoArmazem.Application.DTOs.FornecedorDto, GestaoArmazem.Application, Version=1.0.0.0, Culture=neutral, PublicKeyToken=null]]'.
2026-08-19 22:45:59.285 -03:00 [INF] Executed action GestaoArmazem.API.Controllers.ClientesController.Listar (GestaoArmazem.API) in 295.8308ms
2026-08-19 22:45:59.280 -03:00 [INF] Request finished HTTP/2 GET https://localhost:7100/api/relatorios/pedidos-recebimento?pagina=1&tamanhoPagina=50 - 409 null application/json 2016.6609ms
2026-08-19 22:45:59.290 -03:00 [INF] Request starting HTTP/2 GET https://localhost:7100/api/relatorios/pedidos-recebimento?pagina=1&tamanhoPagina=50 - application/json null
2026-08-19 22:45:59.295 -03:00 [INF] Executed action GestaoArmazem.API.Controllers.FornecedoresController.Listar (GestaoArmazem.API) in 293.2295ms
2026-08-19 22:45:59.304 -03:00 [INF] Executed endpoint 'GestaoArmazem.API.Controllers.ClientesController.Listar (GestaoArmazem.API)'
2026-08-19 22:45:59.338 -03:00 [INF] CORS policy execution successful.
2026-08-19 22:45:59.344 -03:00 [INF] Executed endpoint 'GestaoArmazem.API.Controllers.FornecedoresController.Listar (GestaoArmazem.API)'
2026-08-19 22:45:59.349 -03:00 [INF] HTTP GET /api/clientes responded 200 in 970.8325 ms
2026-08-19 22:45:59.354 -03:00 [INF] Executing endpoint 'GestaoArmazem.API.Controllers.RelatoriosController.PedidosRecebimento (GestaoArmazem.API)'
2026-08-19 22:45:59.358 -03:00 [INF] HTTP GET /api/fornecedores responded 200 in 1765.3324 ms
2026-08-19 22:45:59.368 -03:00 [INF] Request finished HTTP/2 GET https://localhost:7100/api/clientes - 200 null application/json; charset=utf-8 1492.1624ms
2026-08-19 22:45:59.373 -03:00 [INF] Route matched with {action = "PedidosRecebimento", controller = "Relatorios"}. Executing controller action with signature System.Threading.Tasks.Task`1[Microsoft.AspNetCore.Mvc.ActionResult`1[System.Collections.Generic.IEnumerable`1[GestaoArmazem.Application.DTOs.PedidoRecebimentoRelatorioDto]]] PedidosRecebimento(System.Nullable`1[System.Guid], System.String, System.Nullable`1[System.DateTime], System.Nullable`1[System.DateTime], Int32, Int32) on controller GestaoArmazem.API.Controllers.RelatoriosController (GestaoArmazem.API).
2026-08-19 22:45:59.381 -03:00 [INF] Request finished HTTP/2 GET https://localhost:7100/api/fornecedores - 200 null application/json; charset=utf-8 1934.367ms
2026-08-19 22:46:00.162 -03:00 [INF] Executed action GestaoArmazem.API.Controllers.RelatoriosController.PedidosRecebimento (GestaoArmazem.API) in 753.3099ms
2026-08-19 22:46:00.342 -03:00 [INF] Executed endpoint 'GestaoArmazem.API.Controllers.RelatoriosController.PedidosRecebimento (GestaoArmazem.API)'
2026-08-19 22:46:00.615 -03:00 [ERR] HTTP GET /api/relatorios/pedidos-recebimento responded 500 in 1277.8599 ms
System.InvalidOperationException: A parameterless default constructor or one matching signature (System.Guid Id, System.Guid FornecedorId, System.String FornecedorNome, System.Byte Status, System.DateTime DataPrevista, System.DateTime DataRecebimento, System.Int32 QuantidadeItens) is required for GestaoArmazem.Domain.Interfaces.PedidoRecebimentoResumo materialization
   at Dapper.SqlMapper.GenerateDeserializerFromMap(Type type, DbDataReader reader, Int32 startBound, Int32 length, Boolean returnNullIfFirstMissing, ILGenerator il) in /_/Dapper/SqlMapper.cs:line 3473
   at Dapper.SqlMapper.GetTypeDeserializerImpl(Type type, DbDataReader reader, Int32 startBound, Int32 length, Boolean returnNullIfFirstMissing) in /_/Dapper/SqlMapper.cs:line 3304
   at Dapper.SqlMapper.TypeDeserializerCache.GetReader(DbDataReader reader, Int32 startBound, Int32 length, Boolean returnNullIfFirstMissing) in /_/Dapper/SqlMapper.TypeDeserializerCache.cs:line 151
   at Dapper.SqlMapper.TypeDeserializerCache.GetReader(Type type, DbDataReader reader, Int32 startBound, Int32 length, Boolean returnNullIfFirstMissing) in /_/Dapper/SqlMapper.TypeDeserializerCache.cs:line 50
   at Dapper.SqlMapper.GetTypeDeserializer(Type type, DbDataReader reader, Int32 startBound, Int32 length, Boolean returnNullIfFirstMissing) in /_/Dapper/SqlMapper.cs:line 3258
   at Dapper.SqlMapper.GetDeserializer(Type type, DbDataReader reader, Int32 startBound, Int32 length, Boolean returnNullIfFirstMissing) in /_/Dapper/SqlMapper.cs:line 1945
   at Dapper.SqlMapper.QueryAsync[T](IDbConnection cnn, Type effectiveType, CommandDefinition command) in /_/Dapper/SqlMapper.Async.cs:line 442
   at GestaoArmazem.Application.Services.RelatorioService.ListarPedidosRecebimentoAsync(Nullable`1 fornecedorId, String status, Nullable`1 dataInicio, Nullable`1 dataFim, Int32 pagina, Int32 tamanhoPagina) in C:\Users\Geraldo Luiz\Desktop\Projetos Pessoais\GestaoArmazem\GestaoArmazem\src\GestaoArmazem.Application\Services\RelatorioService.cs:line 45
   at GestaoArmazem.API.Controllers.RelatoriosController.PedidosRecebimento(Nullable`1 fornecedorId, String status, Nullable`1 dataInicio, Nullable`1 dataFim, Int32 pagina, Int32 tamanhoPagina) in C:\Users\Geraldo Luiz\Desktop\Projetos Pessoais\GestaoArmazem\GestaoArmazem\src\GestaoArmazem.API\Controllers\RelatoriosController.cs:line 52
   at lambda_method83(Closure, Object)
   at Microsoft.AspNetCore.Mvc.Infrastructure.ActionMethodExecutor.AwaitableObjectResultExecutor.Execute(ActionContext actionContext, IActionResultTypeMapper mapper, ObjectMethodExecutor executor, Object controller, Object[] arguments)
   at Microsoft.AspNetCore.Mvc.Infrastructure.ControllerActionInvoker.<InvokeActionMethodAsync>g__Awaited|12_0(ControllerActionInvoker invoker, ValueTask`1 actionResultValueTask)
   at Microsoft.AspNetCore.Mvc.Infrastructure.ControllerActionInvoker.<InvokeNextActionFilterAsync>g__Awaited|10_0(ControllerActionInvoker invoker, Task lastTask, State next, Scope scope, Object state, Boolean isCompleted)
   at Microsoft.AspNetCore.Mvc.Infrastructure.ControllerActionInvoker.Rethrow(ActionExecutedContextSealed context)
   at Microsoft.AspNetCore.Mvc.Infrastructure.ControllerActionInvoker.Next(State& next, Scope& scope, Object& state, Boolean& isCompleted)
   at Microsoft.AspNetCore.Mvc.Infrastructure.ControllerActionInvoker.<InvokeInnerFilterAsync>g__Awaited|13_0(ControllerActionInvoker invoker, Task lastTask, State next, Scope scope, Object state, Boolean isCompleted)
   at Microsoft.AspNetCore.Mvc.Infrastructure.ResourceInvoker.<InvokeFilterPipelineAsync>g__Awaited|20_0(ResourceInvoker invoker, Task lastTask, State next, Scope scope, Object state, Boolean isCompleted)
   at Microsoft.AspNetCore.Mvc.Infrastructure.ResourceInvoker.<InvokeAsync>g__Logged|17_1(ResourceInvoker invoker)
   at Microsoft.AspNetCore.Mvc.Infrastructure.ResourceInvoker.<InvokeAsync>g__Logged|17_1(ResourceInvoker invoker)
   at Microsoft.AspNetCore.Routing.EndpointMiddleware.<Invoke>g__AwaitRequestTask|7_0(Endpoint endpoint, Task requestTask, ILogger logger)
   at Microsoft.AspNetCore.Authorization.AuthorizationMiddleware.Invoke(HttpContext context)
   at Microsoft.AspNetCore.Authentication.AuthenticationMiddleware.Invoke(HttpContext context)
   at Serilog.AspNetCore.RequestLoggingMiddleware.Invoke(HttpContext httpContext)
2026-08-19 22:46:00.881 -03:00 [INF] Request finished HTTP/2 GET https://localhost:7100/api/relatorios/pedidos-recebimento?pagina=1&tamanhoPagina=50 - 409 null application/json 1593.3176ms
2026-08-19 22:46:15.962 -03:00 [INF] Request starting HTTP/2 OPTIONS https://localhost:7100/api/relatorios/pedidos-recebimento?dataInicio=2026-08-01&dataFim=2026-08-19&pagina=1&tamanhoPagina=50 - null null
2026-08-19 22:46:15.988 -03:00 [INF] CORS policy execution successful.
2026-08-19 22:46:16.003 -03:00 [INF] HTTP OPTIONS /api/relatorios/pedidos-recebimento responded 204 in 15.1499 ms
2026-08-19 22:46:16.026 -03:00 [INF] Request finished HTTP/2 OPTIONS https://localhost:7100/api/relatorios/pedidos-recebimento?dataInicio=2026-08-01&dataFim=2026-08-19&pagina=1&tamanhoPagina=50 - 204 null null 63.4229ms
2026-08-19 22:46:16.044 -03:00 [INF] Request starting HTTP/2 GET https://localhost:7100/api/relatorios/pedidos-recebimento?dataInicio=2026-08-01&dataFim=2026-08-19&pagina=1&tamanhoPagina=50 - application/json null
2026-08-19 22:46:16.099 -03:00 [INF] CORS policy execution successful.
2026-08-19 22:46:16.107 -03:00 [INF] Executing endpoint 'GestaoArmazem.API.Controllers.RelatoriosController.PedidosRecebimento (GestaoArmazem.API)'
2026-08-19 22:46:16.119 -03:00 [INF] Route matched with {action = "PedidosRecebimento", controller = "Relatorios"}. Executing controller action with signature System.Threading.Tasks.Task`1[Microsoft.AspNetCore.Mvc.ActionResult`1[System.Collections.Generic.IEnumerable`1[GestaoArmazem.Application.DTOs.PedidoRecebimentoRelatorioDto]]] PedidosRecebimento(System.Nullable`1[System.Guid], System.String, System.Nullable`1[System.DateTime], System.Nullable`1[System.DateTime], Int32, Int32) on controller GestaoArmazem.API.Controllers.RelatoriosController (GestaoArmazem.API).
2026-08-19 22:46:17.321 -03:00 [INF] Executed action GestaoArmazem.API.Controllers.RelatoriosController.PedidosRecebimento (GestaoArmazem.API) in 1185.4483ms
2026-08-19 22:46:17.518 -03:00 [INF] Executed endpoint 'GestaoArmazem.API.Controllers.RelatoriosController.PedidosRecebimento (GestaoArmazem.API)'
2026-08-19 22:46:17.791 -03:00 [ERR] HTTP GET /api/relatorios/pedidos-recebimento responded 500 in 1692.3627 ms
System.InvalidOperationException: A parameterless default constructor or one matching signature (System.Guid Id, System.Guid FornecedorId, System.String FornecedorNome, System.Byte Status, System.DateTime DataPrevista, System.DateTime DataRecebimento, System.Int32 QuantidadeItens) is required for GestaoArmazem.Domain.Interfaces.PedidoRecebimentoResumo materialization
   at Dapper.SqlMapper.GenerateDeserializerFromMap(Type type, DbDataReader reader, Int32 startBound, Int32 length, Boolean returnNullIfFirstMissing, ILGenerator il) in /_/Dapper/SqlMapper.cs:line 3473
   at Dapper.SqlMapper.GetTypeDeserializerImpl(Type type, DbDataReader reader, Int32 startBound, Int32 length, Boolean returnNullIfFirstMissing) in /_/Dapper/SqlMapper.cs:line 3304
   at Dapper.SqlMapper.TypeDeserializerCache.GetReader(DbDataReader reader, Int32 startBound, Int32 length, Boolean returnNullIfFirstMissing) in /_/Dapper/SqlMapper.TypeDeserializerCache.cs:line 151
   at Dapper.SqlMapper.TypeDeserializerCache.GetReader(Type type, DbDataReader reader, Int32 startBound, Int32 length, Boolean returnNullIfFirstMissing) in /_/Dapper/SqlMapper.TypeDeserializerCache.cs:line 50
   at Dapper.SqlMapper.GetTypeDeserializer(Type type, DbDataReader reader, Int32 startBound, Int32 length, Boolean returnNullIfFirstMissing) in /_/Dapper/SqlMapper.cs:line 3258
   at Dapper.SqlMapper.GetDeserializer(Type type, DbDataReader reader, Int32 startBound, Int32 length, Boolean returnNullIfFirstMissing) in /_/Dapper/SqlMapper.cs:line 1945
   at Dapper.SqlMapper.QueryAsync[T](IDbConnection cnn, Type effectiveType, CommandDefinition command) in /_/Dapper/SqlMapper.Async.cs:line 442
   at GestaoArmazem.Application.Services.RelatorioService.ListarPedidosRecebimentoAsync(Nullable`1 fornecedorId, String status, Nullable`1 dataInicio, Nullable`1 dataFim, Int32 pagina, Int32 tamanhoPagina) in C:\Users\Geraldo Luiz\Desktop\Projetos Pessoais\GestaoArmazem\GestaoArmazem\src\GestaoArmazem.Application\Services\RelatorioService.cs:line 45
   at GestaoArmazem.API.Controllers.RelatoriosController.PedidosRecebimento(Nullable`1 fornecedorId, String status, Nullable`1 dataInicio, Nullable`1 dataFim, Int32 pagina, Int32 tamanhoPagina) in C:\Users\Geraldo Luiz\Desktop\Projetos Pessoais\GestaoArmazem\GestaoArmazem\src\GestaoArmazem.API\Controllers\RelatoriosController.cs:line 52
   at lambda_method83(Closure, Object)
   at Microsoft.AspNetCore.Mvc.Infrastructure.ActionMethodExecutor.AwaitableObjectResultExecutor.Execute(ActionContext actionContext, IActionResultTypeMapper mapper, ObjectMethodExecutor executor, Object controller, Object[] arguments)
   at Microsoft.AspNetCore.Mvc.Infrastructure.ControllerActionInvoker.<InvokeActionMethodAsync>g__Awaited|12_0(ControllerActionInvoker invoker, ValueTask`1 actionResultValueTask)
   at Microsoft.AspNetCore.Mvc.Infrastructure.ControllerActionInvoker.<InvokeNextActionFilterAsync>g__Awaited|10_0(ControllerActionInvoker invoker, Task lastTask, State next, Scope scope, Object state, Boolean isCompleted)
   at Microsoft.AspNetCore.Mvc.Infrastructure.ControllerActionInvoker.Rethrow(ActionExecutedContextSealed context)
   at Microsoft.AspNetCore.Mvc.Infrastructure.ControllerActionInvoker.Next(State& next, Scope& scope, Object& state, Boolean& isCompleted)
   at Microsoft.AspNetCore.Mvc.Infrastructure.ControllerActionInvoker.<InvokeInnerFilterAsync>g__Awaited|13_0(ControllerActionInvoker invoker, Task lastTask, State next, Scope scope, Object state, Boolean isCompleted)
   at Microsoft.AspNetCore.Mvc.Infrastructure.ResourceInvoker.<InvokeFilterPipelineAsync>g__Awaited|20_0(ResourceInvoker invoker, Task lastTask, State next, Scope scope, Object state, Boolean isCompleted)
   at Microsoft.AspNetCore.Mvc.Infrastructure.ResourceInvoker.<InvokeAsync>g__Logged|17_1(ResourceInvoker invoker)
   at Microsoft.AspNetCore.Mvc.Infrastructure.ResourceInvoker.<InvokeAsync>g__Logged|17_1(ResourceInvoker invoker)
   at Microsoft.AspNetCore.Routing.EndpointMiddleware.<Invoke>g__AwaitRequestTask|7_0(Endpoint endpoint, Task requestTask, ILogger logger)
   at Microsoft.AspNetCore.Authorization.AuthorizationMiddleware.Invoke(HttpContext context)
   at Microsoft.AspNetCore.Authentication.AuthenticationMiddleware.Invoke(HttpContext context)
   at Serilog.AspNetCore.RequestLoggingMiddleware.Invoke(HttpContext httpContext)
2026-08-19 22:46:18.018 -03:00 [INF] Request finished HTTP/2 GET https://localhost:7100/api/relatorios/pedidos-recebimento?dataInicio=2026-08-01&dataFim=2026-08-19&pagina=1&tamanhoPagina=50 - 409 null application/json 1977.6589ms
2026-08-19 22:48:35.285 -03:00 [INF] Request starting HTTP/2 OPTIONS https://localhost:7100/api/relatorios/pedidos-recebimento?dataInicio=2026-08-01&dataFim=2026-08-19&pagina=1&tamanhoPagina=50 - null null
2026-08-19 22:48:35.312 -03:00 [INF] CORS policy execution successful.
2026-08-19 22:48:35.319 -03:00 [INF] HTTP OPTIONS /api/relatorios/pedidos-recebimento responded 204 in 6.8485 ms
2026-08-19 22:48:35.335 -03:00 [INF] Request finished HTTP/2 OPTIONS https://localhost:7100/api/relatorios/pedidos-recebimento?dataInicio=2026-08-01&dataFim=2026-08-19&pagina=1&tamanhoPagina=50 - 204 null null 53.0172ms
2026-08-19 22:48:35.547 -03:00 [INF] Request starting HTTP/2 GET https://localhost:7100/api/relatorios/pedidos-recebimento?dataInicio=2026-08-01&dataFim=2026-08-19&pagina=1&tamanhoPagina=50 - application/json null
2026-08-19 22:48:35.582 -03:00 [INF] CORS policy execution successful.
2026-08-19 22:48:35.590 -03:00 [INF] Executing endpoint 'GestaoArmazem.API.Controllers.RelatoriosController.PedidosRecebimento (GestaoArmazem.API)'
2026-08-19 22:48:35.599 -03:00 [INF] Route matched with {action = "PedidosRecebimento", controller = "Relatorios"}. Executing controller action with signature System.Threading.Tasks.Task`1[Microsoft.AspNetCore.Mvc.ActionResult`1[System.Collections.Generic.IEnumerable`1[GestaoArmazem.Application.DTOs.PedidoRecebimentoRelatorioDto]]] PedidosRecebimento(System.Nullable`1[System.Guid], System.String, System.Nullable`1[System.DateTime], System.Nullable`1[System.DateTime], Int32, Int32) on controller GestaoArmazem.API.Controllers.RelatoriosController (GestaoArmazem.API).
2026-08-19 22:48:36.974 -03:00 [INF] Executed action GestaoArmazem.API.Controllers.RelatoriosController.PedidosRecebimento (GestaoArmazem.API) in 1358.743ms
2026-08-19 22:48:37.360 -03:00 [INF] Executed endpoint 'GestaoArmazem.API.Controllers.RelatoriosController.PedidosRecebimento (GestaoArmazem.API)'
2026-08-19 22:48:37.871 -03:00 [ERR] HTTP GET /api/relatorios/pedidos-recebimento responded 500 in 2288.0528 ms
System.InvalidOperationException: A parameterless default constructor or one matching signature (System.Guid Id, System.Guid FornecedorId, System.String FornecedorNome, System.Byte Status, System.DateTime DataPrevista, System.DateTime DataRecebimento, System.Int32 QuantidadeItens) is required for GestaoArmazem.Domain.Interfaces.PedidoRecebimentoResumo materialization
   at Dapper.SqlMapper.GenerateDeserializerFromMap(Type type, DbDataReader reader, Int32 startBound, Int32 length, Boolean returnNullIfFirstMissing, ILGenerator il) in /_/Dapper/SqlMapper.cs:line 3473
   at Dapper.SqlMapper.GetTypeDeserializerImpl(Type type, DbDataReader reader, Int32 startBound, Int32 length, Boolean returnNullIfFirstMissing) in /_/Dapper/SqlMapper.cs:line 3304
   at Dapper.SqlMapper.TypeDeserializerCache.GetReader(DbDataReader reader, Int32 startBound, Int32 length, Boolean returnNullIfFirstMissing) in /_/Dapper/SqlMapper.TypeDeserializerCache.cs:line 151
   at Dapper.SqlMapper.TypeDeserializerCache.GetReader(Type type, DbDataReader reader, Int32 startBound, Int32 length, Boolean returnNullIfFirstMissing) in /_/Dapper/SqlMapper.TypeDeserializerCache.cs:line 50
   at Dapper.SqlMapper.GetTypeDeserializer(Type type, DbDataReader reader, Int32 startBound, Int32 length, Boolean returnNullIfFirstMissing) in /_/Dapper/SqlMapper.cs:line 3258
   at Dapper.SqlMapper.GetDeserializer(Type type, DbDataReader reader, Int32 startBound, Int32 length, Boolean returnNullIfFirstMissing) in /_/Dapper/SqlMapper.cs:line 1945
   at Dapper.SqlMapper.QueryAsync[T](IDbConnection cnn, Type effectiveType, CommandDefinition command) in /_/Dapper/SqlMapper.Async.cs:line 442
   at GestaoArmazem.Application.Services.RelatorioService.ListarPedidosRecebimentoAsync(Nullable`1 fornecedorId, String status, Nullable`1 dataInicio, Nullable`1 dataFim, Int32 pagina, Int32 tamanhoPagina) in C:\Users\Geraldo Luiz\Desktop\Projetos Pessoais\GestaoArmazem\GestaoArmazem\src\GestaoArmazem.Application\Services\RelatorioService.cs:line 45
   at GestaoArmazem.API.Controllers.RelatoriosController.PedidosRecebimento(Nullable`1 fornecedorId, String status, Nullable`1 dataInicio, Nullable`1 dataFim, Int32 pagina, Int32 tamanhoPagina) in C:\Users\Geraldo Luiz\Desktop\Projetos Pessoais\GestaoArmazem\GestaoArmazem\src\GestaoArmazem.API\Controllers\RelatoriosController.cs:line 52
   at lambda_method83(Closure, Object)
   at Microsoft.AspNetCore.Mvc.Infrastructure.ActionMethodExecutor.AwaitableObjectResultExecutor.Execute(ActionContext actionContext, IActionResultTypeMapper mapper, ObjectMethodExecutor executor, Object controller, Object[] arguments)
   at Microsoft.AspNetCore.Mvc.Infrastructure.ControllerActionInvoker.<InvokeActionMethodAsync>g__Awaited|12_0(ControllerActionInvoker invoker, ValueTask`1 actionResultValueTask)
   at Microsoft.AspNetCore.Mvc.Infrastructure.ControllerActionInvoker.<InvokeNextActionFilterAsync>g__Awaited|10_0(ControllerActionInvoker invoker, Task lastTask, State next, Scope scope, Object state, Boolean isCompleted)
   at Microsoft.AspNetCore.Mvc.Infrastructure.ControllerActionInvoker.Rethrow(ActionExecutedContextSealed context)
   at Microsoft.AspNetCore.Mvc.Infrastructure.ControllerActionInvoker.Next(State& next, Scope& scope, Object& state, Boolean& isCompleted)
   at Microsoft.AspNetCore.Mvc.Infrastructure.ControllerActionInvoker.<InvokeInnerFilterAsync>g__Awaited|13_0(ControllerActionInvoker invoker, Task lastTask, State next, Scope scope, Object state, Boolean isCompleted)
   at Microsoft.AspNetCore.Mvc.Infrastructure.ResourceInvoker.<InvokeFilterPipelineAsync>g__Awaited|20_0(ResourceInvoker invoker, Task lastTask, State next, Scope scope, Object state, Boolean isCompleted)
   at Microsoft.AspNetCore.Mvc.Infrastructure.ResourceInvoker.<InvokeAsync>g__Logged|17_1(ResourceInvoker invoker)
   at Microsoft.AspNetCore.Mvc.Infrastructure.ResourceInvoker.<InvokeAsync>g__Logged|17_1(ResourceInvoker invoker)
   at Microsoft.AspNetCore.Routing.EndpointMiddleware.<Invoke>g__AwaitRequestTask|7_0(Endpoint endpoint, Task requestTask, ILogger logger)
   at Microsoft.AspNetCore.Authorization.AuthorizationMiddleware.Invoke(HttpContext context)
   at Microsoft.AspNetCore.Authentication.AuthenticationMiddleware.Invoke(HttpContext context)
   at Serilog.AspNetCore.RequestLoggingMiddleware.Invoke(HttpContext httpContext)
2026-08-19 22:48:38.219 -03:00 [INF] Request finished HTTP/2 GET https://localhost:7100/api/relatorios/pedidos-recebimento?dataInicio=2026-08-01&dataFim=2026-08-19&pagina=1&tamanhoPagina=50 - 409 null application/json 2673.605ms
2026-08-19 22:50:30.782 -03:00 [DBG] Hosting starting
2026-08-19 22:50:31.000 -03:00 [INF] User profile is available. Using 'C:\Users\Geraldo Luiz\AppData\Local\ASP.NET\DataProtection-Keys' as key repository and Windows DPAPI to encrypt keys at rest.
2026-08-19 22:50:32.097 -03:00 [INF] Now listening on: https://localhost:7100
2026-08-19 22:50:32.105 -03:00 [INF] Now listening on: http://localhost:5100
2026-08-19 22:50:33.390 -03:00 [INF] Application started. Press Ctrl+C to shut down.
2026-08-19 22:50:33.396 -03:00 [INF] Hosting environment: Development
2026-08-19 22:50:33.401 -03:00 [INF] Content root path: C:\Users\Geraldo Luiz\Desktop\Projetos Pessoais\GestaoArmazem\GestaoArmazem\src\GestaoArmazem.API
2026-08-19 22:50:33.463 -03:00 [DBG] Hosting started
2026-08-19 22:50:33.917 -03:00 [INF] Request starting HTTP/2 GET https://localhost:7100/swagger/index.html - null null
2026-08-19 22:50:34.543 -03:00 [DBG] Response markup is scheduled to include Browser Link script injection.
2026-08-19 22:50:34.670 -03:00 [DBG] Response markup was updated to include Browser Link script injection.
2026-08-19 22:50:34.737 -03:00 [INF] Request finished HTTP/2 GET https://localhost:7100/swagger/index.html - 200 null text/html;charset=utf-8 842.5253ms
2026-08-19 22:50:34.881 -03:00 [INF] Request starting HTTP/2 GET https://localhost:7100/_vs/browserLink - null null
2026-08-19 22:50:34.881 -03:00 [INF] Request starting HTTP/2 GET https://localhost:7100/_framework/aspnetcore-browser-refresh.js - null null
2026-08-19 22:50:34.922 -03:00 [INF] Request finished HTTP/2 GET https://localhost:7100/_framework/aspnetcore-browser-refresh.js - 200 14939 application/javascript; charset=utf-8 41.8838ms
2026-08-19 22:50:35.024 -03:00 [INF] Request finished HTTP/2 GET https://localhost:7100/_vs/browserLink - 200 null text/javascript; charset=UTF-8 143.3605ms
2026-08-19 22:50:35.246 -03:00 [INF] Request starting HTTP/2 GET https://localhost:7100/swagger/v1/swagger.json - null null
2026-08-19 22:50:35.433 -03:00 [INF] Request finished HTTP/2 GET https://localhost:7100/swagger/v1/swagger.json - 200 null application/json;charset=utf-8 187.4214ms
2026-08-19 22:51:11.595 -03:00 [INF] Request starting HTTP/2 OPTIONS https://localhost:7100/api/pedidos-recebimento?pagina=1&tamanhoPagina=20 - null null
2026-08-19 22:51:11.595 -03:00 [INF] Request starting HTTP/2 OPTIONS https://localhost:7100/api/produtos?pagina=1&tamanhoPagina=20 - null null
2026-08-19 22:51:11.596 -03:00 [INF] Request starting HTTP/2 OPTIONS https://localhost:7100/api/pedidos-expedicao?pagina=1&tamanhoPagina=20 - null null
2026-08-19 22:51:11.596 -03:00 [INF] Request starting HTTP/2 OPTIONS https://localhost:7100/api/produtos?pagina=1&tamanhoPagina=20 - null null
2026-08-19 22:51:11.609 -03:00 [INF] Request starting HTTP/2 OPTIONS https://localhost:7100/api/pedidos-expedicao?pagina=1&tamanhoPagina=20 - null null
2026-08-19 22:51:11.623 -03:00 [INF] Request starting HTTP/2 OPTIONS https://localhost:7100/api/pedidos-recebimento?pagina=1&tamanhoPagina=20 - null null
2026-08-19 22:51:11.685 -03:00 [INF] CORS policy execution successful.
2026-08-19 22:51:11.686 -03:00 [INF] CORS policy execution successful.
2026-08-19 22:51:11.691 -03:00 [INF] CORS policy execution successful.
2026-08-19 22:51:11.702 -03:00 [INF] CORS policy execution successful.
2026-08-19 22:51:11.711 -03:00 [INF] CORS policy execution successful.
2026-08-19 22:51:11.721 -03:00 [INF] CORS policy execution successful.
2026-08-19 22:51:11.736 -03:00 [INF] HTTP OPTIONS /api/produtos responded 204 in 33.0191 ms
2026-08-19 22:51:11.736 -03:00 [INF] HTTP OPTIONS /api/pedidos-expedicao responded 204 in 40.5353 ms
2026-08-19 22:51:11.736 -03:00 [INF] HTTP OPTIONS /api/produtos responded 204 in 46.7251 ms
2026-08-19 22:51:11.760 -03:00 [INF] Request finished HTTP/2 OPTIONS https://localhost:7100/api/pedidos-expedicao?pagina=1&tamanhoPagina=20 - 204 null null 163.8555ms
2026-08-19 22:51:11.736 -03:00 [INF] HTTP OPTIONS /api/pedidos-recebimento responded 204 in 49.4799 ms
2026-08-19 22:51:11.750 -03:00 [INF] Request finished HTTP/2 OPTIONS https://localhost:7100/api/produtos?pagina=1&tamanhoPagina=20 - 204 null null 154.024ms
2026-08-19 22:51:11.771 -03:00 [INF] Request finished HTTP/2 OPTIONS https://localhost:7100/api/produtos?pagina=1&tamanhoPagina=20 - 204 null null 177.5356ms
2026-08-19 22:51:11.794 -03:00 [INF] Request finished HTTP/2 OPTIONS https://localhost:7100/api/pedidos-recebimento?pagina=1&tamanhoPagina=20 - 204 null null 200.5742ms
2026-08-19 22:51:11.738 -03:00 [INF] HTTP OPTIONS /api/pedidos-expedicao responded 204 in 26.6794 ms
2026-08-19 22:51:11.741 -03:00 [INF] HTTP OPTIONS /api/pedidos-recebimento responded 204 in 20.3001 ms
2026-08-19 22:51:11.767 -03:00 [INF] Request starting HTTP/2 GET https://localhost:7100/api/pedidos-expedicao?pagina=1&tamanhoPagina=20 - application/json null
2026-08-19 22:51:11.758 -03:00 [INF] Request starting HTTP/2 GET https://localhost:7100/api/produtos?pagina=1&tamanhoPagina=20 - application/json null
2026-08-19 22:51:11.801 -03:00 [INF] Request starting HTTP/2 GET https://localhost:7100/api/pedidos-recebimento?pagina=1&tamanhoPagina=20 - application/json null
2026-08-19 22:51:11.849 -03:00 [INF] Request finished HTTP/2 OPTIONS https://localhost:7100/api/pedidos-expedicao?pagina=1&tamanhoPagina=20 - 204 null null 239.8899ms
2026-08-19 22:51:11.860 -03:00 [INF] Request finished HTTP/2 OPTIONS https://localhost:7100/api/pedidos-recebimento?pagina=1&tamanhoPagina=20 - 204 null null 236.9295ms
2026-08-19 22:51:11.876 -03:00 [INF] CORS policy execution successful.
2026-08-19 22:51:11.890 -03:00 [INF] CORS policy execution successful.
2026-08-19 22:51:11.904 -03:00 [INF] CORS policy execution successful.
2026-08-19 22:51:12.672 -03:00 [INF] Executing endpoint 'GestaoArmazem.API.Controllers.ProdutosController.Listar (GestaoArmazem.API)'
2026-08-19 22:51:12.672 -03:00 [INF] Executing endpoint 'GestaoArmazem.API.Controllers.PedidosRecebimentoController.Listar (GestaoArmazem.API)'
2026-08-19 22:51:12.672 -03:00 [INF] Executing endpoint 'GestaoArmazem.API.Controllers.PedidosExpedicaoController.Listar (GestaoArmazem.API)'
2026-08-19 22:51:12.779 -03:00 [INF] Route matched with {action = "Listar", controller = "PedidosExpedicao"}. Executing controller action with signature System.Threading.Tasks.Task`1[Microsoft.AspNetCore.Mvc.ActionResult`1[System.Collections.Generic.IEnumerable`1[GestaoArmazem.Application.DTOs.PedidoExpedicaoDto]]] Listar(Int32, Int32) on controller GestaoArmazem.API.Controllers.PedidosExpedicaoController (GestaoArmazem.API).
2026-08-19 22:51:12.779 -03:00 [INF] Route matched with {action = "Listar", controller = "Produtos"}. Executing controller action with signature System.Threading.Tasks.Task`1[Microsoft.AspNetCore.Mvc.ActionResult`1[System.Collections.Generic.IEnumerable`1[GestaoArmazem.Application.DTOs.ProdutoDto]]] Listar(Int32, Int32) on controller GestaoArmazem.API.Controllers.ProdutosController (GestaoArmazem.API).
2026-08-19 22:51:12.779 -03:00 [INF] Route matched with {action = "Listar", controller = "PedidosRecebimento"}. Executing controller action with signature System.Threading.Tasks.Task`1[Microsoft.AspNetCore.Mvc.ActionResult`1[System.Collections.Generic.IEnumerable`1[GestaoArmazem.Application.DTOs.PedidoRecebimentoDto]]] Listar(Int32, Int32) on controller GestaoArmazem.API.Controllers.PedidosRecebimentoController (GestaoArmazem.API).
2026-08-19 22:51:13.263 -03:00 [INF] Executing OkObjectResult, writing value of type 'System.Collections.Generic.List`1[[GestaoArmazem.Application.DTOs.PedidoExpedicaoDto, GestaoArmazem.Application, Version=1.0.0.0, Culture=neutral, PublicKeyToken=null]]'.
2026-08-19 22:51:13.263 -03:00 [INF] Executing OkObjectResult, writing value of type 'System.Collections.Generic.List`1[[GestaoArmazem.Application.DTOs.PedidoRecebimentoDto, GestaoArmazem.Application, Version=1.0.0.0, Culture=neutral, PublicKeyToken=null]]'.
2026-08-19 22:51:13.263 -03:00 [INF] Executing OkObjectResult, writing value of type 'System.Linq.Enumerable+SelectListIterator`2[[GestaoArmazem.Domain.Entities.Produto, GestaoArmazem.Domain, Version=1.0.0.0, Culture=neutral, PublicKeyToken=null],[GestaoArmazem.Application.DTOs.ProdutoDto, GestaoArmazem.Application, Version=1.0.0.0, Culture=neutral, PublicKeyToken=null]]'.
2026-08-19 22:51:13.342 -03:00 [INF] Request starting HTTP/2 GET https://localhost:7100/api/pedidos-expedicao?pagina=1&tamanhoPagina=20 - application/json null
2026-08-19 22:51:13.342 -03:00 [INF] Request starting HTTP/2 GET https://localhost:7100/api/pedidos-recebimento?pagina=1&tamanhoPagina=20 - application/json null
2026-08-19 22:51:13.342 -03:00 [INF] Request starting HTTP/2 GET https://localhost:7100/api/produtos?pagina=1&tamanhoPagina=20 - application/json null
2026-08-19 22:51:13.351 -03:00 [INF] Executed action GestaoArmazem.API.Controllers.PedidosExpedicaoController.Listar (GestaoArmazem.API) in 547.4541ms
2026-08-19 22:51:13.351 -03:00 [INF] Executed action GestaoArmazem.API.Controllers.ProdutosController.Listar (GestaoArmazem.API) in 539.9808ms
2026-08-19 22:51:13.351 -03:00 [INF] Executed action GestaoArmazem.API.Controllers.PedidosRecebimentoController.Listar (GestaoArmazem.API) in 530.9614ms
2026-08-19 22:51:13.356 -03:00 [INF] CORS policy execution successful.
2026-08-19 22:51:13.369 -03:00 [INF] CORS policy execution successful.
2026-08-19 22:51:13.382 -03:00 [INF] CORS policy execution successful.
2026-08-19 22:51:13.390 -03:00 [INF] Executed endpoint 'GestaoArmazem.API.Controllers.PedidosExpedicaoController.Listar (GestaoArmazem.API)'
2026-08-19 22:51:13.394 -03:00 [INF] Executed endpoint 'GestaoArmazem.API.Controllers.ProdutosController.Listar (GestaoArmazem.API)'
2026-08-19 22:51:13.401 -03:00 [INF] Executed endpoint 'GestaoArmazem.API.Controllers.PedidosRecebimentoController.Listar (GestaoArmazem.API)'
2026-08-19 22:51:13.419 -03:00 [INF] Executing endpoint 'GestaoArmazem.API.Controllers.PedidosRecebimentoController.Listar (GestaoArmazem.API)'
2026-08-19 22:51:13.419 -03:00 [INF] Executing endpoint 'GestaoArmazem.API.Controllers.PedidosExpedicaoController.Listar (GestaoArmazem.API)'
2026-08-19 22:51:13.419 -03:00 [INF] Executing endpoint 'GestaoArmazem.API.Controllers.ProdutosController.Listar (GestaoArmazem.API)'
2026-08-19 22:51:13.422 -03:00 [INF] HTTP GET /api/pedidos-expedicao responded 200 in 1546.2219 ms
2026-08-19 22:51:13.423 -03:00 [INF] HTTP GET /api/produtos responded 200 in 1533.5688 ms
2026-08-19 22:51:13.428 -03:00 [INF] HTTP GET /api/pedidos-recebimento responded 200 in 1523.6165 ms
2026-08-19 22:51:13.434 -03:00 [INF] Route matched with {action = "Listar", controller = "PedidosRecebimento"}. Executing controller action with signature System.Threading.Tasks.Task`1[Microsoft.AspNetCore.Mvc.ActionResult`1[System.Collections.Generic.IEnumerable`1[GestaoArmazem.Application.DTOs.PedidoRecebimentoDto]]] Listar(Int32, Int32) on controller GestaoArmazem.API.Controllers.PedidosRecebimentoController (GestaoArmazem.API).
2026-08-19 22:51:13.438 -03:00 [INF] Route matched with {action = "Listar", controller = "PedidosExpedicao"}. Executing controller action with signature System.Threading.Tasks.Task`1[Microsoft.AspNetCore.Mvc.ActionResult`1[System.Collections.Generic.IEnumerable`1[GestaoArmazem.Application.DTOs.PedidoExpedicaoDto]]] Listar(Int32, Int32) on controller GestaoArmazem.API.Controllers.PedidosExpedicaoController (GestaoArmazem.API).
2026-08-19 22:51:13.459 -03:00 [INF] Request finished HTTP/2 GET https://localhost:7100/api/produtos?pagina=1&tamanhoPagina=20 - 200 null application/json; charset=utf-8 1701.2558ms
2026-08-19 22:51:13.467 -03:00 [INF] Request finished HTTP/2 GET https://localhost:7100/api/pedidos-recebimento?pagina=1&tamanhoPagina=20 - 200 null application/json; charset=utf-8 1667.3951ms
2026-08-19 22:51:13.442 -03:00 [INF] Route matched with {action = "Listar", controller = "Produtos"}. Executing controller action with signature System.Threading.Tasks.Task`1[Microsoft.AspNetCore.Mvc.ActionResult`1[System.Collections.Generic.IEnumerable`1[GestaoArmazem.Application.DTOs.ProdutoDto]]] Listar(Int32, Int32) on controller GestaoArmazem.API.Controllers.ProdutosController (GestaoArmazem.API).
2026-08-19 22:51:13.452 -03:00 [INF] Request finished HTTP/2 GET https://localhost:7100/api/pedidos-expedicao?pagina=1&tamanhoPagina=20 - 200 null application/json; charset=utf-8 1685.2526ms
2026-08-19 22:51:13.505 -03:00 [INF] Executing OkObjectResult, writing value of type 'System.Collections.Generic.List`1[[GestaoArmazem.Application.DTOs.PedidoExpedicaoDto, GestaoArmazem.Application, Version=1.0.0.0, Culture=neutral, PublicKeyToken=null]]'.
2026-08-19 22:51:13.503 -03:00 [INF] Executing OkObjectResult, writing value of type 'System.Collections.Generic.List`1[[GestaoArmazem.Application.DTOs.PedidoRecebimentoDto, GestaoArmazem.Application, Version=1.0.0.0, Culture=neutral, PublicKeyToken=null]]'.
2026-08-19 22:51:13.537 -03:00 [INF] Executing OkObjectResult, writing value of type 'System.Linq.Enumerable+SelectListIterator`2[[GestaoArmazem.Domain.Entities.Produto, GestaoArmazem.Domain, Version=1.0.0.0, Culture=neutral, PublicKeyToken=null],[GestaoArmazem.Application.DTOs.ProdutoDto, GestaoArmazem.Application, Version=1.0.0.0, Culture=neutral, PublicKeyToken=null]]'.
2026-08-19 22:51:13.550 -03:00 [INF] Executed action GestaoArmazem.API.Controllers.PedidosExpedicaoController.Listar (GestaoArmazem.API) in 65.4508ms
2026-08-19 22:51:13.556 -03:00 [INF] Executed action GestaoArmazem.API.Controllers.PedidosRecebimentoController.Listar (GestaoArmazem.API) in 82.7438ms
2026-08-19 22:51:13.563 -03:00 [INF] Executed action GestaoArmazem.API.Controllers.ProdutosController.Listar (GestaoArmazem.API) in 36.879ms
2026-08-19 22:51:13.569 -03:00 [INF] Executed endpoint 'GestaoArmazem.API.Controllers.PedidosExpedicaoController.Listar (GestaoArmazem.API)'
2026-08-19 22:51:13.575 -03:00 [INF] Executed endpoint 'GestaoArmazem.API.Controllers.PedidosRecebimentoController.Listar (GestaoArmazem.API)'
2026-08-19 22:51:13.581 -03:00 [INF] Executed endpoint 'GestaoArmazem.API.Controllers.ProdutosController.Listar (GestaoArmazem.API)'
2026-08-19 22:51:13.587 -03:00 [INF] HTTP GET /api/pedidos-expedicao responded 200 in 230.8657 ms
2026-08-19 22:51:13.592 -03:00 [INF] HTTP GET /api/pedidos-recebimento responded 200 in 222.2605 ms
2026-08-19 22:51:13.596 -03:00 [INF] HTTP GET /api/produtos responded 200 in 214.6740 ms
2026-08-19 22:51:13.606 -03:00 [INF] Request finished HTTP/2 GET https://localhost:7100/api/pedidos-expedicao?pagina=1&tamanhoPagina=20 - 200 null application/json; charset=utf-8 265.2451ms
2026-08-19 22:51:13.616 -03:00 [INF] Request finished HTTP/2 GET https://localhost:7100/api/pedidos-recebimento?pagina=1&tamanhoPagina=20 - 200 null application/json; charset=utf-8 275.1591ms
2026-08-19 22:51:13.625 -03:00 [INF] Request finished HTTP/2 GET https://localhost:7100/api/produtos?pagina=1&tamanhoPagina=20 - 200 null application/json; charset=utf-8 283.1459ms
2026-08-19 22:51:13.849 -03:00 [INF] Request starting HTTP/2 OPTIONS https://localhost:7100/api/relatorios/estoque-baixo - null null
2026-08-19 22:51:13.858 -03:00 [INF] Request starting HTTP/2 OPTIONS https://localhost:7100/api/relatorios/estoque-baixo - null null
2026-08-19 22:51:13.873 -03:00 [INF] CORS policy execution successful.
2026-08-19 22:51:13.891 -03:00 [INF] CORS policy execution successful.
2026-08-19 22:51:13.892 -03:00 [INF] HTTP OPTIONS /api/relatorios/estoque-baixo responded 204 in 18.7498 ms
2026-08-19 22:51:13.896 -03:00 [INF] HTTP OPTIONS /api/relatorios/estoque-baixo responded 204 in 4.8688 ms
2026-08-19 22:51:13.918 -03:00 [INF] Request finished HTTP/2 OPTIONS https://localhost:7100/api/relatorios/estoque-baixo - 204 null null 68.7035ms
2026-08-19 22:51:13.924 -03:00 [INF] Request starting HTTP/2 GET https://localhost:7100/api/relatorios/estoque-baixo - application/json null
2026-08-19 22:51:13.928 -03:00 [INF] Request finished HTTP/2 OPTIONS https://localhost:7100/api/relatorios/estoque-baixo - 204 null null 71.0184ms
2026-08-19 22:51:13.957 -03:00 [INF] CORS policy execution successful.
2026-08-19 22:51:13.975 -03:00 [INF] Executing endpoint 'GestaoArmazem.API.Controllers.RelatoriosController.EstoqueBaixo (GestaoArmazem.API)'
2026-08-19 22:51:13.989 -03:00 [INF] Route matched with {action = "EstoqueBaixo", controller = "Relatorios"}. Executing controller action with signature System.Threading.Tasks.Task`1[Microsoft.AspNetCore.Mvc.ActionResult`1[System.Collections.Generic.IEnumerable`1[GestaoArmazem.Application.DTOs.EstoqueBaixoDto]]] EstoqueBaixo() on controller GestaoArmazem.API.Controllers.RelatoriosController (GestaoArmazem.API).
2026-08-19 22:51:14.029 -03:00 [INF] Executing OkObjectResult, writing value of type 'System.Linq.Enumerable+SelectListIterator`2[[GestaoArmazem.Domain.Interfaces.EstoqueBaixoResumo, GestaoArmazem.Domain, Version=1.0.0.0, Culture=neutral, PublicKeyToken=null],[GestaoArmazem.Application.DTOs.EstoqueBaixoDto, GestaoArmazem.Application, Version=1.0.0.0, Culture=neutral, PublicKeyToken=null]]'.
2026-08-19 22:51:14.043 -03:00 [INF] Executed action GestaoArmazem.API.Controllers.RelatoriosController.EstoqueBaixo (GestaoArmazem.API) in 45.184ms
2026-08-19 22:51:14.047 -03:00 [INF] Request starting HTTP/2 GET https://localhost:7100/api/relatorios/estoque-baixo - application/json null
2026-08-19 22:51:14.051 -03:00 [INF] Executed endpoint 'GestaoArmazem.API.Controllers.RelatoriosController.EstoqueBaixo (GestaoArmazem.API)'
2026-08-19 22:51:14.062 -03:00 [INF] CORS policy execution successful.
2026-08-19 22:51:14.066 -03:00 [INF] HTTP GET /api/relatorios/estoque-baixo responded 200 in 108.7333 ms
2026-08-19 22:51:14.071 -03:00 [INF] Executing endpoint 'GestaoArmazem.API.Controllers.RelatoriosController.EstoqueBaixo (GestaoArmazem.API)'
2026-08-19 22:51:14.077 -03:00 [INF] Request finished HTTP/2 GET https://localhost:7100/api/relatorios/estoque-baixo - 200 null application/json; charset=utf-8 153.9706ms
2026-08-19 22:51:14.084 -03:00 [INF] Route matched with {action = "EstoqueBaixo", controller = "Relatorios"}. Executing controller action with signature System.Threading.Tasks.Task`1[Microsoft.AspNetCore.Mvc.ActionResult`1[System.Collections.Generic.IEnumerable`1[GestaoArmazem.Application.DTOs.EstoqueBaixoDto]]] EstoqueBaixo() on controller GestaoArmazem.API.Controllers.RelatoriosController (GestaoArmazem.API).
2026-08-19 22:51:14.129 -03:00 [INF] Executing OkObjectResult, writing value of type 'System.Linq.Enumerable+SelectListIterator`2[[GestaoArmazem.Domain.Interfaces.EstoqueBaixoResumo, GestaoArmazem.Domain, Version=1.0.0.0, Culture=neutral, PublicKeyToken=null],[GestaoArmazem.Application.DTOs.EstoqueBaixoDto, GestaoArmazem.Application, Version=1.0.0.0, Culture=neutral, PublicKeyToken=null]]'.
2026-08-19 22:51:14.137 -03:00 [INF] Executed action GestaoArmazem.API.Controllers.RelatoriosController.EstoqueBaixo (GestaoArmazem.API) in 30.8243ms
2026-08-19 22:51:14.143 -03:00 [INF] Executed endpoint 'GestaoArmazem.API.Controllers.RelatoriosController.EstoqueBaixo (GestaoArmazem.API)'
2026-08-19 22:51:14.148 -03:00 [INF] HTTP GET /api/relatorios/estoque-baixo responded 200 in 85.8596 ms
2026-08-19 22:51:14.157 -03:00 [INF] Request finished HTTP/2 GET https://localhost:7100/api/relatorios/estoque-baixo - 200 null application/json; charset=utf-8 111.1839ms
2026-08-19 22:51:16.695 -03:00 [INF] Request starting HTTP/2 OPTIONS https://localhost:7100/api/fornecedores - null null
2026-08-19 22:51:16.700 -03:00 [INF] Request starting HTTP/2 OPTIONS https://localhost:7100/api/fornecedores - null null
2026-08-19 22:51:16.701 -03:00 [INF] Request starting HTTP/2 OPTIONS https://localhost:7100/api/clientes - null null
2026-08-19 22:51:16.700 -03:00 [INF] Request starting HTTP/2 OPTIONS https://localhost:7100/api/relatorios/pedidos-recebimento?pagina=1&tamanhoPagina=50 - null null
2026-08-19 22:51:16.696 -03:00 [INF] Request starting HTTP/2 OPTIONS https://localhost:7100/api/clientes - null null
2026-08-19 22:51:16.703 -03:00 [INF] Request starting HTTP/2 OPTIONS https://localhost:7100/api/relatorios/pedidos-recebimento?pagina=1&tamanhoPagina=50 - null null
2026-08-19 22:51:16.710 -03:00 [INF] CORS policy execution successful.
2026-08-19 22:51:16.719 -03:00 [INF] CORS policy execution successful.
2026-08-19 22:51:16.728 -03:00 [INF] CORS policy execution successful.
2026-08-19 22:51:16.739 -03:00 [INF] CORS policy execution successful.
2026-08-19 22:51:16.752 -03:00 [INF] CORS policy execution successful.
2026-08-19 22:51:16.762 -03:00 [INF] CORS policy execution successful.
2026-08-19 22:51:16.767 -03:00 [INF] HTTP OPTIONS /api/fornecedores responded 204 in 56.9344 ms
2026-08-19 22:51:16.770 -03:00 [INF] HTTP OPTIONS /api/fornecedores responded 204 in 51.5891 ms
2026-08-19 22:51:16.785 -03:00 [INF] HTTP OPTIONS /api/relatorios/pedidos-recebimento responded 204 in 23.5728 ms
2026-08-19 22:51:16.819 -03:00 [INF] Request finished HTTP/2 OPTIONS https://localhost:7100/api/fornecedores - 204 null null 119.1319ms
2026-08-19 22:51:16.829 -03:00 [INF] Request finished HTTP/2 OPTIONS https://localhost:7100/api/relatorios/pedidos-recebimento?pagina=1&tamanhoPagina=50 - 204 null null 126.9473ms
2026-08-19 22:51:16.811 -03:00 [INF] Request starting HTTP/2 GET https://localhost:7100/api/fornecedores - application/json null
2026-08-19 22:51:16.773 -03:00 [INF] HTTP OPTIONS /api/clientes responded 204 in 45.8410 ms
2026-08-19 22:51:16.795 -03:00 [INF] Request finished HTTP/2 OPTIONS https://localhost:7100/api/fornecedores - 204 null null 101.4268ms
2026-08-19 22:51:16.875 -03:00 [INF] CORS policy execution successful.
2026-08-19 22:51:16.884 -03:00 [INF] Request finished HTTP/2 OPTIONS https://localhost:7100/api/clientes - 204 null null 183.6451ms
2026-08-19 22:51:16.777 -03:00 [INF] HTTP OPTIONS /api/relatorios/pedidos-recebimento responded 204 in 37.8224 ms
2026-08-19 22:51:16.781 -03:00 [INF] HTTP OPTIONS /api/clientes responded 204 in 29.2769 ms
2026-08-19 22:51:16.838 -03:00 [INF] Request starting HTTP/2 GET https://localhost:7100/api/relatorios/pedidos-recebimento?pagina=1&tamanhoPagina=50 - application/json null
2026-08-19 22:51:16.891 -03:00 [INF] Request starting HTTP/2 GET https://localhost:7100/api/clientes - application/json null
2026-08-19 22:51:16.906 -03:00 [INF] Executing endpoint 'GestaoArmazem.API.Controllers.FornecedoresController.Listar (GestaoArmazem.API)'
2026-08-19 22:51:16.927 -03:00 [INF] Request finished HTTP/2 OPTIONS https://localhost:7100/api/relatorios/pedidos-recebimento?pagina=1&tamanhoPagina=50 - 204 null null 228.4291ms
2026-08-19 22:51:16.938 -03:00 [INF] Request finished HTTP/2 OPTIONS https://localhost:7100/api/clientes - 204 null null 243.2589ms
2026-08-19 22:51:16.951 -03:00 [INF] CORS policy execution successful.
2026-08-19 22:51:16.963 -03:00 [INF] CORS policy execution successful.
2026-08-19 22:51:16.983 -03:00 [INF] Route matched with {action = "Listar", controller = "Fornecedores"}. Executing controller action with signature System.Threading.Tasks.Task`1[Microsoft.AspNetCore.Mvc.ActionResult`1[System.Collections.Generic.IEnumerable`1[GestaoArmazem.Application.DTOs.FornecedorDto]]] Listar() on controller GestaoArmazem.API.Controllers.FornecedoresController (GestaoArmazem.API).
2026-08-19 22:51:17.003 -03:00 [INF] Executing endpoint 'GestaoArmazem.API.Controllers.RelatoriosController.PedidosRecebimento (GestaoArmazem.API)'
2026-08-19 22:51:17.006 -03:00 [INF] Executing endpoint 'GestaoArmazem.API.Controllers.ClientesController.Listar (GestaoArmazem.API)'
2026-08-19 22:51:17.033 -03:00 [INF] Executing OkObjectResult, writing value of type 'System.Linq.Enumerable+SelectListIterator`2[[GestaoArmazem.Domain.Entities.Fornecedor, GestaoArmazem.Domain, Version=1.0.0.0, Culture=neutral, PublicKeyToken=null],[GestaoArmazem.Application.DTOs.FornecedorDto, GestaoArmazem.Application, Version=1.0.0.0, Culture=neutral, PublicKeyToken=null]]'.
2026-08-19 22:51:17.037 -03:00 [INF] Route matched with {action = "PedidosRecebimento", controller = "Relatorios"}. Executing controller action with signature System.Threading.Tasks.Task`1[Microsoft.AspNetCore.Mvc.ActionResult`1[System.Collections.Generic.IEnumerable`1[GestaoArmazem.Application.DTOs.PedidoRecebimentoRelatorioDto]]] PedidosRecebimento(System.Nullable`1[System.Guid], System.String, System.Nullable`1[System.DateTime], System.Nullable`1[System.DateTime], Int32, Int32) on controller GestaoArmazem.API.Controllers.RelatoriosController (GestaoArmazem.API).
2026-08-19 22:51:17.037 -03:00 [INF] Route matched with {action = "Listar", controller = "Clientes"}. Executing controller action with signature System.Threading.Tasks.Task`1[Microsoft.AspNetCore.Mvc.ActionResult`1[System.Collections.Generic.IEnumerable`1[GestaoArmazem.Application.DTOs.ClienteDto]]] Listar() on controller GestaoArmazem.API.Controllers.ClientesController (GestaoArmazem.API).
2026-08-19 22:51:17.049 -03:00 [INF] Executed action GestaoArmazem.API.Controllers.FornecedoresController.Listar (GestaoArmazem.API) in 35.8315ms
2026-08-19 22:51:17.053 -03:00 [INF] Request starting HTTP/2 GET https://localhost:7100/api/fornecedores - application/json null
2026-08-19 22:51:17.062 -03:00 [INF] Executed endpoint 'GestaoArmazem.API.Controllers.FornecedoresController.Listar (GestaoArmazem.API)'
2026-08-19 22:51:17.076 -03:00 [INF] Executing OkObjectResult, writing value of type 'System.Linq.Enumerable+SelectListIterator`2[[GestaoArmazem.Domain.Entities.Cliente, GestaoArmazem.Domain, Version=1.0.0.0, Culture=neutral, PublicKeyToken=null],[GestaoArmazem.Application.DTOs.ClienteDto, GestaoArmazem.Application, Version=1.0.0.0, Culture=neutral, PublicKeyToken=null]]'.
2026-08-19 22:51:17.078 -03:00 [INF] CORS policy execution successful.
2026-08-19 22:51:17.088 -03:00 [INF] HTTP GET /api/fornecedores responded 200 in 213.1647 ms
2026-08-19 22:51:17.101 -03:00 [INF] Executed action GestaoArmazem.API.Controllers.ClientesController.Listar (GestaoArmazem.API) in 44.5757ms
2026-08-19 22:51:17.102 -03:00 [INF] Executing OkObjectResult, writing value of type 'System.Linq.Enumerable+SelectListIterator`2[[GestaoArmazem.Domain.Interfaces.PedidoRecebimentoResumo, GestaoArmazem.Domain, Version=1.0.0.0, Culture=neutral, PublicKeyToken=null],[GestaoArmazem.Application.DTOs.PedidoRecebimentoRelatorioDto, GestaoArmazem.Application, Version=1.0.0.0, Culture=neutral, PublicKeyToken=null]]'.
2026-08-19 22:51:17.097 -03:00 [INF] Executing endpoint 'GestaoArmazem.API.Controllers.FornecedoresController.Listar (GestaoArmazem.API)'
2026-08-19 22:51:17.105 -03:00 [INF] Request starting HTTP/2 GET https://localhost:7100/api/clientes - application/json null
2026-08-19 22:51:17.111 -03:00 [INF] Executed endpoint 'GestaoArmazem.API.Controllers.ClientesController.Listar (GestaoArmazem.API)'
2026-08-19 22:51:17.125 -03:00 [INF] Executed action GestaoArmazem.API.Controllers.RelatoriosController.PedidosRecebimento (GestaoArmazem.API) in 79.1549ms
2026-08-19 22:51:17.106 -03:00 [INF] Request finished HTTP/2 GET https://localhost:7100/api/fornecedores - 200 null application/json; charset=utf-8 295.3045ms
2026-08-19 22:51:17.122 -03:00 [INF] Route matched with {action = "Listar", controller = "Fornecedores"}. Executing controller action with signature System.Threading.Tasks.Task`1[Microsoft.AspNetCore.Mvc.ActionResult`1[System.Collections.Generic.IEnumerable`1[GestaoArmazem.Application.DTOs.FornecedorDto]]] Listar() on controller GestaoArmazem.API.Controllers.FornecedoresController (GestaoArmazem.API).
2026-08-19 22:51:17.129 -03:00 [INF] Request starting HTTP/2 GET https://localhost:7100/api/relatorios/pedidos-recebimento?pagina=1&tamanhoPagina=50 - application/json null
2026-08-19 22:51:17.138 -03:00 [INF] HTTP GET /api/clientes responded 200 in 174.9512 ms
2026-08-19 22:51:17.174 -03:00 [INF] Executing OkObjectResult, writing value of type 'System.Linq.Enumerable+SelectListIterator`2[[GestaoArmazem.Domain.Entities.Fornecedor, GestaoArmazem.Domain, Version=1.0.0.0, Culture=neutral, PublicKeyToken=null],[GestaoArmazem.Application.DTOs.FornecedorDto, GestaoArmazem.Application, Version=1.0.0.0, Culture=neutral, PublicKeyToken=null]]'.
2026-08-19 22:51:17.143 -03:00 [INF] Executed endpoint 'GestaoArmazem.API.Controllers.RelatoriosController.PedidosRecebimento (GestaoArmazem.API)'
2026-08-19 22:51:17.133 -03:00 [INF] CORS policy execution successful.
2026-08-19 22:51:17.183 -03:00 [INF] CORS policy execution successful.
2026-08-19 22:51:17.190 -03:00 [INF] Request finished HTTP/2 GET https://localhost:7100/api/clientes - 200 null application/json; charset=utf-8 300.7121ms
2026-08-19 22:51:17.200 -03:00 [INF] Executed action GestaoArmazem.API.Controllers.FornecedoresController.Listar (GestaoArmazem.API) in 34.6912ms
2026-08-19 22:51:17.202 -03:00 [INF] HTTP GET /api/relatorios/pedidos-recebimento responded 200 in 250.6091 ms
2026-08-19 22:51:17.205 -03:00 [INF] Executing endpoint 'GestaoArmazem.API.Controllers.ClientesController.Listar (GestaoArmazem.API)'
2026-08-19 22:51:17.209 -03:00 [INF] Executing endpoint 'GestaoArmazem.API.Controllers.RelatoriosController.PedidosRecebimento (GestaoArmazem.API)'
2026-08-19 22:51:17.228 -03:00 [INF] Executed endpoint 'GestaoArmazem.API.Controllers.FornecedoresController.Listar (GestaoArmazem.API)'
2026-08-19 22:51:17.237 -03:00 [INF] Request finished HTTP/2 GET https://localhost:7100/api/relatorios/pedidos-recebimento?pagina=1&tamanhoPagina=50 - 200 null application/json; charset=utf-8 400.5213ms
2026-08-19 22:51:17.242 -03:00 [INF] Route matched with {action = "Listar", controller = "Clientes"}. Executing controller action with signature System.Threading.Tasks.Task`1[Microsoft.AspNetCore.Mvc.ActionResult`1[System.Collections.Generic.IEnumerable`1[GestaoArmazem.Application.DTOs.ClienteDto]]] Listar() on controller GestaoArmazem.API.Controllers.ClientesController (GestaoArmazem.API).
2026-08-19 22:51:17.246 -03:00 [INF] Route matched with {action = "PedidosRecebimento", controller = "Relatorios"}. Executing controller action with signature System.Threading.Tasks.Task`1[Microsoft.AspNetCore.Mvc.ActionResult`1[System.Collections.Generic.IEnumerable`1[GestaoArmazem.Application.DTOs.PedidoRecebimentoRelatorioDto]]] PedidosRecebimento(System.Nullable`1[System.Guid], System.String, System.Nullable`1[System.DateTime], System.Nullable`1[System.DateTime], Int32, Int32) on controller GestaoArmazem.API.Controllers.RelatoriosController (GestaoArmazem.API).
2026-08-19 22:51:17.261 -03:00 [INF] HTTP GET /api/fornecedores responded 200 in 183.0365 ms
2026-08-19 22:51:17.304 -03:00 [INF] Executing OkObjectResult, writing value of type 'System.Linq.Enumerable+SelectListIterator`2[[GestaoArmazem.Domain.Entities.Cliente, GestaoArmazem.Domain, Version=1.0.0.0, Culture=neutral, PublicKeyToken=null],[GestaoArmazem.Application.DTOs.ClienteDto, GestaoArmazem.Application, Version=1.0.0.0, Culture=neutral, PublicKeyToken=null]]'.
2026-08-19 22:51:17.325 -03:00 [INF] Request finished HTTP/2 GET https://localhost:7100/api/fornecedores - 200 null application/json; charset=utf-8 272.6939ms
2026-08-19 22:51:17.330 -03:00 [INF] Executed action GestaoArmazem.API.Controllers.ClientesController.Listar (GestaoArmazem.API) in 39.4551ms
2026-08-19 22:51:17.337 -03:00 [INF] Executing OkObjectResult, writing value of type 'System.Linq.Enumerable+SelectListIterator`2[[GestaoArmazem.Domain.Interfaces.PedidoRecebimentoResumo, GestaoArmazem.Domain, Version=1.0.0.0, Culture=neutral, PublicKeyToken=null],[GestaoArmazem.Application.DTOs.PedidoRecebimentoRelatorioDto, GestaoArmazem.Application, Version=1.0.0.0, Culture=neutral, PublicKeyToken=null]]'.
2026-08-19 22:51:17.351 -03:00 [INF] Executed endpoint 'GestaoArmazem.API.Controllers.ClientesController.Listar (GestaoArmazem.API)'
2026-08-19 22:51:17.356 -03:00 [INF] Executed action GestaoArmazem.API.Controllers.RelatoriosController.PedidosRecebimento (GestaoArmazem.API) in 49.4153ms
2026-08-19 22:51:17.359 -03:00 [INF] HTTP GET /api/clientes responded 200 in 225.7896 ms
2026-08-19 22:51:17.364 -03:00 [INF] Executed endpoint 'GestaoArmazem.API.Controllers.RelatoriosController.PedidosRecebimento (GestaoArmazem.API)'
2026-08-19 22:51:17.371 -03:00 [INF] Request finished HTTP/2 GET https://localhost:7100/api/clientes - 200 null application/json; charset=utf-8 267.4495ms
2026-08-19 22:51:17.375 -03:00 [INF] HTTP GET /api/relatorios/pedidos-recebimento responded 200 in 192.2122 ms
2026-08-19 22:51:17.394 -03:00 [INF] Request finished HTTP/2 GET https://localhost:7100/api/relatorios/pedidos-recebimento?pagina=1&tamanhoPagina=50 - 200 null application/json; charset=utf-8 266.5822ms
