2026-08-15 07:31:53.221 -03:00 [DBG] Hosting starting
2026-08-15 07:31:53.753 -03:00 [INF] User profile is available. Using 'C:\Users\Geraldo Luiz\AppData\Local\ASP.NET\DataProtection-Keys' as key repository and Windows DPAPI to encrypt keys at rest.
2026-08-15 07:31:55.096 -03:00 [INF] Now listening on: https://localhost:7100
2026-08-15 07:31:55.180 -03:00 [INF] Now listening on: http://localhost:5100
2026-08-15 07:31:56.295 -03:00 [INF] Application started. Press Ctrl+C to shut down.
2026-08-15 07:31:56.369 -03:00 [INF] Hosting environment: Development
2026-08-15 07:31:56.489 -03:00 [INF] Content root path: C:\Users\Geraldo Luiz\Desktop\Projetos Pessoais\GestaoArmazem\GestaoArmazem\src\GestaoArmazem.API
2026-08-15 07:31:56.571 -03:00 [DBG] Hosting started
2026-08-15 07:32:08.884 -03:00 [INF] Request starting HTTP/2 GET https://localhost:7100/swagger/index.html - null null
2026-08-15 07:32:10.308 -03:00 [DBG] Response markup is scheduled to include Browser Link script injection.
2026-08-15 07:32:10.427 -03:00 [DBG] Response markup was updated to include Browser Link script injection.
2026-08-15 07:32:10.462 -03:00 [INF] Request finished HTTP/2 GET https://localhost:7100/swagger/index.html - 200 null text/html;charset=utf-8 1651.5877ms
2026-08-15 07:32:10.800 -03:00 [INF] Request starting HTTP/2 GET https://localhost:7100/_framework/aspnetcore-browser-refresh.js - null null
2026-08-15 07:32:10.801 -03:00 [INF] Request starting HTTP/2 GET https://localhost:7100/_vs/browserLink - null null
2026-08-15 07:32:11.477 -03:00 [INF] Request finished HTTP/2 GET https://localhost:7100/_framework/aspnetcore-browser-refresh.js - 200 14939 application/javascript; charset=utf-8 679.66ms
2026-08-15 07:32:12.061 -03:00 [INF] Request finished HTTP/2 GET https://localhost:7100/_vs/browserLink - 200 null text/javascript; charset=UTF-8 1263.9611ms
2026-08-15 07:32:16.942 -03:00 [INF] Request starting HTTP/2 GET https://localhost:7100/swagger/v1/swagger.json - null null
2026-08-15 07:32:17.128 -03:00 [INF] Request finished HTTP/2 GET https://localhost:7100/swagger/v1/swagger.json - 200 null application/json;charset=utf-8 187.6071ms
2026-08-15 07:38:00.713 -03:00 [INF] Request starting HTTP/2 OPTIONS https://localhost:7100/api/pedidos-recebimento?pagina=1&tamanhoPagina=20 - null null
2026-08-15 07:38:00.713 -03:00 [INF] Request starting HTTP/2 OPTIONS https://localhost:7100/api/produtos?pagina=1&tamanhoPagina=20 - null null
2026-08-15 07:38:00.713 -03:00 [INF] Request starting HTTP/2 OPTIONS https://localhost:7100/api/pedidos-expedicao?pagina=1&tamanhoPagina=20 - null null
2026-08-15 07:38:00.713 -03:00 [INF] Request starting HTTP/2 OPTIONS https://localhost:7100/api/produtos?pagina=1&tamanhoPagina=20 - null null
2026-08-15 07:38:00.713 -03:00 [INF] Request starting HTTP/2 OPTIONS https://localhost:7100/api/pedidos-expedicao?pagina=1&tamanhoPagina=20 - null null
2026-08-15 07:38:00.713 -03:00 [INF] Request starting HTTP/2 OPTIONS https://localhost:7100/api/pedidos-recebimento?pagina=1&tamanhoPagina=20 - null null
2026-08-15 07:38:00.898 -03:00 [INF] CORS policy execution successful.
2026-08-15 07:38:00.898 -03:00 [INF] CORS policy execution successful.
2026-08-15 07:38:00.898 -03:00 [INF] CORS policy execution successful.
2026-08-15 07:38:00.898 -03:00 [INF] CORS policy execution successful.
2026-08-15 07:38:00.898 -03:00 [INF] CORS policy execution successful.
2026-08-15 07:38:00.898 -03:00 [INF] CORS policy execution successful.
2026-08-15 07:38:00.925 -03:00 [INF] HTTP OPTIONS /api/pedidos-expedicao responded 204 in 43.0434 ms
2026-08-15 07:38:00.925 -03:00 [INF] HTTP OPTIONS /api/pedidos-expedicao responded 204 in 53.0889 ms
2026-08-15 07:38:00.925 -03:00 [INF] HTTP OPTIONS /api/produtos responded 204 in 49.6049 ms
2026-08-15 07:38:00.940 -03:00 [INF] Request finished HTTP/2 OPTIONS https://localhost:7100/api/pedidos-expedicao?pagina=1&tamanhoPagina=20 - 204 null null 239.0274ms
2026-08-15 07:38:00.961 -03:00 [INF] Request finished HTTP/2 OPTIONS https://localhost:7100/api/produtos?pagina=1&tamanhoPagina=20 - 204 null null 256.8841ms
2026-08-15 07:38:00.925 -03:00 [INF] HTTP OPTIONS /api/produtos responded 204 in 43.1388 ms
2026-08-15 07:38:00.953 -03:00 [INF] Request finished HTTP/2 OPTIONS https://localhost:7100/api/pedidos-expedicao?pagina=1&tamanhoPagina=20 - 204 null null 252.135ms
2026-08-15 07:38:00.925 -03:00 [INF] HTTP OPTIONS /api/pedidos-recebimento responded 204 in 43.1289 ms
2026-08-15 07:38:00.925 -03:00 [INF] HTTP OPTIONS /api/pedidos-recebimento responded 204 in 44.2587 ms
2026-08-15 07:38:00.952 -03:00 [INF] Request starting HTTP/2 GET https://localhost:7100/api/pedidos-expedicao?pagina=1&tamanhoPagina=20 - application/json null
2026-08-15 07:38:01.009 -03:00 [INF] Request finished HTTP/2 OPTIONS https://localhost:7100/api/produtos?pagina=1&tamanhoPagina=20 - 204 null null 304.5373ms
2026-08-15 07:38:01.033 -03:00 [INF] Request finished HTTP/2 OPTIONS https://localhost:7100/api/pedidos-recebimento?pagina=1&tamanhoPagina=20 - 204 null null 332.1395ms
2026-08-15 07:38:01.042 -03:00 [INF] Request finished HTTP/2 OPTIONS https://localhost:7100/api/pedidos-recebimento?pagina=1&tamanhoPagina=20 - 204 null null 331.0606ms
2026-08-15 07:38:00.969 -03:00 [INF] Request starting HTTP/2 GET https://localhost:7100/api/produtos?pagina=1&tamanhoPagina=20 - application/json null
2026-08-15 07:38:01.044 -03:00 [INF] Request starting HTTP/2 GET https://localhost:7100/api/pedidos-recebimento?pagina=1&tamanhoPagina=20 - application/json null
2026-08-15 07:38:01.069 -03:00 [INF] CORS policy execution successful.
2026-08-15 07:38:01.114 -03:00 [INF] CORS policy execution successful.
2026-08-15 07:38:01.125 -03:00 [INF] CORS policy execution successful.
2026-08-15 07:38:02.287 -03:00 [INF] Failed to validate the token.
Microsoft.IdentityModel.Tokens.SecurityTokenExpiredException: IDX10223: Lifetime validation failed. The token is expired. ValidTo (UTC): '12/08/2026 03:02:26', Current time (UTC): '15/08/2026 10:38:01'.
   at Microsoft.IdentityModel.Tokens.ValidatorUtilities.ValidateLifetime(Nullable`1 notBefore, Nullable`1 expires, SecurityToken securityToken, TokenValidationParameters validationParameters)
   at Microsoft.IdentityModel.Tokens.Validators.ValidateLifetime(Nullable`1 notBefore, Nullable`1 expires, SecurityToken securityToken, TokenValidationParameters validationParameters)
   at Microsoft.IdentityModel.JsonWebTokens.JsonWebTokenHandler.ValidateTokenPayloadAsync(JsonWebToken jsonWebToken, TokenValidationParameters validationParameters, BaseConfiguration configuration)
   at Microsoft.IdentityModel.JsonWebTokens.JsonWebTokenHandler.ValidateJWSAsync(JsonWebToken jsonWebToken, TokenValidationParameters validationParameters, BaseConfiguration configuration)
2026-08-15 07:38:02.287 -03:00 [INF] Failed to validate the token.
Microsoft.IdentityModel.Tokens.SecurityTokenExpiredException: IDX10223: Lifetime validation failed. The token is expired. ValidTo (UTC): '12/08/2026 03:02:26', Current time (UTC): '15/08/2026 10:38:01'.
   at Microsoft.IdentityModel.Tokens.ValidatorUtilities.ValidateLifetime(Nullable`1 notBefore, Nullable`1 expires, SecurityToken securityToken, TokenValidationParameters validationParameters)
   at Microsoft.IdentityModel.Tokens.Validators.ValidateLifetime(Nullable`1 notBefore, Nullable`1 expires, SecurityToken securityToken, TokenValidationParameters validationParameters)
   at Microsoft.IdentityModel.JsonWebTokens.JsonWebTokenHandler.ValidateTokenPayloadAsync(JsonWebToken jsonWebToken, TokenValidationParameters validationParameters, BaseConfiguration configuration)
   at Microsoft.IdentityModel.JsonWebTokens.JsonWebTokenHandler.ValidateJWSAsync(JsonWebToken jsonWebToken, TokenValidationParameters validationParameters, BaseConfiguration configuration)
2026-08-15 07:38:02.327 -03:00 [INF] Failed to validate the token.
Microsoft.IdentityModel.Tokens.SecurityTokenExpiredException: IDX10223: Lifetime validation failed. The token is expired. ValidTo (UTC): '12/08/2026 03:02:26', Current time (UTC): '15/08/2026 10:38:01'.
   at Microsoft.IdentityModel.Tokens.ValidatorUtilities.ValidateLifetime(Nullable`1 notBefore, Nullable`1 expires, SecurityToken securityToken, TokenValidationParameters validationParameters)
   at Microsoft.IdentityModel.Tokens.Validators.ValidateLifetime(Nullable`1 notBefore, Nullable`1 expires, SecurityToken securityToken, TokenValidationParameters validationParameters)
   at Microsoft.IdentityModel.JsonWebTokens.JsonWebTokenHandler.ValidateTokenPayloadAsync(JsonWebToken jsonWebToken, TokenValidationParameters validationParameters, BaseConfiguration configuration)
   at Microsoft.IdentityModel.JsonWebTokens.JsonWebTokenHandler.ValidateJWSAsync(JsonWebToken jsonWebToken, TokenValidationParameters validationParameters, BaseConfiguration configuration)
2026-08-15 07:38:02.398 -03:00 [INF] Bearer was not authenticated. Failure message: IDX10223: Lifetime validation failed. The token is expired. ValidTo (UTC): '12/08/2026 03:02:26', Current time (UTC): '15/08/2026 10:38:01'.
2026-08-15 07:38:02.398 -03:00 [INF] Bearer was not authenticated. Failure message: IDX10223: Lifetime validation failed. The token is expired. ValidTo (UTC): '12/08/2026 03:02:26', Current time (UTC): '15/08/2026 10:38:01'.
2026-08-15 07:38:02.402 -03:00 [INF] Bearer was not authenticated. Failure message: IDX10223: Lifetime validation failed. The token is expired. ValidTo (UTC): '12/08/2026 03:02:26', Current time (UTC): '15/08/2026 10:38:01'.
2026-08-15 07:38:02.432 -03:00 [INF] Authorization failed. These requirements were not met:
DenyAnonymousAuthorizationRequirement: Requires an authenticated user.
2026-08-15 07:38:02.432 -03:00 [INF] Authorization failed. These requirements were not met:
DenyAnonymousAuthorizationRequirement: Requires an authenticated user.
2026-08-15 07:38:02.432 -03:00 [INF] Authorization failed. These requirements were not met:
DenyAnonymousAuthorizationRequirement: Requires an authenticated user.
2026-08-15 07:38:02.456 -03:00 [INF] AuthenticationScheme: Bearer was challenged.
2026-08-15 07:38:02.456 -03:00 [INF] AuthenticationScheme: Bearer was challenged.
2026-08-15 07:38:02.457 -03:00 [INF] AuthenticationScheme: Bearer was challenged.
2026-08-15 07:38:02.462 -03:00 [INF] HTTP GET /api/produtos responded 401 in 1348.4957 ms
2026-08-15 07:38:02.469 -03:00 [INF] HTTP GET /api/pedidos-expedicao responded 401 in 1401.1871 ms
2026-08-15 07:38:02.474 -03:00 [INF] HTTP GET /api/pedidos-recebimento responded 401 in 1348.7398 ms
2026-08-15 07:38:02.493 -03:00 [INF] Request starting HTTP/2 GET https://localhost:7100/api/produtos?pagina=1&tamanhoPagina=20 - application/json null
2026-08-15 07:38:02.512 -03:00 [INF] Request finished HTTP/2 GET https://localhost:7100/api/pedidos-recebimento?pagina=1&tamanhoPagina=20 - 401 0 null 1469.9457ms
2026-08-15 07:38:02.508 -03:00 [INF] Request starting HTTP/2 GET https://localhost:7100/api/pedidos-expedicao?pagina=1&tamanhoPagina=20 - application/json null
2026-08-15 07:38:02.521 -03:00 [INF] Request starting HTTP/2 GET https://localhost:7100/api/pedidos-recebimento?pagina=1&tamanhoPagina=20 - application/json null
2026-08-15 07:38:02.500 -03:00 [INF] Request starting HTTP/2 OPTIONS https://localhost:7100/api/auth/refresh - null null
2026-08-15 07:38:02.502 -03:00 [INF] Request finished HTTP/2 GET https://localhost:7100/api/pedidos-expedicao?pagina=1&tamanhoPagina=20 - 401 0 null 1551.3163ms
2026-08-15 07:38:02.560 -03:00 [INF] CORS policy execution successful.
2026-08-15 07:38:02.574 -03:00 [INF] CORS policy execution successful.
2026-08-15 07:38:02.535 -03:00 [INF] CORS policy execution successful.
2026-08-15 07:38:02.586 -03:00 [INF] CORS policy execution successful.
2026-08-15 07:38:02.486 -03:00 [INF] Request finished HTTP/2 GET https://localhost:7100/api/produtos?pagina=1&tamanhoPagina=20 - 401 0 null 1517.4883ms
2026-08-15 07:38:02.951 -03:00 [INF] Failed to validate the token.
Microsoft.IdentityModel.Tokens.SecurityTokenExpiredException: IDX10223: Lifetime validation failed. The token is expired. ValidTo (UTC): '12/08/2026 03:02:26', Current time (UTC): '15/08/2026 10:38:02'.
   at Microsoft.IdentityModel.Tokens.ValidatorUtilities.ValidateLifetime(Nullable`1 notBefore, Nullable`1 expires, SecurityToken securityToken, TokenValidationParameters validationParameters)
   at Microsoft.IdentityModel.Tokens.Validators.ValidateLifetime(Nullable`1 notBefore, Nullable`1 expires, SecurityToken securityToken, TokenValidationParameters validationParameters)
   at Microsoft.IdentityModel.JsonWebTokens.JsonWebTokenHandler.ValidateTokenPayloadAsync(JsonWebToken jsonWebToken, TokenValidationParameters validationParameters, BaseConfiguration configuration)
   at Microsoft.IdentityModel.JsonWebTokens.JsonWebTokenHandler.ValidateJWSAsync(JsonWebToken jsonWebToken, TokenValidationParameters validationParameters, BaseConfiguration configuration)
2026-08-15 07:38:02.951 -03:00 [INF] Failed to validate the token.
Microsoft.IdentityModel.Tokens.SecurityTokenExpiredException: IDX10223: Lifetime validation failed. The token is expired. ValidTo (UTC): '12/08/2026 03:02:26', Current time (UTC): '15/08/2026 10:38:02'.
   at Microsoft.IdentityModel.Tokens.ValidatorUtilities.ValidateLifetime(Nullable`1 notBefore, Nullable`1 expires, SecurityToken securityToken, TokenValidationParameters validationParameters)
   at Microsoft.IdentityModel.Tokens.Validators.ValidateLifetime(Nullable`1 notBefore, Nullable`1 expires, SecurityToken securityToken, TokenValidationParameters validationParameters)
   at Microsoft.IdentityModel.JsonWebTokens.JsonWebTokenHandler.ValidateTokenPayloadAsync(JsonWebToken jsonWebToken, TokenValidationParameters validationParameters, BaseConfiguration configuration)
   at Microsoft.IdentityModel.JsonWebTokens.JsonWebTokenHandler.ValidateJWSAsync(JsonWebToken jsonWebToken, TokenValidationParameters validationParameters, BaseConfiguration configuration)
2026-08-15 07:38:02.730 -03:00 [INF] HTTP OPTIONS /api/auth/refresh responded 204 in 143.2171 ms
2026-08-15 07:38:03.023 -03:00 [INF] Failed to validate the token.
Microsoft.IdentityModel.Tokens.SecurityTokenExpiredException: IDX10223: Lifetime validation failed. The token is expired. ValidTo (UTC): '12/08/2026 03:02:26', Current time (UTC): '15/08/2026 10:38:02'.
   at Microsoft.IdentityModel.Tokens.ValidatorUtilities.ValidateLifetime(Nullable`1 notBefore, Nullable`1 expires, SecurityToken securityToken, TokenValidationParameters validationParameters)
   at Microsoft.IdentityModel.Tokens.Validators.ValidateLifetime(Nullable`1 notBefore, Nullable`1 expires, SecurityToken securityToken, TokenValidationParameters validationParameters)
   at Microsoft.IdentityModel.JsonWebTokens.JsonWebTokenHandler.ValidateTokenPayloadAsync(JsonWebToken jsonWebToken, TokenValidationParameters validationParameters, BaseConfiguration configuration)
   at Microsoft.IdentityModel.JsonWebTokens.JsonWebTokenHandler.ValidateJWSAsync(JsonWebToken jsonWebToken, TokenValidationParameters validationParameters, BaseConfiguration configuration)
2026-08-15 07:38:03.035 -03:00 [INF] Bearer was not authenticated. Failure message: IDX10223: Lifetime validation failed. The token is expired. ValidTo (UTC): '12/08/2026 03:02:26', Current time (UTC): '15/08/2026 10:38:02'.
2026-08-15 07:38:03.042 -03:00 [INF] Bearer was not authenticated. Failure message: IDX10223: Lifetime validation failed. The token is expired. ValidTo (UTC): '12/08/2026 03:02:26', Current time (UTC): '15/08/2026 10:38:02'.
2026-08-15 07:38:03.070 -03:00 [INF] Authorization failed. These requirements were not met:
DenyAnonymousAuthorizationRequirement: Requires an authenticated user.
2026-08-15 07:38:03.059 -03:00 [INF] Request starting HTTP/2 POST https://localhost:7100/api/auth/refresh - application/json 105
2026-08-15 07:38:03.060 -03:00 [INF] Bearer was not authenticated. Failure message: IDX10223: Lifetime validation failed. The token is expired. ValidTo (UTC): '12/08/2026 03:02:26', Current time (UTC): '15/08/2026 10:38:02'.
2026-08-15 07:38:03.069 -03:00 [INF] Authorization failed. These requirements were not met:
DenyAnonymousAuthorizationRequirement: Requires an authenticated user.
2026-08-15 07:38:03.050 -03:00 [INF] Request finished HTTP/2 OPTIONS https://localhost:7100/api/auth/refresh - 204 null null 550.7917ms
2026-08-15 07:38:03.074 -03:00 [INF] AuthenticationScheme: Bearer was challenged.
2026-08-15 07:38:03.089 -03:00 [INF] CORS policy execution successful.
2026-08-15 07:38:03.091 -03:00 [INF] Authorization failed. These requirements were not met:
DenyAnonymousAuthorizationRequirement: Requires an authenticated user.
2026-08-15 07:38:03.095 -03:00 [INF] AuthenticationScheme: Bearer was challenged.
2026-08-15 07:38:03.116 -03:00 [INF] HTTP GET /api/produtos responded 401 in 580.2259 ms
2026-08-15 07:38:03.125 -03:00 [INF] AuthenticationScheme: Bearer was challenged.
2026-08-15 07:38:03.129 -03:00 [INF] HTTP GET /api/pedidos-expedicao responded 401 in 568.8016 ms
2026-08-15 07:38:03.131 -03:00 [INF] Executing endpoint 'GestaoArmazem.API.Controllers.AuthController.Refresh (GestaoArmazem.API)'
2026-08-15 07:38:03.139 -03:00 [INF] Request finished HTTP/2 GET https://localhost:7100/api/produtos?pagina=1&tamanhoPagina=20 - 401 0 null 647.1984ms
2026-08-15 07:38:03.143 -03:00 [INF] HTTP GET /api/pedidos-recebimento responded 401 in 568.3215 ms
2026-08-15 07:38:03.150 -03:00 [INF] Request finished HTTP/2 GET https://localhost:7100/api/pedidos-expedicao?pagina=1&tamanhoPagina=20 - 401 0 null 643.0066ms
2026-08-15 07:38:03.175 -03:00 [INF] Request finished HTTP/2 GET https://localhost:7100/api/pedidos-recebimento?pagina=1&tamanhoPagina=20 - 401 0 null 654.7317ms
2026-08-15 07:38:03.288 -03:00 [INF] Route matched with {action = "Refresh", controller = "Auth"}. Executing controller action with signature System.Threading.Tasks.Task`1[Microsoft.AspNetCore.Mvc.ActionResult`1[GestaoArmazem.Application.DTOs.TokenResponseDto]] Refresh(GestaoArmazem.Application.DTOs.RefreshTokenRequestDto) on controller GestaoArmazem.API.Controllers.AuthController (GestaoArmazem.API).
2026-08-15 07:38:03.371 -03:00 [INF] Request starting HTTP/2 OPTIONS https://localhost:7100/api/auth/logout - null null
2026-08-15 07:38:03.399 -03:00 [INF] CORS policy execution successful.
2026-08-15 07:38:03.430 -03:00 [INF] HTTP OPTIONS /api/auth/logout responded 204 in 30.3136 ms
2026-08-15 07:38:03.454 -03:00 [INF] Request finished HTTP/2 OPTIONS https://localhost:7100/api/auth/logout - 204 null null 84.5692ms
2026-08-15 07:38:03.460 -03:00 [INF] Request starting HTTP/2 POST https://localhost:7100/api/auth/logout - application/json 105
2026-08-15 07:38:03.500 -03:00 [INF] CORS policy execution successful.
2026-08-15 07:38:03.504 -03:00 [INF] Executing endpoint 'GestaoArmazem.API.Controllers.AuthController.Logout (GestaoArmazem.API)'
2026-08-15 07:38:03.531 -03:00 [INF] Route matched with {action = "Logout", controller = "Auth"}. Executing controller action with signature System.Threading.Tasks.Task`1[Microsoft.AspNetCore.Mvc.IActionResult] Logout(GestaoArmazem.Application.DTOs.RefreshTokenRequestDto) on controller GestaoArmazem.API.Controllers.AuthController (GestaoArmazem.API).
2026-08-15 07:38:04.272 -03:00 [INF] Executing StatusCodeResult, setting HTTP status code 204
2026-08-15 07:38:04.287 -03:00 [INF] Executed action GestaoArmazem.API.Controllers.AuthController.Logout (GestaoArmazem.API) in 722.731ms
2026-08-15 07:38:04.293 -03:00 [INF] Executed endpoint 'GestaoArmazem.API.Controllers.AuthController.Logout (GestaoArmazem.API)'
2026-08-15 07:38:04.304 -03:00 [INF] HTTP POST /api/auth/logout responded 204 in 803.5590 ms
2026-08-15 07:38:04.317 -03:00 [INF] Request finished HTTP/2 POST https://localhost:7100/api/auth/logout - 204 null null 856.5599ms
2026-08-15 07:38:04.341 -03:00 [INF] Executing OkObjectResult, writing value of type 'GestaoArmazem.Application.DTOs.TokenResponseDto'.
2026-08-15 07:38:04.376 -03:00 [INF] Executed action GestaoArmazem.API.Controllers.AuthController.Refresh (GestaoArmazem.API) in 1077.17ms
2026-08-15 07:38:04.383 -03:00 [INF] Executed endpoint 'GestaoArmazem.API.Controllers.AuthController.Refresh (GestaoArmazem.API)'
2026-08-15 07:38:04.388 -03:00 [INF] HTTP POST /api/auth/refresh responded 200 in 1298.5466 ms
2026-08-15 07:38:04.396 -03:00 [INF] Request finished HTTP/2 POST https://localhost:7100/api/auth/refresh - 200 null application/json; charset=utf-8 1338.4749ms
2026-08-15 07:38:04.409 -03:00 [INF] Request starting HTTP/2 GET https://localhost:7100/api/pedidos-expedicao?pagina=1&tamanhoPagina=20 - application/json null
2026-08-15 07:38:04.408 -03:00 [INF] Request starting HTTP/2 GET https://localhost:7100/api/produtos?pagina=1&tamanhoPagina=20 - application/json null
2026-08-15 07:38:04.410 -03:00 [INF] Request starting HTTP/2 GET https://localhost:7100/api/pedidos-recebimento?pagina=1&tamanhoPagina=20 - application/json null
2026-08-15 07:38:04.424 -03:00 [INF] CORS policy execution successful.
2026-08-15 07:38:04.436 -03:00 [INF] CORS policy execution successful.
2026-08-15 07:38:04.450 -03:00 [INF] CORS policy execution successful.
2026-08-15 07:38:04.484 -03:00 [INF] Executing endpoint 'GestaoArmazem.API.Controllers.PedidosExpedicaoController.Listar (GestaoArmazem.API)'
2026-08-15 07:38:04.484 -03:00 [INF] Executing endpoint 'GestaoArmazem.API.Controllers.PedidosRecebimentoController.Listar (GestaoArmazem.API)'
2026-08-15 07:38:04.484 -03:00 [INF] Executing endpoint 'GestaoArmazem.API.Controllers.ProdutosController.Listar (GestaoArmazem.API)'
2026-08-15 07:38:04.506 -03:00 [INF] Route matched with {action = "Listar", controller = "PedidosExpedicao"}. Executing controller action with signature System.Threading.Tasks.Task`1[Microsoft.AspNetCore.Mvc.ActionResult`1[System.Collections.Generic.IEnumerable`1[GestaoArmazem.Application.DTOs.PedidoExpedicaoDto]]] Listar(Int32, Int32) on controller GestaoArmazem.API.Controllers.PedidosExpedicaoController (GestaoArmazem.API).
2026-08-15 07:38:04.507 -03:00 [INF] Route matched with {action = "Listar", controller = "PedidosRecebimento"}. Executing controller action with signature System.Threading.Tasks.Task`1[Microsoft.AspNetCore.Mvc.ActionResult`1[System.Collections.Generic.IEnumerable`1[GestaoArmazem.Application.DTOs.PedidoRecebimentoDto]]] Listar(Int32, Int32) on controller GestaoArmazem.API.Controllers.PedidosRecebimentoController (GestaoArmazem.API).
2026-08-15 07:38:04.513 -03:00 [INF] Route matched with {action = "Listar", controller = "Produtos"}. Executing controller action with signature System.Threading.Tasks.Task`1[Microsoft.AspNetCore.Mvc.ActionResult`1[System.Collections.Generic.IEnumerable`1[GestaoArmazem.Application.DTOs.ProdutoDto]]] Listar(Int32, Int32) on controller GestaoArmazem.API.Controllers.ProdutosController (GestaoArmazem.API).
2026-08-15 07:38:04.626 -03:00 [INF] Executing OkObjectResult, writing value of type 'System.Linq.Enumerable+SelectListIterator`2[[GestaoArmazem.Domain.Entities.Produto, GestaoArmazem.Domain, Version=1.0.0.0, Culture=neutral, PublicKeyToken=null],[GestaoArmazem.Application.DTOs.ProdutoDto, GestaoArmazem.Application, Version=1.0.0.0, Culture=neutral, PublicKeyToken=null]]'.
2026-08-15 07:38:04.649 -03:00 [INF] Executing OkObjectResult, writing value of type 'System.Collections.Generic.List`1[[GestaoArmazem.Application.DTOs.PedidoExpedicaoDto, GestaoArmazem.Application, Version=1.0.0.0, Culture=neutral, PublicKeyToken=null]]'.
2026-08-15 07:38:04.649 -03:00 [INF] Executing OkObjectResult, writing value of type 'System.Collections.Generic.List`1[[GestaoArmazem.Application.DTOs.PedidoRecebimentoDto, GestaoArmazem.Application, Version=1.0.0.0, Culture=neutral, PublicKeyToken=null]]'.
2026-08-15 07:38:04.658 -03:00 [INF] Executed action GestaoArmazem.API.Controllers.ProdutosController.Listar (GestaoArmazem.API) in 121.4278ms
2026-08-15 07:38:04.662 -03:00 [INF] Request starting HTTP/2 GET https://localhost:7100/api/produtos?pagina=1&tamanhoPagina=20 - application/json null
2026-08-15 07:38:04.669 -03:00 [INF] Executed endpoint 'GestaoArmazem.API.Controllers.ProdutosController.Listar (GestaoArmazem.API)'
2026-08-15 07:38:04.681 -03:00 [INF] CORS policy execution successful.
2026-08-15 07:38:04.687 -03:00 [INF] HTTP GET /api/produtos responded 200 in 250.7870 ms
2026-08-15 07:38:04.694 -03:00 [INF] Request starting HTTP/2 GET https://localhost:7100/api/pedidos-expedicao?pagina=1&tamanhoPagina=20 - application/json null
2026-08-15 07:38:04.691 -03:00 [INF] Executed action GestaoArmazem.API.Controllers.PedidosRecebimentoController.Listar (GestaoArmazem.API) in 165.7612ms
2026-08-15 07:38:04.689 -03:00 [INF] Executed action GestaoArmazem.API.Controllers.PedidosExpedicaoController.Listar (GestaoArmazem.API) in 173.4849ms
2026-08-15 07:38:04.696 -03:00 [INF] Request starting HTTP/2 GET https://localhost:7100/api/pedidos-recebimento?pagina=1&tamanhoPagina=20 - application/json null
2026-08-15 07:38:04.696 -03:00 [INF] Executing endpoint 'GestaoArmazem.API.Controllers.ProdutosController.Listar (GestaoArmazem.API)'
2026-08-15 07:38:04.704 -03:00 [INF] Request finished HTTP/2 GET https://localhost:7100/api/produtos?pagina=1&tamanhoPagina=20 - 200 null application/json; charset=utf-8 298.1434ms
2026-08-15 07:38:04.717 -03:00 [INF] CORS policy execution successful.
2026-08-15 07:38:04.724 -03:00 [INF] Executed endpoint 'GestaoArmazem.API.Controllers.PedidosRecebimentoController.Listar (GestaoArmazem.API)'
2026-08-15 07:38:04.732 -03:00 [INF] Executed endpoint 'GestaoArmazem.API.Controllers.PedidosExpedicaoController.Listar (GestaoArmazem.API)'
2026-08-15 07:38:04.743 -03:00 [INF] CORS policy execution successful.
2026-08-15 07:38:04.749 -03:00 [INF] Route matched with {action = "Listar", controller = "Produtos"}. Executing controller action with signature System.Threading.Tasks.Task`1[Microsoft.AspNetCore.Mvc.ActionResult`1[System.Collections.Generic.IEnumerable`1[GestaoArmazem.Application.DTOs.ProdutoDto]]] Listar(Int32, Int32) on controller GestaoArmazem.API.Controllers.ProdutosController (GestaoArmazem.API).
2026-08-15 07:38:04.769 -03:00 [INF] Executing endpoint 'GestaoArmazem.API.Controllers.PedidosExpedicaoController.Listar (GestaoArmazem.API)'
2026-08-15 07:38:04.774 -03:00 [INF] HTTP GET /api/pedidos-recebimento responded 200 in 324.5974 ms
2026-08-15 07:38:04.801 -03:00 [INF] Route matched with {action = "Listar", controller = "PedidosExpedicao"}. Executing controller action with signature System.Threading.Tasks.Task`1[Microsoft.AspNetCore.Mvc.ActionResult`1[System.Collections.Generic.IEnumerable`1[GestaoArmazem.Application.DTOs.PedidoExpedicaoDto]]] Listar(Int32, Int32) on controller GestaoArmazem.API.Controllers.PedidosExpedicaoController (GestaoArmazem.API).
2026-08-15 07:38:04.786 -03:00 [INF] Executing endpoint 'GestaoArmazem.API.Controllers.PedidosRecebimentoController.Listar (GestaoArmazem.API)'
2026-08-15 07:38:04.804 -03:00 [INF] Executing OkObjectResult, writing value of type 'System.Linq.Enumerable+SelectListIterator`2[[GestaoArmazem.Domain.Entities.Produto, GestaoArmazem.Domain, Version=1.0.0.0, Culture=neutral, PublicKeyToken=null],[GestaoArmazem.Application.DTOs.ProdutoDto, GestaoArmazem.Application, Version=1.0.0.0, Culture=neutral, PublicKeyToken=null]]'.
2026-08-15 07:38:04.810 -03:00 [INF] Request finished HTTP/2 GET https://localhost:7100/api/pedidos-recebimento?pagina=1&tamanhoPagina=20 - 200 null application/json; charset=utf-8 400.3289ms
2026-08-15 07:38:04.836 -03:00 [INF] Executed action GestaoArmazem.API.Controllers.ProdutosController.Listar (GestaoArmazem.API) in 42.8375ms
2026-08-15 07:38:04.827 -03:00 [INF] Route matched with {action = "Listar", controller = "PedidosRecebimento"}. Executing controller action with signature System.Threading.Tasks.Task`1[Microsoft.AspNetCore.Mvc.ActionResult`1[System.Collections.Generic.IEnumerable`1[GestaoArmazem.Application.DTOs.PedidoRecebimentoDto]]] Listar(Int32, Int32) on controller GestaoArmazem.API.Controllers.PedidosRecebimentoController (GestaoArmazem.API).
2026-08-15 07:38:04.779 -03:00 [INF] HTTP GET /api/pedidos-expedicao responded 200 in 355.2406 ms
2026-08-15 07:38:04.838 -03:00 [INF] Executing OkObjectResult, writing value of type 'System.Collections.Generic.List`1[[GestaoArmazem.Application.DTOs.PedidoExpedicaoDto, GestaoArmazem.Application, Version=1.0.0.0, Culture=neutral, PublicKeyToken=null]]'.
2026-08-15 07:38:04.858 -03:00 [INF] Executed endpoint 'GestaoArmazem.API.Controllers.ProdutosController.Listar (GestaoArmazem.API)'
2026-08-15 07:38:04.886 -03:00 [INF] Executed action GestaoArmazem.API.Controllers.PedidosExpedicaoController.Listar (GestaoArmazem.API) in 67.4314ms
2026-08-15 07:38:04.896 -03:00 [INF] HTTP GET /api/produtos responded 200 in 214.6011 ms
2026-08-15 07:38:04.902 -03:00 [INF] Executed endpoint 'GestaoArmazem.API.Controllers.PedidosExpedicaoController.Listar (GestaoArmazem.API)'
2026-08-15 07:38:04.877 -03:00 [INF] Request finished HTTP/2 GET https://localhost:7100/api/pedidos-expedicao?pagina=1&tamanhoPagina=20 - 200 null application/json; charset=utf-8 468.121ms
2026-08-15 07:38:04.907 -03:00 [INF] Executing OkObjectResult, writing value of type 'System.Collections.Generic.List`1[[GestaoArmazem.Application.DTOs.PedidoRecebimentoDto, GestaoArmazem.Application, Version=1.0.0.0, Culture=neutral, PublicKeyToken=null]]'.
2026-08-15 07:38:04.913 -03:00 [INF] Request finished HTTP/2 GET https://localhost:7100/api/produtos?pagina=1&tamanhoPagina=20 - 200 null application/json; charset=utf-8 251.4401ms
2026-08-15 07:38:04.917 -03:00 [INF] HTTP GET /api/pedidos-expedicao responded 200 in 199.5055 ms
2026-08-15 07:38:04.939 -03:00 [INF] Executed action GestaoArmazem.API.Controllers.PedidosRecebimentoController.Listar (GestaoArmazem.API) in 72.0102ms
2026-08-15 07:38:04.965 -03:00 [INF] Request finished HTTP/2 GET https://localhost:7100/api/pedidos-expedicao?pagina=1&tamanhoPagina=20 - 200 null application/json; charset=utf-8 272.2805ms
2026-08-15 07:38:04.970 -03:00 [INF] Executed endpoint 'GestaoArmazem.API.Controllers.PedidosRecebimentoController.Listar (GestaoArmazem.API)'
2026-08-15 07:38:04.990 -03:00 [INF] HTTP GET /api/pedidos-recebimento responded 200 in 247.3163 ms
2026-08-15 07:38:05.000 -03:00 [INF] Request finished HTTP/2 GET https://localhost:7100/api/pedidos-recebimento?pagina=1&tamanhoPagina=20 - 200 null application/json; charset=utf-8 305.9576ms
2026-08-15 07:38:57.016 -03:00 [INF] Request starting HTTP/2 OPTIONS https://localhost:7100/api/auth/login - null null
2026-08-15 07:38:57.038 -03:00 [INF] CORS policy execution successful.
2026-08-15 07:38:57.044 -03:00 [INF] HTTP OPTIONS /api/auth/login responded 204 in 5.8300 ms
2026-08-15 07:38:57.060 -03:00 [INF] Request finished HTTP/2 OPTIONS https://localhost:7100/api/auth/login - 204 null null 45.8905ms
2026-08-15 07:38:57.068 -03:00 [INF] Request starting HTTP/2 POST https://localhost:7100/api/auth/login - application/json 57
2026-08-15 07:38:57.105 -03:00 [INF] CORS policy execution successful.
2026-08-15 07:38:57.131 -03:00 [INF] Executing endpoint 'GestaoArmazem.API.Controllers.AuthController.Login (GestaoArmazem.API)'
2026-08-15 07:38:57.144 -03:00 [INF] Route matched with {action = "Login", controller = "Auth"}. Executing controller action with signature System.Threading.Tasks.Task`1[Microsoft.AspNetCore.Mvc.ActionResult`1[GestaoArmazem.Application.DTOs.TokenResponseDto]] Login(GestaoArmazem.Application.DTOs.LoginDto) on controller GestaoArmazem.API.Controllers.AuthController (GestaoArmazem.API).
2026-08-15 07:38:58.039 -03:00 [INF] Executing OkObjectResult, writing value of type 'GestaoArmazem.Application.DTOs.TokenResponseDto'.
2026-08-15 07:38:58.045 -03:00 [INF] Executed action GestaoArmazem.API.Controllers.AuthController.Login (GestaoArmazem.API) in 892.6231ms
2026-08-15 07:38:58.052 -03:00 [INF] Executed endpoint 'GestaoArmazem.API.Controllers.AuthController.Login (GestaoArmazem.API)'
2026-08-15 07:38:58.058 -03:00 [INF] HTTP POST /api/auth/login responded 200 in 953.0600 ms
2026-08-15 07:38:58.066 -03:00 [INF] Request finished HTTP/2 POST https://localhost:7100/api/auth/login - 200 null application/json; charset=utf-8 998.2017ms
2026-08-15 07:38:58.221 -03:00 [INF] Request starting HTTP/2 OPTIONS https://localhost:7100/api/produtos?pagina=1&tamanhoPagina=20 - null null
2026-08-15 07:38:58.234 -03:00 [INF] Request starting HTTP/2 OPTIONS https://localhost:7100/api/pedidos-recebimento?pagina=1&tamanhoPagina=20 - null null
2026-08-15 07:38:58.236 -03:00 [INF] Request starting HTTP/2 OPTIONS https://localhost:7100/api/produtos?pagina=1&tamanhoPagina=20 - null null
2026-08-15 07:38:58.236 -03:00 [INF] Request starting HTTP/2 OPTIONS https://localhost:7100/api/pedidos-expedicao?pagina=1&tamanhoPagina=20 - null null
2026-08-15 07:38:58.236 -03:00 [INF] CORS policy execution successful.
2026-08-15 07:38:58.250 -03:00 [INF] Request starting HTTP/2 OPTIONS https://localhost:7100/api/pedidos-expedicao?pagina=1&tamanhoPagina=20 - null null
2026-08-15 07:38:58.245 -03:00 [INF] Request starting HTTP/2 OPTIONS https://localhost:7100/api/pedidos-recebimento?pagina=1&tamanhoPagina=20 - null null
2026-08-15 07:38:58.262 -03:00 [INF] CORS policy execution successful.
2026-08-15 07:38:58.276 -03:00 [INF] CORS policy execution successful.
2026-08-15 07:38:58.285 -03:00 [INF] CORS policy execution successful.
2026-08-15 07:38:58.288 -03:00 [INF] HTTP OPTIONS /api/produtos responded 204 in 51.6903 ms
2026-08-15 07:38:58.298 -03:00 [INF] CORS policy execution successful.
2026-08-15 07:38:58.318 -03:00 [INF] HTTP OPTIONS /api/produtos responded 204 in 41.5577 ms
2026-08-15 07:38:58.314 -03:00 [INF] HTTP OPTIONS /api/pedidos-recebimento responded 204 in 51.5505 ms
2026-08-15 07:38:58.351 -03:00 [INF] Request finished HTTP/2 OPTIONS https://localhost:7100/api/produtos?pagina=1&tamanhoPagina=20 - 204 null null 115.3833ms
2026-08-15 07:38:58.367 -03:00 [INF] Request finished HTTP/2 OPTIONS https://localhost:7100/api/pedidos-recebimento?pagina=1&tamanhoPagina=20 - 204 null null 136.3167ms
2026-08-15 07:38:58.322 -03:00 [INF] HTTP OPTIONS /api/pedidos-expedicao responded 204 in 36.9201 ms
2026-08-15 07:38:58.340 -03:00 [INF] Request starting HTTP/2 GET https://localhost:7100/api/produtos?pagina=1&tamanhoPagina=20 - application/json null
2026-08-15 07:38:58.409 -03:00 [INF] Request finished HTTP/2 OPTIONS https://localhost:7100/api/pedidos-expedicao?pagina=1&tamanhoPagina=20 - 204 null null 174.1423ms
2026-08-15 07:38:58.330 -03:00 [INF] Request finished HTTP/2 OPTIONS https://localhost:7100/api/produtos?pagina=1&tamanhoPagina=20 - 204 null null 109.6165ms
2026-08-15 07:38:58.336 -03:00 [INF] HTTP OPTIONS /api/pedidos-expedicao responded 204 in 38.4119 ms
2026-08-15 07:38:58.310 -03:00 [INF] CORS policy execution successful.
2026-08-15 07:38:58.375 -03:00 [INF] Request starting HTTP/2 GET https://localhost:7100/api/pedidos-recebimento?pagina=1&tamanhoPagina=20 - application/json null
2026-08-15 07:38:58.421 -03:00 [INF] Request starting HTTP/2 GET https://localhost:7100/api/pedidos-expedicao?pagina=1&tamanhoPagina=20 - application/json null
2026-08-15 07:38:58.426 -03:00 [INF] CORS policy execution successful.
2026-08-15 07:38:58.469 -03:00 [INF] Request finished HTTP/2 OPTIONS https://localhost:7100/api/pedidos-expedicao?pagina=1&tamanhoPagina=20 - 204 null null 218.8759ms
2026-08-15 07:38:58.472 -03:00 [INF] HTTP OPTIONS /api/pedidos-recebimento responded 204 in 162.3718 ms
2026-08-15 07:38:58.485 -03:00 [INF] CORS policy execution successful.
2026-08-15 07:38:58.499 -03:00 [INF] CORS policy execution successful.
2026-08-15 07:38:58.504 -03:00 [INF] Executing endpoint 'GestaoArmazem.API.Controllers.ProdutosController.Listar (GestaoArmazem.API)'
2026-08-15 07:38:58.533 -03:00 [INF] Request finished HTTP/2 OPTIONS https://localhost:7100/api/pedidos-recebimento?pagina=1&tamanhoPagina=20 - 204 null null 288.6134ms
2026-08-15 07:38:58.537 -03:00 [INF] Executing endpoint 'GestaoArmazem.API.Controllers.PedidosRecebimentoController.Listar (GestaoArmazem.API)'
2026-08-15 07:38:58.540 -03:00 [INF] Executing endpoint 'GestaoArmazem.API.Controllers.PedidosExpedicaoController.Listar (GestaoArmazem.API)'
2026-08-15 07:38:58.544 -03:00 [INF] Route matched with {action = "Listar", controller = "Produtos"}. Executing controller action with signature System.Threading.Tasks.Task`1[Microsoft.AspNetCore.Mvc.ActionResult`1[System.Collections.Generic.IEnumerable`1[GestaoArmazem.Application.DTOs.ProdutoDto]]] Listar(Int32, Int32) on controller GestaoArmazem.API.Controllers.ProdutosController (GestaoArmazem.API).
2026-08-15 07:38:58.563 -03:00 [INF] Route matched with {action = "Listar", controller = "PedidosRecebimento"}. Executing controller action with signature System.Threading.Tasks.Task`1[Microsoft.AspNetCore.Mvc.ActionResult`1[System.Collections.Generic.IEnumerable`1[GestaoArmazem.Application.DTOs.PedidoRecebimentoDto]]] Listar(Int32, Int32) on controller GestaoArmazem.API.Controllers.PedidosRecebimentoController (GestaoArmazem.API).
2026-08-15 07:38:58.569 -03:00 [INF] Route matched with {action = "Listar", controller = "PedidosExpedicao"}. Executing controller action with signature System.Threading.Tasks.Task`1[Microsoft.AspNetCore.Mvc.ActionResult`1[System.Collections.Generic.IEnumerable`1[GestaoArmazem.Application.DTOs.PedidoExpedicaoDto]]] Listar(Int32, Int32) on controller GestaoArmazem.API.Controllers.PedidosExpedicaoController (GestaoArmazem.API).
2026-08-15 07:38:58.595 -03:00 [INF] Executing OkObjectResult, writing value of type 'System.Linq.Enumerable+SelectListIterator`2[[GestaoArmazem.Domain.Entities.Produto, GestaoArmazem.Domain, Version=1.0.0.0, Culture=neutral, PublicKeyToken=null],[GestaoArmazem.Application.DTOs.ProdutoDto, GestaoArmazem.Application, Version=1.0.0.0, Culture=neutral, PublicKeyToken=null]]'.
2026-08-15 07:38:58.621 -03:00 [INF] Request starting HTTP/2 GET https://localhost:7100/api/produtos?pagina=1&tamanhoPagina=20 - application/json null
2026-08-15 07:38:58.621 -03:00 [INF] Executed action GestaoArmazem.API.Controllers.ProdutosController.Listar (GestaoArmazem.API) in 35.434ms
2026-08-15 07:38:58.628 -03:00 [INF] Executing OkObjectResult, writing value of type 'System.Collections.Generic.List`1[[GestaoArmazem.Application.DTOs.PedidoExpedicaoDto, GestaoArmazem.Application, Version=1.0.0.0, Culture=neutral, PublicKeyToken=null]]'.
2026-08-15 07:38:58.629 -03:00 [INF] Executing OkObjectResult, writing value of type 'System.Collections.Generic.List`1[[GestaoArmazem.Application.DTOs.PedidoRecebimentoDto, GestaoArmazem.Application, Version=1.0.0.0, Culture=neutral, PublicKeyToken=null]]'.
2026-08-15 07:38:58.637 -03:00 [INF] CORS policy execution successful.
2026-08-15 07:38:58.662 -03:00 [INF] Request starting HTTP/2 GET https://localhost:7100/api/pedidos-recebimento?pagina=1&tamanhoPagina=20 - application/json null
2026-08-15 07:38:58.658 -03:00 [INF] Executed action GestaoArmazem.API.Controllers.PedidosRecebimentoController.Listar (GestaoArmazem.API) in 64.6869ms
2026-08-15 07:38:58.651 -03:00 [INF] Executed action GestaoArmazem.API.Controllers.PedidosExpedicaoController.Listar (GestaoArmazem.API) in 49.7118ms
2026-08-15 07:38:58.644 -03:00 [INF] Executed endpoint 'GestaoArmazem.API.Controllers.ProdutosController.Listar (GestaoArmazem.API)'
2026-08-15 07:38:58.655 -03:00 [INF] Request starting HTTP/2 GET https://localhost:7100/api/pedidos-expedicao?pagina=1&tamanhoPagina=20 - application/json null
2026-08-15 07:38:58.664 -03:00 [INF] Executing endpoint 'GestaoArmazem.API.Controllers.ProdutosController.Listar (GestaoArmazem.API)'
2026-08-15 07:38:58.675 -03:00 [INF] CORS policy execution successful.
2026-08-15 07:38:58.682 -03:00 [INF] Executed endpoint 'GestaoArmazem.API.Controllers.PedidosRecebimentoController.Listar (GestaoArmazem.API)'
2026-08-15 07:38:58.688 -03:00 [INF] Executed endpoint 'GestaoArmazem.API.Controllers.PedidosExpedicaoController.Listar (GestaoArmazem.API)'
2026-08-15 07:38:58.693 -03:00 [INF] HTTP GET /api/produtos responded 200 in 267.1118 ms
2026-08-15 07:38:58.706 -03:00 [INF] CORS policy execution successful.
2026-08-15 07:38:58.711 -03:00 [INF] Route matched with {action = "Listar", controller = "Produtos"}. Executing controller action with signature System.Threading.Tasks.Task`1[Microsoft.AspNetCore.Mvc.ActionResult`1[System.Collections.Generic.IEnumerable`1[GestaoArmazem.Application.DTOs.ProdutoDto]]] Listar(Int32, Int32) on controller GestaoArmazem.API.Controllers.ProdutosController (GestaoArmazem.API).
2026-08-15 07:38:58.715 -03:00 [INF] Executing endpoint 'GestaoArmazem.API.Controllers.PedidosRecebimentoController.Listar (GestaoArmazem.API)'
2026-08-15 07:38:58.719 -03:00 [INF] HTTP GET /api/pedidos-recebimento responded 200 in 233.7574 ms
2026-08-15 07:38:58.724 -03:00 [INF] HTTP GET /api/pedidos-expedicao responded 200 in 224.9329 ms
2026-08-15 07:38:58.733 -03:00 [INF] Request finished HTTP/2 GET https://localhost:7100/api/produtos?pagina=1&tamanhoPagina=20 - 200 null application/json; charset=utf-8 392.5614ms
2026-08-15 07:38:58.737 -03:00 [INF] Executing endpoint 'GestaoArmazem.API.Controllers.PedidosExpedicaoController.Listar (GestaoArmazem.API)'
2026-08-15 07:38:58.784 -03:00 [INF] Route matched with {action = "Listar", controller = "PedidosRecebimento"}. Executing controller action with signature System.Threading.Tasks.Task`1[Microsoft.AspNetCore.Mvc.ActionResult`1[System.Collections.Generic.IEnumerable`1[GestaoArmazem.Application.DTOs.PedidoRecebimentoDto]]] Listar(Int32, Int32) on controller GestaoArmazem.API.Controllers.PedidosRecebimentoController (GestaoArmazem.API).
2026-08-15 07:38:58.785 -03:00 [INF] Route matched with {action = "Listar", controller = "PedidosExpedicao"}. Executing controller action with signature System.Threading.Tasks.Task`1[Microsoft.AspNetCore.Mvc.ActionResult`1[System.Collections.Generic.IEnumerable`1[GestaoArmazem.Application.DTOs.PedidoExpedicaoDto]]] Listar(Int32, Int32) on controller GestaoArmazem.API.Controllers.PedidosExpedicaoController (GestaoArmazem.API).
2026-08-15 07:38:58.785 -03:00 [INF] Request finished HTTP/2 GET https://localhost:7100/api/pedidos-recebimento?pagina=1&tamanhoPagina=20 - 200 null application/json; charset=utf-8 411.145ms
2026-08-15 07:38:58.785 -03:00 [INF] Request finished HTTP/2 GET https://localhost:7100/api/pedidos-expedicao?pagina=1&tamanhoPagina=20 - 200 null application/json; charset=utf-8 365.9112ms
2026-08-15 07:38:58.828 -03:00 [INF] Executing OkObjectResult, writing value of type 'System.Collections.Generic.List`1[[GestaoArmazem.Application.DTOs.PedidoExpedicaoDto, GestaoArmazem.Application, Version=1.0.0.0, Culture=neutral, PublicKeyToken=null]]'.
2026-08-15 07:38:58.796 -03:00 [INF] Executing OkObjectResult, writing value of type 'System.Linq.Enumerable+SelectListIterator`2[[GestaoArmazem.Domain.Entities.Produto, GestaoArmazem.Domain, Version=1.0.0.0, Culture=neutral, PublicKeyToken=null],[GestaoArmazem.Application.DTOs.ProdutoDto, GestaoArmazem.Application, Version=1.0.0.0, Culture=neutral, PublicKeyToken=null]]'.
2026-08-15 07:38:58.843 -03:00 [INF] Executing OkObjectResult, writing value of type 'System.Collections.Generic.List`1[[GestaoArmazem.Application.DTOs.PedidoRecebimentoDto, GestaoArmazem.Application, Version=1.0.0.0, Culture=neutral, PublicKeyToken=null]]'.
2026-08-15 07:38:58.861 -03:00 [INF] Executed action GestaoArmazem.API.Controllers.PedidosExpedicaoController.Listar (GestaoArmazem.API) in 48.9515ms
2026-08-15 07:38:58.868 -03:00 [INF] Executed action GestaoArmazem.API.Controllers.ProdutosController.Listar (GestaoArmazem.API) in 124.1551ms
2026-08-15 07:38:58.873 -03:00 [INF] Executed action GestaoArmazem.API.Controllers.PedidosRecebimentoController.Listar (GestaoArmazem.API) in 73.9665ms
2026-08-15 07:38:58.878 -03:00 [INF] Executed endpoint 'GestaoArmazem.API.Controllers.PedidosExpedicaoController.Listar (GestaoArmazem.API)'
2026-08-15 07:38:58.886 -03:00 [INF] Executed endpoint 'GestaoArmazem.API.Controllers.ProdutosController.Listar (GestaoArmazem.API)'
2026-08-15 07:38:58.891 -03:00 [INF] Executed endpoint 'GestaoArmazem.API.Controllers.PedidosRecebimentoController.Listar (GestaoArmazem.API)'
2026-08-15 07:38:58.896 -03:00 [INF] HTTP GET /api/pedidos-expedicao responded 200 in 190.0494 ms
2026-08-15 07:38:58.901 -03:00 [INF] HTTP GET /api/produtos responded 200 in 263.8776 ms
2026-08-15 07:38:58.906 -03:00 [INF] HTTP GET /api/pedidos-recebimento responded 200 in 230.5033 ms
2026-08-15 07:38:58.914 -03:00 [INF] Request finished HTTP/2 GET https://localhost:7100/api/pedidos-expedicao?pagina=1&tamanhoPagina=20 - 200 null application/json; charset=utf-8 259.7292ms
2026-08-15 07:38:58.923 -03:00 [INF] Request finished HTTP/2 GET https://localhost:7100/api/produtos?pagina=1&tamanhoPagina=20 - 200 null application/json; charset=utf-8 303.2012ms
2026-08-15 07:38:58.933 -03:00 [INF] Request finished HTTP/2 GET https://localhost:7100/api/pedidos-recebimento?pagina=1&tamanhoPagina=20 - 200 null application/json; charset=utf-8 271.4697ms
2026-08-15 07:39:01.685 -03:00 [INF] Request starting HTTP/2 OPTIONS https://localhost:7100/api/produtos?pagina=1&tamanhoPagina=21 - null null
2026-08-15 07:39:01.687 -03:00 [INF] Request starting HTTP/2 OPTIONS https://localhost:7100/api/produtos?pagina=1&tamanhoPagina=21 - null null
2026-08-15 07:39:01.703 -03:00 [INF] CORS policy execution successful.
2026-08-15 07:39:01.712 -03:00 [INF] CORS policy execution successful.
2026-08-15 07:39:01.718 -03:00 [INF] HTTP OPTIONS /api/produtos responded 204 in 15.6223 ms
2026-08-15 07:39:01.722 -03:00 [INF] HTTP OPTIONS /api/produtos responded 204 in 9.6322 ms
2026-08-15 07:39:01.734 -03:00 [INF] Request finished HTTP/2 OPTIONS https://localhost:7100/api/produtos?pagina=1&tamanhoPagina=21 - 204 null null 49.7445ms
2026-08-15 07:39:01.742 -03:00 [INF] Request finished HTTP/2 OPTIONS https://localhost:7100/api/produtos?pagina=1&tamanhoPagina=21 - 204 null null 55.2748ms
2026-08-15 07:39:01.755 -03:00 [INF] Request starting HTTP/2 GET https://localhost:7100/api/produtos?pagina=1&tamanhoPagina=21 - application/json null
2026-08-15 07:39:01.817 -03:00 [INF] CORS policy execution successful.
2026-08-15 07:39:01.822 -03:00 [INF] Executing endpoint 'GestaoArmazem.API.Controllers.ProdutosController.Listar (GestaoArmazem.API)'
2026-08-15 07:39:01.827 -03:00 [INF] Route matched with {action = "Listar", controller = "Produtos"}. Executing controller action with signature System.Threading.Tasks.Task`1[Microsoft.AspNetCore.Mvc.ActionResult`1[System.Collections.Generic.IEnumerable`1[GestaoArmazem.Application.DTOs.ProdutoDto]]] Listar(Int32, Int32) on controller GestaoArmazem.API.Controllers.ProdutosController (GestaoArmazem.API).
2026-08-15 07:39:01.848 -03:00 [INF] Executing OkObjectResult, writing value of type 'System.Linq.Enumerable+SelectListIterator`2[[GestaoArmazem.Domain.Entities.Produto, GestaoArmazem.Domain, Version=1.0.0.0, Culture=neutral, PublicKeyToken=null],[GestaoArmazem.Application.DTOs.ProdutoDto, GestaoArmazem.Application, Version=1.0.0.0, Culture=neutral, PublicKeyToken=null]]'.
2026-08-15 07:39:01.855 -03:00 [INF] Executed action GestaoArmazem.API.Controllers.ProdutosController.Listar (GestaoArmazem.API) in 17.9681ms
2026-08-15 07:39:01.858 -03:00 [INF] Request starting HTTP/2 GET https://localhost:7100/api/produtos?pagina=1&tamanhoPagina=21 - application/json null
2026-08-15 07:39:01.861 -03:00 [INF] Executed endpoint 'GestaoArmazem.API.Controllers.ProdutosController.Listar (GestaoArmazem.API)'
2026-08-15 07:39:01.874 -03:00 [INF] CORS policy execution successful.
2026-08-15 07:39:01.878 -03:00 [INF] HTTP GET /api/produtos responded 200 in 60.9616 ms
2026-08-15 07:39:01.883 -03:00 [INF] Executing endpoint 'GestaoArmazem.API.Controllers.ProdutosController.Listar (GestaoArmazem.API)'
2026-08-15 07:39:01.891 -03:00 [INF] Request finished HTTP/2 GET https://localhost:7100/api/produtos?pagina=1&tamanhoPagina=21 - 200 null application/json; charset=utf-8 135.4679ms
2026-08-15 07:39:01.894 -03:00 [INF] Route matched with {action = "Listar", controller = "Produtos"}. Executing controller action with signature System.Threading.Tasks.Task`1[Microsoft.AspNetCore.Mvc.ActionResult`1[System.Collections.Generic.IEnumerable`1[GestaoArmazem.Application.DTOs.ProdutoDto]]] Listar(Int32, Int32) on controller GestaoArmazem.API.Controllers.ProdutosController (GestaoArmazem.API).
2026-08-15 07:39:01.925 -03:00 [INF] Executing OkObjectResult, writing value of type 'System.Linq.Enumerable+SelectListIterator`2[[GestaoArmazem.Domain.Entities.Produto, GestaoArmazem.Domain, Version=1.0.0.0, Culture=neutral, PublicKeyToken=null],[GestaoArmazem.Application.DTOs.ProdutoDto, GestaoArmazem.Application, Version=1.0.0.0, Culture=neutral, PublicKeyToken=null]]'.
2026-08-15 07:39:01.930 -03:00 [INF] Executed action GestaoArmazem.API.Controllers.ProdutosController.Listar (GestaoArmazem.API) in 14.074ms
2026-08-15 07:39:01.935 -03:00 [INF] Executed endpoint 'GestaoArmazem.API.Controllers.ProdutosController.Listar (GestaoArmazem.API)'
2026-08-15 07:39:01.939 -03:00 [INF] HTTP GET /api/produtos responded 200 in 65.4936 ms
2026-08-15 07:39:01.946 -03:00 [INF] Request finished HTTP/2 GET https://localhost:7100/api/produtos?pagina=1&tamanhoPagina=21 - 200 null application/json; charset=utf-8 89.1475ms
2026-08-15 07:39:03.589 -03:00 [INF] Request starting HTTP/2 OPTIONS https://localhost:7100/api/categorias - null null
2026-08-15 07:39:03.591 -03:00 [INF] Request starting HTTP/2 OPTIONS https://localhost:7100/api/categorias - null null
2026-08-15 07:39:03.607 -03:00 [INF] CORS policy execution successful.
2026-08-15 07:39:03.618 -03:00 [INF] CORS policy execution successful.
2026-08-15 07:39:03.622 -03:00 [INF] HTTP OPTIONS /api/categorias responded 204 in 15.6070 ms
2026-08-15 07:39:03.626 -03:00 [INF] HTTP OPTIONS /api/categorias responded 204 in 7.3658 ms
2026-08-15 07:39:03.634 -03:00 [INF] Request finished HTTP/2 OPTIONS https://localhost:7100/api/categorias - 204 null null 45.8666ms
2026-08-15 07:39:03.640 -03:00 [INF] Request starting HTTP/2 GET https://localhost:7100/api/categorias - application/json null
2026-08-15 07:39:03.643 -03:00 [INF] Request finished HTTP/2 OPTIONS https://localhost:7100/api/categorias - 204 null null 53.4314ms
2026-08-15 07:39:03.673 -03:00 [INF] CORS policy execution successful.
2026-08-15 07:39:03.708 -03:00 [INF] Executing endpoint 'GestaoArmazem.API.Controllers.CategoriasController.Listar (GestaoArmazem.API)'
2026-08-15 07:39:03.737 -03:00 [INF] Route matched with {action = "Listar", controller = "Categorias"}. Executing controller action with signature System.Threading.Tasks.Task`1[Microsoft.AspNetCore.Mvc.ActionResult`1[System.Collections.Generic.IEnumerable`1[GestaoArmazem.Application.DTOs.CategoriaDto]]] Listar() on controller GestaoArmazem.API.Controllers.CategoriasController (GestaoArmazem.API).
2026-08-15 07:39:03.768 -03:00 [INF] Executing OkObjectResult, writing value of type 'System.Linq.Enumerable+SelectListIterator`2[[GestaoArmazem.Domain.Entities.Categoria, GestaoArmazem.Domain, Version=1.0.0.0, Culture=neutral, PublicKeyToken=null],[GestaoArmazem.Application.DTOs.CategoriaDto, GestaoArmazem.Application, Version=1.0.0.0, Culture=neutral, PublicKeyToken=null]]'.
2026-08-15 07:39:03.781 -03:00 [INF] Executed action GestaoArmazem.API.Controllers.CategoriasController.Listar (GestaoArmazem.API) in 35.9895ms
2026-08-15 07:39:03.785 -03:00 [INF] Request starting HTTP/2 GET https://localhost:7100/api/categorias - application/json null
2026-08-15 07:39:03.789 -03:00 [INF] Executed endpoint 'GestaoArmazem.API.Controllers.CategoriasController.Listar (GestaoArmazem.API)'
2026-08-15 07:39:03.801 -03:00 [INF] CORS policy execution successful.
2026-08-15 07:39:03.806 -03:00 [INF] HTTP GET /api/categorias responded 200 in 133.0153 ms
2026-08-15 07:39:03.811 -03:00 [INF] Executing endpoint 'GestaoArmazem.API.Controllers.CategoriasController.Listar (GestaoArmazem.API)'
2026-08-15 07:39:03.819 -03:00 [INF] Request finished HTTP/2 GET https://localhost:7100/api/categorias - 200 null application/json; charset=utf-8 179.5688ms
2026-08-15 07:39:03.825 -03:00 [INF] Route matched with {action = "Listar", controller = "Categorias"}. Executing controller action with signature System.Threading.Tasks.Task`1[Microsoft.AspNetCore.Mvc.ActionResult`1[System.Collections.Generic.IEnumerable`1[GestaoArmazem.Application.DTOs.CategoriaDto]]] Listar() on controller GestaoArmazem.API.Controllers.CategoriasController (GestaoArmazem.API).
2026-08-15 07:39:03.865 -03:00 [INF] Executing OkObjectResult, writing value of type 'System.Linq.Enumerable+SelectListIterator`2[[GestaoArmazem.Domain.Entities.Categoria, GestaoArmazem.Domain, Version=1.0.0.0, Culture=neutral, PublicKeyToken=null],[GestaoArmazem.Application.DTOs.CategoriaDto, GestaoArmazem.Application, Version=1.0.0.0, Culture=neutral, PublicKeyToken=null]]'.
2026-08-15 07:39:03.872 -03:00 [INF] Executed action GestaoArmazem.API.Controllers.CategoriasController.Listar (GestaoArmazem.API) in 18.4462ms
2026-08-15 07:39:03.880 -03:00 [INF] Executed endpoint 'GestaoArmazem.API.Controllers.CategoriasController.Listar (GestaoArmazem.API)'
2026-08-15 07:39:03.885 -03:00 [INF] HTTP GET /api/categorias responded 200 in 84.6079 ms
2026-08-15 07:39:03.895 -03:00 [INF] Request finished HTTP/2 GET https://localhost:7100/api/categorias - 200 null application/json; charset=utf-8 110.6547ms
2026-08-15 07:39:08.647 -03:00 [INF] Request starting HTTP/2 OPTIONS https://localhost:7100/api/produtos?pagina=1&tamanhoPagina=20 - null null
2026-08-15 07:39:08.669 -03:00 [INF] Request starting HTTP/2 OPTIONS https://localhost:7100/api/pedidos-recebimento?pagina=1&tamanhoPagina=20 - null null
2026-08-15 07:39:08.672 -03:00 [INF] Request starting HTTP/2 OPTIONS https://localhost:7100/api/pedidos-recebimento?pagina=1&tamanhoPagina=20 - null null
2026-08-15 07:39:08.672 -03:00 [INF] Request starting HTTP/2 OPTIONS https://localhost:7100/api/pedidos-expedicao?pagina=1&tamanhoPagina=20 - null null
2026-08-15 07:39:08.673 -03:00 [INF] Request starting HTTP/2 OPTIONS https://localhost:7100/api/pedidos-expedicao?pagina=1&tamanhoPagina=20 - null null
2026-08-15 07:39:08.673 -03:00 [INF] Request starting HTTP/2 OPTIONS https://localhost:7100/api/produtos?pagina=1&tamanhoPagina=20 - null null
2026-08-15 07:39:08.702 -03:00 [INF] CORS policy execution successful.
2026-08-15 07:39:08.725 -03:00 [INF] CORS policy execution successful.
2026-08-15 07:39:08.741 -03:00 [INF] CORS policy execution successful.
2026-08-15 07:39:08.760 -03:00 [INF] CORS policy execution successful.
2026-08-15 07:39:08.773 -03:00 [INF] CORS policy execution successful.
2026-08-15 07:39:08.791 -03:00 [INF] CORS policy execution successful.
2026-08-15 07:39:08.795 -03:00 [INF] HTTP OPTIONS /api/produtos responded 204 in 92.9175 ms
2026-08-15 07:39:08.799 -03:00 [INF] HTTP OPTIONS /api/pedidos-recebimento responded 204 in 74.1549 ms
2026-08-15 07:39:08.802 -03:00 [INF] HTTP OPTIONS /api/pedidos-recebimento responded 204 in 60.3902 ms
2026-08-15 07:39:08.808 -03:00 [INF] HTTP OPTIONS /api/pedidos-expedicao responded 204 in 34.8685 ms
2026-08-15 07:39:08.825 -03:00 [INF] Request starting HTTP/2 GET https://localhost:7100/api/produtos?pagina=1&tamanhoPagina=20 - application/json null
2026-08-15 07:39:08.834 -03:00 [INF] Request finished HTTP/2 OPTIONS https://localhost:7100/api/pedidos-recebimento?pagina=1&tamanhoPagina=20 - 204 null null 163.364ms
2026-08-15 07:39:08.839 -03:00 [INF] Request starting HTTP/2 GET https://localhost:7100/api/pedidos-recebimento?pagina=1&tamanhoPagina=20 - application/json null
2026-08-15 07:39:08.850 -03:00 [INF] Request finished HTTP/2 OPTIONS https://localhost:7100/api/pedidos-expedicao?pagina=1&tamanhoPagina=20 - 204 null null 180.2099ms
2026-08-15 07:39:08.854 -03:00 [INF] Request starting HTTP/2 GET https://localhost:7100/api/pedidos-expedicao?pagina=1&tamanhoPagina=20 - application/json null
2026-08-15 07:39:08.805 -03:00 [INF] HTTP OPTIONS /api/pedidos-expedicao responded 204 in 44.5907 ms
2026-08-15 07:39:08.827 -03:00 [INF] Request finished HTTP/2 OPTIONS https://localhost:7100/api/pedidos-recebimento?pagina=1&tamanhoPagina=20 - 204 null null 163.4264ms
2026-08-15 07:39:08.811 -03:00 [INF] HTTP OPTIONS /api/produtos responded 204 in 20.2901 ms
2026-08-15 07:39:08.819 -03:00 [INF] Request finished HTTP/2 OPTIONS https://localhost:7100/api/produtos?pagina=1&tamanhoPagina=20 - 204 null null 174.5705ms
2026-08-15 07:39:08.862 -03:00 [INF] CORS policy execution successful.
2026-08-15 07:39:08.890 -03:00 [INF] CORS policy execution successful.
2026-08-15 07:39:08.917 -03:00 [INF] CORS policy execution successful.
2026-08-15 07:39:08.925 -03:00 [INF] Request finished HTTP/2 OPTIONS https://localhost:7100/api/pedidos-expedicao?pagina=1&tamanhoPagina=20 - 204 null null 252.4667ms
2026-08-15 07:39:08.949 -03:00 [INF] Request finished HTTP/2 OPTIONS https://localhost:7100/api/produtos?pagina=1&tamanhoPagina=20 - 204 null null 275.4587ms
2026-08-15 07:39:08.970 -03:00 [INF] Executing endpoint 'GestaoArmazem.API.Controllers.ProdutosController.Listar (GestaoArmazem.API)'
2026-08-15 07:39:08.974 -03:00 [INF] Executing endpoint 'GestaoArmazem.API.Controllers.PedidosRecebimentoController.Listar (GestaoArmazem.API)'
2026-08-15 07:39:08.977 -03:00 [INF] Executing endpoint 'GestaoArmazem.API.Controllers.PedidosExpedicaoController.Listar (GestaoArmazem.API)'
2026-08-15 07:39:09.012 -03:00 [INF] Route matched with {action = "Listar", controller = "Produtos"}. Executing controller action with signature System.Threading.Tasks.Task`1[Microsoft.AspNetCore.Mvc.ActionResult`1[System.Collections.Generic.IEnumerable`1[GestaoArmazem.Application.DTOs.ProdutoDto]]] Listar(Int32, Int32) on controller GestaoArmazem.API.Controllers.ProdutosController (GestaoArmazem.API).
2026-08-15 07:39:09.017 -03:00 [INF] Route matched with {action = "Listar", controller = "PedidosRecebimento"}. Executing controller action with signature System.Threading.Tasks.Task`1[Microsoft.AspNetCore.Mvc.ActionResult`1[System.Collections.Generic.IEnumerable`1[GestaoArmazem.Application.DTOs.PedidoRecebimentoDto]]] Listar(Int32, Int32) on controller GestaoArmazem.API.Controllers.PedidosRecebimentoController (GestaoArmazem.API).
2026-08-15 07:39:09.021 -03:00 [INF] Route matched with {action = "Listar", controller = "PedidosExpedicao"}. Executing controller action with signature System.Threading.Tasks.Task`1[Microsoft.AspNetCore.Mvc.ActionResult`1[System.Collections.Generic.IEnumerable`1[GestaoArmazem.Application.DTOs.PedidoExpedicaoDto]]] Listar(Int32, Int32) on controller GestaoArmazem.API.Controllers.PedidosExpedicaoController (GestaoArmazem.API).
2026-08-15 07:39:09.042 -03:00 [INF] Executing OkObjectResult, writing value of type 'System.Linq.Enumerable+SelectListIterator`2[[GestaoArmazem.Domain.Entities.Produto, GestaoArmazem.Domain, Version=1.0.0.0, Culture=neutral, PublicKeyToken=null],[GestaoArmazem.Application.DTOs.ProdutoDto, GestaoArmazem.Application, Version=1.0.0.0, Culture=neutral, PublicKeyToken=null]]'.
2026-08-15 07:39:09.074 -03:00 [INF] Executed action GestaoArmazem.API.Controllers.ProdutosController.Listar (GestaoArmazem.API) in 43.9455ms
2026-08-15 07:39:09.078 -03:00 [INF] Request starting HTTP/2 GET https://localhost:7100/api/produtos?pagina=1&tamanhoPagina=20 - application/json null
2026-08-15 07:39:09.083 -03:00 [INF] Executed endpoint 'GestaoArmazem.API.Controllers.ProdutosController.Listar (GestaoArmazem.API)'
2026-08-15 07:39:09.085 -03:00 [INF] Executing OkObjectResult, writing value of type 'System.Collections.Generic.List`1[[GestaoArmazem.Application.DTOs.PedidoRecebimentoDto, GestaoArmazem.Application, Version=1.0.0.0, Culture=neutral, PublicKeyToken=null]]'.
2026-08-15 07:39:09.086 -03:00 [INF] Executing OkObjectResult, writing value of type 'System.Collections.Generic.List`1[[GestaoArmazem.Application.DTOs.PedidoExpedicaoDto, GestaoArmazem.Application, Version=1.0.0.0, Culture=neutral, PublicKeyToken=null]]'.
2026-08-15 07:39:09.107 -03:00 [INF] Executed action GestaoArmazem.API.Controllers.PedidosRecebimentoController.Listar (GestaoArmazem.API) in 61.0609ms
2026-08-15 07:39:09.095 -03:00 [INF] CORS policy execution successful.
2026-08-15 07:39:09.110 -03:00 [INF] Request starting HTTP/2 GET https://localhost:7100/api/pedidos-recebimento?pagina=1&tamanhoPagina=20 - application/json null
2026-08-15 07:39:09.113 -03:00 [INF] Executed action GestaoArmazem.API.Controllers.PedidosExpedicaoController.Listar (GestaoArmazem.API) in 53.3317ms
2026-08-15 07:39:09.101 -03:00 [INF] HTTP GET /api/produtos responded 200 in 238.4516 ms
2026-08-15 07:39:09.117 -03:00 [INF] Request starting HTTP/2 GET https://localhost:7100/api/pedidos-expedicao?pagina=1&tamanhoPagina=20 - application/json null
2026-08-15 07:39:09.120 -03:00 [INF] Executed endpoint 'GestaoArmazem.API.Controllers.PedidosRecebimentoController.Listar (GestaoArmazem.API)'
2026-08-15 07:39:09.124 -03:00 [INF] Executing endpoint 'GestaoArmazem.API.Controllers.ProdutosController.Listar (GestaoArmazem.API)'
2026-08-15 07:39:09.134 -03:00 [INF] CORS policy execution successful.
2026-08-15 07:39:09.140 -03:00 [INF] Executed endpoint 'GestaoArmazem.API.Controllers.PedidosExpedicaoController.Listar (GestaoArmazem.API)'
2026-08-15 07:39:09.149 -03:00 [INF] Request finished HTTP/2 GET https://localhost:7100/api/produtos?pagina=1&tamanhoPagina=20 - 200 null application/json; charset=utf-8 324.9367ms
2026-08-15 07:39:09.160 -03:00 [INF] CORS policy execution successful.
2026-08-15 07:39:09.164 -03:00 [INF] HTTP GET /api/pedidos-recebimento responded 200 in 274.8377 ms
2026-08-15 07:39:09.169 -03:00 [INF] Route matched with {action = "Listar", controller = "Produtos"}. Executing controller action with signature System.Threading.Tasks.Task`1[Microsoft.AspNetCore.Mvc.ActionResult`1[System.Collections.Generic.IEnumerable`1[GestaoArmazem.Application.DTOs.ProdutoDto]]] Listar(Int32, Int32) on controller GestaoArmazem.API.Controllers.ProdutosController (GestaoArmazem.API).
2026-08-15 07:39:09.174 -03:00 [INF] Executing endpoint 'GestaoArmazem.API.Controllers.PedidosRecebimentoController.Listar (GestaoArmazem.API)'
2026-08-15 07:39:09.178 -03:00 [INF] HTTP GET /api/pedidos-expedicao responded 200 in 261.4343 ms
2026-08-15 07:39:09.196 -03:00 [INF] Executing endpoint 'GestaoArmazem.API.Controllers.PedidosExpedicaoController.Listar (GestaoArmazem.API)'
2026-08-15 07:39:09.204 -03:00 [INF] Request finished HTTP/2 GET https://localhost:7100/api/pedidos-recebimento?pagina=1&tamanhoPagina=20 - 200 null application/json; charset=utf-8 364.8317ms
2026-08-15 07:39:09.216 -03:00 [INF] Route matched with {action = "Listar", controller = "PedidosRecebimento"}. Executing controller action with signature System.Threading.Tasks.Task`1[Microsoft.AspNetCore.Mvc.ActionResult`1[System.Collections.Generic.IEnumerable`1[GestaoArmazem.Application.DTOs.PedidoRecebimentoDto]]] Listar(Int32, Int32) on controller GestaoArmazem.API.Controllers.PedidosRecebimentoController (GestaoArmazem.API).
2026-08-15 07:39:09.228 -03:00 [INF] Request finished HTTP/2 GET https://localhost:7100/api/pedidos-expedicao?pagina=1&tamanhoPagina=20 - 200 null application/json; charset=utf-8 374.6044ms
2026-08-15 07:39:09.243 -03:00 [INF] Route matched with {action = "Listar", controller = "PedidosExpedicao"}. Executing controller action with signature System.Threading.Tasks.Task`1[Microsoft.AspNetCore.Mvc.ActionResult`1[System.Collections.Generic.IEnumerable`1[GestaoArmazem.Application.DTOs.PedidoExpedicaoDto]]] Listar(Int32, Int32) on controller GestaoArmazem.API.Controllers.PedidosExpedicaoController (GestaoArmazem.API).
2026-08-15 07:39:09.244 -03:00 [INF] Executing OkObjectResult, writing value of type 'System.Linq.Enumerable+SelectListIterator`2[[GestaoArmazem.Domain.Entities.Produto, GestaoArmazem.Domain, Version=1.0.0.0, Culture=neutral, PublicKeyToken=null],[GestaoArmazem.Application.DTOs.ProdutoDto, GestaoArmazem.Application, Version=1.0.0.0, Culture=neutral, PublicKeyToken=null]]'.
2026-08-15 07:39:09.284 -03:00 [INF] Executing OkObjectResult, writing value of type 'System.Collections.Generic.List`1[[GestaoArmazem.Application.DTOs.PedidoRecebimentoDto, GestaoArmazem.Application, Version=1.0.0.0, Culture=neutral, PublicKeyToken=null]]'.
2026-08-15 07:39:09.309 -03:00 [INF] Executed action GestaoArmazem.API.Controllers.ProdutosController.Listar (GestaoArmazem.API) in 97.8173ms
2026-08-15 07:39:09.315 -03:00 [INF] Executing OkObjectResult, writing value of type 'System.Collections.Generic.List`1[[GestaoArmazem.Application.DTOs.PedidoExpedicaoDto, GestaoArmazem.Application, Version=1.0.0.0, Culture=neutral, PublicKeyToken=null]]'.
2026-08-15 07:39:09.316 -03:00 [INF] Executed action GestaoArmazem.API.Controllers.PedidosRecebimentoController.Listar (GestaoArmazem.API) in 48.8958ms
2026-08-15 07:39:09.321 -03:00 [INF] Executed endpoint 'GestaoArmazem.API.Controllers.ProdutosController.Listar (GestaoArmazem.API)'
2026-08-15 07:39:09.327 -03:00 [INF] Executed action GestaoArmazem.API.Controllers.PedidosExpedicaoController.Listar (GestaoArmazem.API) in 31.4211ms
2026-08-15 07:39:09.333 -03:00 [INF] Executed endpoint 'GestaoArmazem.API.Controllers.PedidosRecebimentoController.Listar (GestaoArmazem.API)'
2026-08-15 07:39:09.337 -03:00 [INF] HTTP GET /api/produtos responded 200 in 241.7354 ms
2026-08-15 07:39:09.343 -03:00 [INF] Executed endpoint 'GestaoArmazem.API.Controllers.PedidosExpedicaoController.Listar (GestaoArmazem.API)'
2026-08-15 07:39:09.348 -03:00 [INF] HTTP GET /api/pedidos-recebimento responded 200 in 213.6011 ms
2026-08-15 07:39:09.356 -03:00 [INF] Request finished HTTP/2 GET https://localhost:7100/api/produtos?pagina=1&tamanhoPagina=20 - 200 null application/json; charset=utf-8 279.5435ms
2026-08-15 07:39:09.361 -03:00 [INF] HTTP GET /api/pedidos-expedicao responded 200 in 201.5604 ms
2026-08-15 07:39:09.370 -03:00 [INF] Request finished HTTP/2 GET https://localhost:7100/api/pedidos-recebimento?pagina=1&tamanhoPagina=20 - 200 null application/json; charset=utf-8 261.2699ms
2026-08-15 07:39:09.394 -03:00 [INF] Request finished HTTP/2 GET https://localhost:7100/api/pedidos-expedicao?pagina=1&tamanhoPagina=20 - 200 null application/json; charset=utf-8 277.2323ms
2026-08-15 07:39:19.371 -03:00 [INF] Request starting HTTP/2 OPTIONS https://localhost:7100/api/pedidos-recebimento?pagina=1&tamanhoPagina=21 - null null
2026-08-15 07:39:19.381 -03:00 [INF] Request starting HTTP/2 OPTIONS https://localhost:7100/api/fornecedores - null null
2026-08-15 07:39:19.381 -03:00 [INF] Request starting HTTP/2 OPTIONS https://localhost:7100/api/fornecedores - null null
2026-08-15 07:39:19.381 -03:00 [INF] Request starting HTTP/2 OPTIONS https://localhost:7100/api/pedidos-recebimento?pagina=1&tamanhoPagina=21 - null null
2026-08-15 07:39:19.393 -03:00 [INF] CORS policy execution successful.
2026-08-15 07:39:19.402 -03:00 [INF] CORS policy execution successful.
2026-08-15 07:39:19.413 -03:00 [INF] CORS policy execution successful.
2026-08-15 07:39:19.422 -03:00 [INF] CORS policy execution successful.
2026-08-15 07:39:19.425 -03:00 [INF] HTTP OPTIONS /api/pedidos-recebimento responded 204 in 32.3590 ms
2026-08-15 07:39:19.431 -03:00 [INF] HTTP OPTIONS /api/fornecedores responded 204 in 29.3710 ms
2026-08-15 07:39:19.434 -03:00 [INF] HTTP OPTIONS /api/fornecedores responded 204 in 20.6830 ms
2026-08-15 07:39:19.463 -03:00 [INF] Request starting HTTP/2 GET https://localhost:7100/api/pedidos-recebimento?pagina=1&tamanhoPagina=21 - application/json null
2026-08-15 07:39:19.458 -03:00 [INF] Request finished HTTP/2 OPTIONS https://localhost:7100/api/fornecedores - 204 null null 78.1154ms
2026-08-15 07:39:19.447 -03:00 [INF] Request finished HTTP/2 OPTIONS https://localhost:7100/api/pedidos-recebimento?pagina=1&tamanhoPagina=21 - 204 null null 77.5395ms
2026-08-15 07:39:19.438 -03:00 [INF] HTTP OPTIONS /api/pedidos-recebimento responded 204 in 15.3323 ms
2026-08-15 07:39:19.468 -03:00 [INF] Request starting HTTP/2 GET https://localhost:7100/api/fornecedores - application/json null
2026-08-15 07:39:19.471 -03:00 [INF] Request finished HTTP/2 OPTIONS https://localhost:7100/api/fornecedores - 204 null null 89.7605ms
2026-08-15 07:39:19.482 -03:00 [INF] CORS policy execution successful.
2026-08-15 07:39:19.525 -03:00 [INF] Request finished HTTP/2 OPTIONS https://localhost:7100/api/pedidos-recebimento?pagina=1&tamanhoPagina=21 - 204 null null 144.3012ms
2026-08-15 07:39:19.539 -03:00 [INF] CORS policy execution successful.
2026-08-15 07:39:19.560 -03:00 [INF] Executing endpoint 'GestaoArmazem.API.Controllers.PedidosRecebimentoController.Listar (GestaoArmazem.API)'
2026-08-15 07:39:19.580 -03:00 [INF] Executing endpoint 'GestaoArmazem.API.Controllers.FornecedoresController.Listar (GestaoArmazem.API)'
2026-08-15 07:39:19.585 -03:00 [INF] Route matched with {action = "Listar", controller = "PedidosRecebimento"}. Executing controller action with signature System.Threading.Tasks.Task`1[Microsoft.AspNetCore.Mvc.ActionResult`1[System.Collections.Generic.IEnumerable`1[GestaoArmazem.Application.DTOs.PedidoRecebimentoDto]]] Listar(Int32, Int32) on controller GestaoArmazem.API.Controllers.PedidosRecebimentoController (GestaoArmazem.API).
2026-08-15 07:39:19.601 -03:00 [INF] Route matched with {action = "Listar", controller = "Fornecedores"}. Executing controller action with signature System.Threading.Tasks.Task`1[Microsoft.AspNetCore.Mvc.ActionResult`1[System.Collections.Generic.IEnumerable`1[GestaoArmazem.Application.DTOs.FornecedorDto]]] Listar() on controller GestaoArmazem.API.Controllers.FornecedoresController (GestaoArmazem.API).
2026-08-15 07:39:19.618 -03:00 [INF] Executing OkObjectResult, writing value of type 'System.Collections.Generic.List`1[[GestaoArmazem.Application.DTOs.PedidoRecebimentoDto, GestaoArmazem.Application, Version=1.0.0.0, Culture=neutral, PublicKeyToken=null]]'.
2026-08-15 07:39:19.627 -03:00 [INF] Executed action GestaoArmazem.API.Controllers.PedidosRecebimentoController.Listar (GestaoArmazem.API) in 26.4211ms
2026-08-15 07:39:19.634 -03:00 [INF] Request starting HTTP/2 GET https://localhost:7100/api/pedidos-recebimento?pagina=1&tamanhoPagina=21 - application/json null
2026-08-15 07:39:19.641 -03:00 [INF] Executed endpoint 'GestaoArmazem.API.Controllers.PedidosRecebimentoController.Listar (GestaoArmazem.API)'
2026-08-15 07:39:19.644 -03:00 [INF] Executing OkObjectResult, writing value of type 'System.Linq.Enumerable+SelectListIterator`2[[GestaoArmazem.Domain.Entities.Fornecedor, GestaoArmazem.Domain, Version=1.0.0.0, Culture=neutral, PublicKeyToken=null],[GestaoArmazem.Application.DTOs.FornecedorDto, GestaoArmazem.Application, Version=1.0.0.0, Culture=neutral, PublicKeyToken=null]]'.
2026-08-15 07:39:19.654 -03:00 [INF] CORS policy execution successful.
2026-08-15 07:39:19.660 -03:00 [INF] HTTP GET /api/pedidos-recebimento responded 200 in 177.6148 ms
2026-08-15 07:39:19.675 -03:00 [INF] Executed action GestaoArmazem.API.Controllers.FornecedoresController.Listar (GestaoArmazem.API) in 57.4626ms
2026-08-15 07:39:19.672 -03:00 [INF] Executing endpoint 'GestaoArmazem.API.Controllers.PedidosRecebimentoController.Listar (GestaoArmazem.API)'
2026-08-15 07:39:19.679 -03:00 [INF] Request starting HTTP/2 GET https://localhost:7100/api/fornecedores - application/json null
2026-08-15 07:39:19.682 -03:00 [INF] Request finished HTTP/2 GET https://localhost:7100/api/pedidos-recebimento?pagina=1&tamanhoPagina=21 - 200 null application/json; charset=utf-8 220.1756ms
2026-08-15 07:39:19.688 -03:00 [INF] Executed endpoint 'GestaoArmazem.API.Controllers.FornecedoresController.Listar (GestaoArmazem.API)'
2026-08-15 07:39:19.694 -03:00 [INF] Route matched with {action = "Listar", controller = "PedidosRecebimento"}. Executing controller action with signature System.Threading.Tasks.Task`1[Microsoft.AspNetCore.Mvc.ActionResult`1[System.Collections.Generic.IEnumerable`1[GestaoArmazem.Application.DTOs.PedidoRecebimentoDto]]] Listar(Int32, Int32) on controller GestaoArmazem.API.Controllers.PedidosRecebimentoController (GestaoArmazem.API).
2026-08-15 07:39:19.705 -03:00 [INF] CORS policy execution successful.
2026-08-15 07:39:19.725 -03:00 [INF] HTTP GET /api/fornecedores responded 200 in 185.4246 ms
2026-08-15 07:39:19.745 -03:00 [INF] Executing endpoint 'GestaoArmazem.API.Controllers.FornecedoresController.Listar (GestaoArmazem.API)'
2026-08-15 07:39:19.748 -03:00 [INF] Executing OkObjectResult, writing value of type 'System.Collections.Generic.List`1[[GestaoArmazem.Application.DTOs.PedidoRecebimentoDto, GestaoArmazem.Application, Version=1.0.0.0, Culture=neutral, PublicKeyToken=null]]'.
2026-08-15 07:39:19.753 -03:00 [INF] Request finished HTTP/2 GET https://localhost:7100/api/fornecedores - 200 null application/json; charset=utf-8 285.7028ms
2026-08-15 07:39:19.758 -03:00 [INF] Route matched with {action = "Listar", controller = "Fornecedores"}. Executing controller action with signature System.Threading.Tasks.Task`1[Microsoft.AspNetCore.Mvc.ActionResult`1[System.Collections.Generic.IEnumerable`1[GestaoArmazem.Application.DTOs.FornecedorDto]]] Listar() on controller GestaoArmazem.API.Controllers.FornecedoresController (GestaoArmazem.API).
2026-08-15 07:39:19.764 -03:00 [INF] Executed action GestaoArmazem.API.Controllers.PedidosRecebimentoController.Listar (GestaoArmazem.API) in 30.5851ms
2026-08-15 07:39:19.796 -03:00 [INF] Executing OkObjectResult, writing value of type 'System.Linq.Enumerable+SelectListIterator`2[[GestaoArmazem.Domain.Entities.Fornecedor, GestaoArmazem.Domain, Version=1.0.0.0, Culture=neutral, PublicKeyToken=null],[GestaoArmazem.Application.DTOs.FornecedorDto, GestaoArmazem.Application, Version=1.0.0.0, Culture=neutral, PublicKeyToken=null]]'.
2026-08-15 07:39:19.797 -03:00 [INF] Executed endpoint 'GestaoArmazem.API.Controllers.PedidosRecebimentoController.Listar (GestaoArmazem.API)'
2026-08-15 07:39:19.802 -03:00 [INF] Executed action GestaoArmazem.API.Controllers.FornecedoresController.Listar (GestaoArmazem.API) in 17.3736ms
2026-08-15 07:39:19.807 -03:00 [INF] HTTP GET /api/pedidos-recebimento responded 200 in 153.0404 ms
2026-08-15 07:39:19.813 -03:00 [INF] Executed endpoint 'GestaoArmazem.API.Controllers.FornecedoresController.Listar (GestaoArmazem.API)'
2026-08-15 07:39:19.820 -03:00 [INF] Request finished HTTP/2 GET https://localhost:7100/api/pedidos-recebimento?pagina=1&tamanhoPagina=21 - 200 null application/json; charset=utf-8 187.3195ms
2026-08-15 07:39:19.824 -03:00 [INF] HTTP GET /api/fornecedores responded 200 in 119.1890 ms
2026-08-15 07:39:19.849 -03:00 [INF] Request finished HTTP/2 GET https://localhost:7100/api/fornecedores - 200 null application/json; charset=utf-8 170.9522ms
2026-08-15 07:39:22.364 -03:00 [INF] Request starting HTTP/2 GET https://localhost:7100/api/fornecedores - application/json null
2026-08-15 07:39:22.369 -03:00 [INF] Request starting HTTP/2 OPTIONS https://localhost:7100/api/produtos?pagina=1&tamanhoPagina=20 - null null
2026-08-15 07:39:22.375 -03:00 [INF] Request starting HTTP/2 OPTIONS https://localhost:7100/api/produtos?pagina=1&tamanhoPagina=20 - null null
2026-08-15 07:39:22.385 -03:00 [INF] CORS policy execution successful.
2026-08-15 07:39:22.394 -03:00 [INF] CORS policy execution successful.
2026-08-15 07:39:22.403 -03:00 [INF] CORS policy execution successful.
2026-08-15 07:39:22.407 -03:00 [INF] Executing endpoint 'GestaoArmazem.API.Controllers.FornecedoresController.Listar (GestaoArmazem.API)'
2026-08-15 07:39:22.412 -03:00 [INF] HTTP OPTIONS /api/produtos responded 204 in 18.1000 ms
2026-08-15 07:39:22.415 -03:00 [INF] HTTP OPTIONS /api/produtos responded 204 in 12.0621 ms
2026-08-15 07:39:22.435 -03:00 [INF] Request starting HTTP/2 GET https://localhost:7100/api/produtos?pagina=1&tamanhoPagina=20 - application/json null
2026-08-15 07:39:22.420 -03:00 [INF] Route matched with {action = "Listar", controller = "Fornecedores"}. Executing controller action with signature System.Threading.Tasks.Task`1[Microsoft.AspNetCore.Mvc.ActionResult`1[System.Collections.Generic.IEnumerable`1[GestaoArmazem.Application.DTOs.FornecedorDto]]] Listar() on controller GestaoArmazem.API.Controllers.FornecedoresController (GestaoArmazem.API).
2026-08-15 07:39:22.429 -03:00 [INF] Request finished HTTP/2 OPTIONS https://localhost:7100/api/produtos?pagina=1&tamanhoPagina=20 - 204 null null 60.5885ms
2026-08-15 07:39:22.450 -03:00 [INF] CORS policy execution successful.
2026-08-15 07:39:22.469 -03:00 [INF] Executing OkObjectResult, writing value of type 'System.Linq.Enumerable+SelectListIterator`2[[GestaoArmazem.Domain.Entities.Fornecedor, GestaoArmazem.Domain, Version=1.0.0.0, Culture=neutral, PublicKeyToken=null],[GestaoArmazem.Application.DTOs.FornecedorDto, GestaoArmazem.Application, Version=1.0.0.0, Culture=neutral, PublicKeyToken=null]]'.
2026-08-15 07:39:22.438 -03:00 [INF] Request finished HTTP/2 OPTIONS https://localhost:7100/api/produtos?pagina=1&tamanhoPagina=20 - 204 null null 63.2709ms
2026-08-15 07:39:22.481 -03:00 [INF] Executing endpoint 'GestaoArmazem.API.Controllers.ProdutosController.Listar (GestaoArmazem.API)'
2026-08-15 07:39:22.486 -03:00 [INF] Executed action GestaoArmazem.API.Controllers.FornecedoresController.Listar (GestaoArmazem.API) in 28.2072ms
2026-08-15 07:39:22.492 -03:00 [INF] Request starting HTTP/2 GET https://localhost:7100/api/fornecedores - application/json null
2026-08-15 07:39:22.504 -03:00 [INF] Route matched with {action = "Listar", controller = "Produtos"}. Executing controller action with signature System.Threading.Tasks.Task`1[Microsoft.AspNetCore.Mvc.ActionResult`1[System.Collections.Generic.IEnumerable`1[GestaoArmazem.Application.DTOs.ProdutoDto]]] Listar(Int32, Int32) on controller GestaoArmazem.API.Controllers.ProdutosController (GestaoArmazem.API).
2026-08-15 07:39:22.510 -03:00 [INF] Executed endpoint 'GestaoArmazem.API.Controllers.FornecedoresController.Listar (GestaoArmazem.API)'
2026-08-15 07:39:22.519 -03:00 [INF] CORS policy execution successful.
2026-08-15 07:39:22.535 -03:00 [INF] HTTP GET /api/fornecedores responded 200 in 149.9803 ms
2026-08-15 07:39:22.535 -03:00 [INF] Executing OkObjectResult, writing value of type 'System.Linq.Enumerable+SelectListIterator`2[[GestaoArmazem.Domain.Entities.Produto, GestaoArmazem.Domain, Version=1.0.0.0, Culture=neutral, PublicKeyToken=null],[GestaoArmazem.Application.DTOs.ProdutoDto, GestaoArmazem.Application, Version=1.0.0.0, Culture=neutral, PublicKeyToken=null]]'.
2026-08-15 07:39:22.538 -03:00 [INF] Executing endpoint 'GestaoArmazem.API.Controllers.FornecedoresController.Listar (GestaoArmazem.API)'
2026-08-15 07:39:22.555 -03:00 [INF] Request starting HTTP/2 GET https://localhost:7100/api/produtos?pagina=1&tamanhoPagina=20 - application/json null
2026-08-15 07:39:22.546 -03:00 [INF] Request finished HTTP/2 GET https://localhost:7100/api/fornecedores - 200 null application/json; charset=utf-8 182.384ms
2026-08-15 07:39:22.552 -03:00 [INF] Executed action GestaoArmazem.API.Controllers.ProdutosController.Listar (GestaoArmazem.API) in 25.5992ms
2026-08-15 07:39:22.556 -03:00 [INF] Route matched with {action = "Listar", controller = "Fornecedores"}. Executing controller action with signature System.Threading.Tasks.Task`1[Microsoft.AspNetCore.Mvc.ActionResult`1[System.Collections.Generic.IEnumerable`1[GestaoArmazem.Application.DTOs.FornecedorDto]]] Listar() on controller GestaoArmazem.API.Controllers.FornecedoresController (GestaoArmazem.API).
2026-08-15 07:39:22.566 -03:00 [INF] CORS policy execution successful.
2026-08-15 07:39:22.581 -03:00 [INF] Executed endpoint 'GestaoArmazem.API.Controllers.ProdutosController.Listar (GestaoArmazem.API)'
2026-08-15 07:39:22.595 -03:00 [INF] Executing endpoint 'GestaoArmazem.API.Controllers.ProdutosController.Listar (GestaoArmazem.API)'
2026-08-15 07:39:22.595 -03:00 [INF] Executing OkObjectResult, writing value of type 'System.Linq.Enumerable+SelectListIterator`2[[GestaoArmazem.Domain.Entities.Fornecedor, GestaoArmazem.Domain, Version=1.0.0.0, Culture=neutral, PublicKeyToken=null],[GestaoArmazem.Application.DTOs.FornecedorDto, GestaoArmazem.Application, Version=1.0.0.0, Culture=neutral, PublicKeyToken=null]]'.
2026-08-15 07:39:22.598 -03:00 [INF] HTTP GET /api/produtos responded 200 in 148.2994 ms
2026-08-15 07:39:22.602 -03:00 [INF] Route matched with {action = "Listar", controller = "Produtos"}. Executing controller action with signature System.Threading.Tasks.Task`1[Microsoft.AspNetCore.Mvc.ActionResult`1[System.Collections.Generic.IEnumerable`1[GestaoArmazem.Application.DTOs.ProdutoDto]]] Listar(Int32, Int32) on controller GestaoArmazem.API.Controllers.ProdutosController (GestaoArmazem.API).
2026-08-15 07:39:22.606 -03:00 [INF] Executed action GestaoArmazem.API.Controllers.FornecedoresController.Listar (GestaoArmazem.API) in 18.5512ms
2026-08-15 07:39:22.614 -03:00 [INF] Request finished HTTP/2 GET https://localhost:7100/api/produtos?pagina=1&tamanhoPagina=20 - 200 null application/json; charset=utf-8 179.7794ms
2026-08-15 07:39:22.628 -03:00 [INF] Executing OkObjectResult, writing value of type 'System.Linq.Enumerable+SelectListIterator`2[[GestaoArmazem.Domain.Entities.Produto, GestaoArmazem.Domain, Version=1.0.0.0, Culture=neutral, PublicKeyToken=null],[GestaoArmazem.Application.DTOs.ProdutoDto, GestaoArmazem.Application, Version=1.0.0.0, Culture=neutral, PublicKeyToken=null]]'.
2026-08-15 07:39:22.629 -03:00 [INF] Executed endpoint 'GestaoArmazem.API.Controllers.FornecedoresController.Listar (GestaoArmazem.API)'
2026-08-15 07:39:22.647 -03:00 [INF] Executed action GestaoArmazem.API.Controllers.ProdutosController.Listar (GestaoArmazem.API) in 26.7624ms
2026-08-15 07:39:22.650 -03:00 [INF] HTTP GET /api/fornecedores responded 200 in 130.8540 ms
2026-08-15 07:39:22.655 -03:00 [INF] Executed endpoint 'GestaoArmazem.API.Controllers.ProdutosController.Listar (GestaoArmazem.API)'
2026-08-15 07:39:22.662 -03:00 [INF] Request finished HTTP/2 GET https://localhost:7100/api/fornecedores - 200 null application/json; charset=utf-8 171.0853ms
2026-08-15 07:39:22.666 -03:00 [INF] HTTP GET /api/produtos responded 200 in 100.5895 ms
2026-08-15 07:39:22.692 -03:00 [INF] Request finished HTTP/2 GET https://localhost:7100/api/produtos?pagina=1&tamanhoPagina=20 - 200 null application/json; charset=utf-8 137.134ms
2026-08-15 07:39:31.403 -03:00 [INF] Request starting HTTP/2 OPTIONS https://localhost:7100/api/clientes - null null
2026-08-15 07:39:31.438 -03:00 [INF] Request starting HTTP/2 OPTIONS https://localhost:7100/api/clientes - null null
2026-08-15 07:39:31.468 -03:00 [INF] CORS policy execution successful.
2026-08-15 07:39:31.482 -03:00 [INF] CORS policy execution successful.
2026-08-15 07:39:31.485 -03:00 [INF] HTTP OPTIONS /api/clientes responded 204 in 17.1299 ms
2026-08-15 07:39:31.491 -03:00 [INF] HTTP OPTIONS /api/clientes responded 204 in 7.8449 ms
2026-08-15 07:39:31.498 -03:00 [INF] Request finished HTTP/2 OPTIONS https://localhost:7100/api/clientes - 204 null null 96.3568ms
2026-08-15 07:39:31.505 -03:00 [INF] Request starting HTTP/2 GET https://localhost:7100/api/clientes - application/json null
2026-08-15 07:39:31.510 -03:00 [INF] Request finished HTTP/2 OPTIONS https://localhost:7100/api/clientes - 204 null null 72.8884ms
2026-08-15 07:39:31.536 -03:00 [INF] CORS policy execution successful.
2026-08-15 07:39:31.558 -03:00 [INF] Executing endpoint 'GestaoArmazem.API.Controllers.ClientesController.Listar (GestaoArmazem.API)'
2026-08-15 07:39:31.572 -03:00 [INF] Route matched with {action = "Listar", controller = "Clientes"}. Executing controller action with signature System.Threading.Tasks.Task`1[Microsoft.AspNetCore.Mvc.ActionResult`1[System.Collections.Generic.IEnumerable`1[GestaoArmazem.Application.DTOs.ClienteDto]]] Listar() on controller GestaoArmazem.API.Controllers.ClientesController (GestaoArmazem.API).
2026-08-15 07:39:31.610 -03:00 [INF] Executing OkObjectResult, writing value of type 'System.Linq.Enumerable+SelectListIterator`2[[GestaoArmazem.Domain.Entities.Cliente, GestaoArmazem.Domain, Version=1.0.0.0, Culture=neutral, PublicKeyToken=null],[GestaoArmazem.Application.DTOs.ClienteDto, GestaoArmazem.Application, Version=1.0.0.0, Culture=neutral, PublicKeyToken=null]]'.
2026-08-15 07:39:31.621 -03:00 [INF] Executed action GestaoArmazem.API.Controllers.ClientesController.Listar (GestaoArmazem.API) in 41.1515ms
2026-08-15 07:39:31.624 -03:00 [INF] Request starting HTTP/2 GET https://localhost:7100/api/clientes - application/json null
2026-08-15 07:39:31.629 -03:00 [INF] Executed endpoint 'GestaoArmazem.API.Controllers.ClientesController.Listar (GestaoArmazem.API)'
2026-08-15 07:39:31.639 -03:00 [INF] CORS policy execution successful.
2026-08-15 07:39:31.644 -03:00 [INF] HTTP GET /api/clientes responded 200 in 108.2488 ms
2026-08-15 07:39:31.648 -03:00 [INF] Executing endpoint 'GestaoArmazem.API.Controllers.ClientesController.Listar (GestaoArmazem.API)'
2026-08-15 07:39:31.655 -03:00 [INF] Request finished HTTP/2 GET https://localhost:7100/api/clientes - 200 null application/json; charset=utf-8 150.2998ms
2026-08-15 07:39:31.661 -03:00 [INF] Route matched with {action = "Listar", controller = "Clientes"}. Executing controller action with signature System.Threading.Tasks.Task`1[Microsoft.AspNetCore.Mvc.ActionResult`1[System.Collections.Generic.IEnumerable`1[GestaoArmazem.Application.DTOs.ClienteDto]]] Listar() on controller GestaoArmazem.API.Controllers.ClientesController (GestaoArmazem.API).
2026-08-15 07:39:31.692 -03:00 [INF] Executing OkObjectResult, writing value of type 'System.Linq.Enumerable+SelectListIterator`2[[GestaoArmazem.Domain.Entities.Cliente, GestaoArmazem.Domain, Version=1.0.0.0, Culture=neutral, PublicKeyToken=null],[GestaoArmazem.Application.DTOs.ClienteDto, GestaoArmazem.Application, Version=1.0.0.0, Culture=neutral, PublicKeyToken=null]]'.
2026-08-15 07:39:31.700 -03:00 [INF] Executed action GestaoArmazem.API.Controllers.ClientesController.Listar (GestaoArmazem.API) in 16.7374ms
2026-08-15 07:39:31.707 -03:00 [INF] Executed endpoint 'GestaoArmazem.API.Controllers.ClientesController.Listar (GestaoArmazem.API)'
2026-08-15 07:39:31.712 -03:00 [INF] HTTP GET /api/clientes responded 200 in 73.1614 ms
2026-08-15 07:39:31.723 -03:00 [INF] Request finished HTTP/2 GET https://localhost:7100/api/clientes - 200 null application/json; charset=utf-8 99.5073ms
2026-08-15 07:39:37.756 -03:00 [INF] Request starting HTTP/2 OPTIONS https://localhost:7100/api/produtos?pagina=1&tamanhoPagina=20 - null null
2026-08-15 07:39:37.771 -03:00 [INF] Request starting HTTP/2 OPTIONS https://localhost:7100/api/armazens - null null
2026-08-15 07:39:37.772 -03:00 [INF] Request starting HTTP/2 OPTIONS https://localhost:7100/api/localizacoes - null null
2026-08-15 07:39:37.772 -03:00 [INF] Request starting HTTP/2 OPTIONS https://localhost:7100/api/armazens - null null
2026-08-15 07:39:37.772 -03:00 [INF] Request starting HTTP/2 OPTIONS https://localhost:7100/api/produtos?pagina=1&tamanhoPagina=20 - null null
2026-08-15 07:39:37.773 -03:00 [INF] Request starting HTTP/2 OPTIONS https://localhost:7100/api/localizacoes - null null
2026-08-15 07:39:37.800 -03:00 [INF] CORS policy execution successful.
2026-08-15 07:39:37.813 -03:00 [INF] CORS policy execution successful.
2026-08-15 07:39:37.825 -03:00 [INF] CORS policy execution successful.
2026-08-15 07:39:37.834 -03:00 [INF] CORS policy execution successful.
2026-08-15 07:39:37.847 -03:00 [INF] CORS policy execution successful.
2026-08-15 07:39:37.862 -03:00 [INF] CORS policy execution successful.
2026-08-15 07:39:37.868 -03:00 [INF] HTTP OPTIONS /api/produtos responded 204 in 68.5591 ms
2026-08-15 07:39:37.874 -03:00 [INF] HTTP OPTIONS /api/armazens responded 204 in 61.5867 ms
2026-08-15 07:39:37.877 -03:00 [INF] HTTP OPTIONS /api/localizacoes responded 204 in 52.1475 ms
2026-08-15 07:39:37.881 -03:00 [INF] HTTP OPTIONS /api/armazens responded 204 in 47.2683 ms
2026-08-15 07:39:37.914 -03:00 [INF] Request starting HTTP/2 GET https://localhost:7100/api/armazens - application/json null
2026-08-15 07:39:37.925 -03:00 [INF] Request finished HTTP/2 OPTIONS https://localhost:7100/api/armazens - 204 null null 154.1219ms
2026-08-15 07:39:37.909 -03:00 [INF] Request starting HTTP/2 GET https://localhost:7100/api/produtos?pagina=1&tamanhoPagina=20 - application/json null
2026-08-15 07:39:37.923 -03:00 [INF] Request starting HTTP/2 GET https://localhost:7100/api/localizacoes - application/json null
2026-08-15 07:39:37.884 -03:00 [INF] HTTP OPTIONS /api/produtos responded 204 in 36.8195 ms
2026-08-15 07:39:37.917 -03:00 [INF] Request finished HTTP/2 OPTIONS https://localhost:7100/api/localizacoes - 204 null null 145.5148ms
2026-08-15 07:39:37.887 -03:00 [INF] HTTP OPTIONS /api/localizacoes responded 204 in 24.7351 ms
2026-08-15 07:39:37.896 -03:00 [INF] Request finished HTTP/2 OPTIONS https://localhost:7100/api/produtos?pagina=1&tamanhoPagina=20 - 204 null null 142.0586ms
2026-08-15 07:39:37.903 -03:00 [INF] Request finished HTTP/2 OPTIONS https://localhost:7100/api/armazens - 204 null null 133.069ms
2026-08-15 07:39:37.942 -03:00 [INF] CORS policy execution successful.
2026-08-15 07:39:37.970 -03:00 [INF] CORS policy execution successful.
2026-08-15 07:39:37.983 -03:00 [INF] CORS policy execution successful.
2026-08-15 07:39:37.992 -03:00 [INF] Request finished HTTP/2 OPTIONS https://localhost:7100/api/produtos?pagina=1&tamanhoPagina=20 - 204 null null 222.2453ms
2026-08-15 07:39:38.018 -03:00 [INF] Request finished HTTP/2 OPTIONS https://localhost:7100/api/localizacoes - 204 null null 248.2237ms
2026-08-15 07:39:38.049 -03:00 [INF] Executing endpoint 'GestaoArmazem.API.Controllers.ArmazensController.Listar (GestaoArmazem.API)'
2026-08-15 07:39:38.053 -03:00 [INF] Executing endpoint 'GestaoArmazem.API.Controllers.ProdutosController.Listar (GestaoArmazem.API)'
2026-08-15 07:39:38.059 -03:00 [INF] Executing endpoint 'GestaoArmazem.API.Controllers.LocalizacoesController.Listar (GestaoArmazem.API)'
2026-08-15 07:39:38.095 -03:00 [INF] Route matched with {action = "Listar", controller = "Produtos"}. Executing controller action with signature System.Threading.Tasks.Task`1[Microsoft.AspNetCore.Mvc.ActionResult`1[System.Collections.Generic.IEnumerable`1[GestaoArmazem.Application.DTOs.ProdutoDto]]] Listar(Int32, Int32) on controller GestaoArmazem.API.Controllers.ProdutosController (GestaoArmazem.API).
2026-08-15 07:39:38.102 -03:00 [INF] Route matched with {action = "Listar", controller = "Armazens"}. Executing controller action with signature System.Threading.Tasks.Task`1[Microsoft.AspNetCore.Mvc.ActionResult`1[System.Collections.Generic.IEnumerable`1[GestaoArmazem.Application.DTOs.ArmazemDto]]] Listar() on controller GestaoArmazem.API.Controllers.ArmazensController (GestaoArmazem.API).
2026-08-15 07:39:38.112 -03:00 [INF] Route matched with {action = "Listar", controller = "Localizacoes"}. Executing controller action with signature System.Threading.Tasks.Task`1[Microsoft.AspNetCore.Mvc.ActionResult`1[System.Collections.Generic.IEnumerable`1[GestaoArmazem.Application.DTOs.LocalizacaoDto]]] Listar() on controller GestaoArmazem.API.Controllers.LocalizacoesController (GestaoArmazem.API).
2026-08-15 07:39:38.119 -03:00 [INF] Executing OkObjectResult, writing value of type 'System.Linq.Enumerable+SelectListIterator`2[[GestaoArmazem.Domain.Entities.Produto, GestaoArmazem.Domain, Version=1.0.0.0, Culture=neutral, PublicKeyToken=null],[GestaoArmazem.Application.DTOs.ProdutoDto, GestaoArmazem.Application, Version=1.0.0.0, Culture=neutral, PublicKeyToken=null]]'.
2026-08-15 07:39:38.141 -03:00 [INF] Executed action GestaoArmazem.API.Controllers.ProdutosController.Listar (GestaoArmazem.API) in 34.0002ms
2026-08-15 07:39:38.142 -03:00 [INF] Executing OkObjectResult, writing value of type 'System.Linq.Enumerable+SelectListIterator`2[[GestaoArmazem.Domain.Entities.Armazem, GestaoArmazem.Domain, Version=1.0.0.0, Culture=neutral, PublicKeyToken=null],[GestaoArmazem.Application.DTOs.ArmazemDto, GestaoArmazem.Application, Version=1.0.0.0, Culture=neutral, PublicKeyToken=null]]'.
2026-08-15 07:39:38.147 -03:00 [INF] Request starting HTTP/2 GET https://localhost:7100/api/produtos?pagina=1&tamanhoPagina=20 - application/json null
2026-08-15 07:39:38.156 -03:00 [INF] Executed endpoint 'GestaoArmazem.API.Controllers.ProdutosController.Listar (GestaoArmazem.API)'
2026-08-15 07:39:38.168 -03:00 [INF] Executed action GestaoArmazem.API.Controllers.ArmazensController.Listar (GestaoArmazem.API) in 46.5336ms
2026-08-15 07:39:38.161 -03:00 [INF] Executing OkObjectResult, writing value of type 'System.Linq.Enumerable+SelectListIterator`2[[GestaoArmazem.Domain.Entities.Localizacao, GestaoArmazem.Domain, Version=1.0.0.0, Culture=neutral, PublicKeyToken=null],[GestaoArmazem.Application.DTOs.LocalizacaoDto, GestaoArmazem.Application, Version=1.0.0.0, Culture=neutral, PublicKeyToken=null]]'.
2026-08-15 07:39:38.172 -03:00 [INF] Request starting HTTP/2 GET https://localhost:7100/api/armazens - application/json null
2026-08-15 07:39:38.172 -03:00 [INF] CORS policy execution successful.
2026-08-15 07:39:38.177 -03:00 [INF] HTTP GET /api/produtos responded 200 in 206.8398 ms
2026-08-15 07:39:38.201 -03:00 [INF] CORS policy execution successful.
2026-08-15 07:39:38.183 -03:00 [INF] Executed endpoint 'GestaoArmazem.API.Controllers.ArmazensController.Listar (GestaoArmazem.API)'
2026-08-15 07:39:38.198 -03:00 [INF] Executed action GestaoArmazem.API.Controllers.LocalizacoesController.Listar (GestaoArmazem.API) in 67.472ms
2026-08-15 07:39:38.203 -03:00 [INF] Request starting HTTP/2 GET https://localhost:7100/api/localizacoes - application/json null
2026-08-15 07:39:38.206 -03:00 [INF] Executing endpoint 'GestaoArmazem.API.Controllers.ProdutosController.Listar (GestaoArmazem.API)'
2026-08-15 07:39:38.214 -03:00 [INF] Request finished HTTP/2 GET https://localhost:7100/api/produtos?pagina=1&tamanhoPagina=20 - 200 null application/json; charset=utf-8 305.4933ms
2026-08-15 07:39:38.219 -03:00 [INF] Executing endpoint 'GestaoArmazem.API.Controllers.ArmazensController.Listar (GestaoArmazem.API)'
2026-08-15 07:39:38.224 -03:00 [INF] HTTP GET /api/armazens responded 200 in 282.3355 ms
2026-08-15 07:39:38.230 -03:00 [INF] Executed endpoint 'GestaoArmazem.API.Controllers.LocalizacoesController.Listar (GestaoArmazem.API)'
2026-08-15 07:39:38.241 -03:00 [INF] CORS policy execution successful.
2026-08-15 07:39:38.246 -03:00 [INF] Route matched with {action = "Listar", controller = "Produtos"}. Executing controller action with signature System.Threading.Tasks.Task`1[Microsoft.AspNetCore.Mvc.ActionResult`1[System.Collections.Generic.IEnumerable`1[GestaoArmazem.Application.DTOs.ProdutoDto]]] Listar(Int32, Int32) on controller GestaoArmazem.API.Controllers.ProdutosController (GestaoArmazem.API).
2026-08-15 07:39:38.266 -03:00 [INF] Route matched with {action = "Listar", controller = "Armazens"}. Executing controller action with signature System.Threading.Tasks.Task`1[Microsoft.AspNetCore.Mvc.ActionResult`1[System.Collections.Generic.IEnumerable`1[GestaoArmazem.Application.DTOs.ArmazemDto]]] Listar() on controller GestaoArmazem.API.Controllers.ArmazensController (GestaoArmazem.API).
2026-08-15 07:39:38.274 -03:00 [INF] Request finished HTTP/2 GET https://localhost:7100/api/armazens - 200 null application/json; charset=utf-8 361.2221ms
2026-08-15 07:39:38.307 -03:00 [INF] Executing OkObjectResult, writing value of type 'System.Linq.Enumerable+SelectListIterator`2[[GestaoArmazem.Domain.Entities.Armazem, GestaoArmazem.Domain, Version=1.0.0.0, Culture=neutral, PublicKeyToken=null],[GestaoArmazem.Application.DTOs.ArmazemDto, GestaoArmazem.Application, Version=1.0.0.0, Culture=neutral, PublicKeyToken=null]]'.
2026-08-15 07:39:38.278 -03:00 [INF] HTTP GET /api/localizacoes responded 200 in 295.3384 ms
2026-08-15 07:39:38.301 -03:00 [INF] Executing OkObjectResult, writing value of type 'System.Linq.Enumerable+SelectListIterator`2[[GestaoArmazem.Domain.Entities.Produto, GestaoArmazem.Domain, Version=1.0.0.0, Culture=neutral, PublicKeyToken=null],[GestaoArmazem.Application.DTOs.ProdutoDto, GestaoArmazem.Application, Version=1.0.0.0, Culture=neutral, PublicKeyToken=null]]'.
2026-08-15 07:39:38.282 -03:00 [INF] Executing endpoint 'GestaoArmazem.API.Controllers.LocalizacoesController.Listar (GestaoArmazem.API)'
2026-08-15 07:39:38.325 -03:00 [INF] Executed action GestaoArmazem.API.Controllers.ArmazensController.Listar (GestaoArmazem.API) in 23.7302ms
2026-08-15 07:39:38.333 -03:00 [INF] Request finished HTTP/2 GET https://localhost:7100/api/localizacoes - 200 null application/json; charset=utf-8 410.7658ms
2026-08-15 07:39:38.339 -03:00 [INF] Executed action GestaoArmazem.API.Controllers.ProdutosController.Listar (GestaoArmazem.API) in 50.903ms
2026-08-15 07:39:38.344 -03:00 [INF] Route matched with {action = "Listar", controller = "Localizacoes"}. Executing controller action with signature System.Threading.Tasks.Task`1[Microsoft.AspNetCore.Mvc.ActionResult`1[System.Collections.Generic.IEnumerable`1[GestaoArmazem.Application.DTOs.LocalizacaoDto]]] Listar() on controller GestaoArmazem.API.Controllers.LocalizacoesController (GestaoArmazem.API).
2026-08-15 07:39:38.349 -03:00 [INF] Executed endpoint 'GestaoArmazem.API.Controllers.ArmazensController.Listar (GestaoArmazem.API)'
2026-08-15 07:39:38.369 -03:00 [INF] Executed endpoint 'GestaoArmazem.API.Controllers.ProdutosController.Listar (GestaoArmazem.API)'
2026-08-15 07:39:38.389 -03:00 [INF] HTTP GET /api/armazens responded 200 in 188.2803 ms
2026-08-15 07:39:38.390 -03:00 [INF] Executing OkObjectResult, writing value of type 'System.Linq.Enumerable+SelectListIterator`2[[GestaoArmazem.Domain.Entities.Localizacao, GestaoArmazem.Domain, Version=1.0.0.0, Culture=neutral, PublicKeyToken=null],[GestaoArmazem.Application.DTOs.LocalizacaoDto, GestaoArmazem.Application, Version=1.0.0.0, Culture=neutral, PublicKeyToken=null]]'.
2026-08-15 07:39:38.394 -03:00 [INF] HTTP GET /api/produtos responded 200 in 222.3529 ms
2026-08-15 07:39:38.403 -03:00 [INF] Request finished HTTP/2 GET https://localhost:7100/api/armazens - 200 null application/json; charset=utf-8 231.3371ms
2026-08-15 07:39:38.442 -03:00 [INF] Request starting HTTP/2 OPTIONS https://localhost:7100/api/estoque?produtoId=55c768f5-60e0-47e5-af88-acada09b197a - null null
2026-08-15 07:39:38.411 -03:00 [INF] Executed action GestaoArmazem.API.Controllers.LocalizacoesController.Listar (GestaoArmazem.API) in 31.5061ms
2026-08-15 07:39:38.418 -03:00 [INF] Request finished HTTP/2 GET https://localhost:7100/api/produtos?pagina=1&tamanhoPagina=20 - 200 null application/json; charset=utf-8 272.5715ms
2026-08-15 07:39:38.457 -03:00 [INF] CORS policy execution successful.
2026-08-15 07:39:38.463 -03:00 [INF] Executed endpoint 'GestaoArmazem.API.Controllers.LocalizacoesController.Listar (GestaoArmazem.API)'
2026-08-15 07:39:38.483 -03:00 [INF] HTTP OPTIONS /api/estoque responded 204 in 25.7153 ms
2026-08-15 07:39:38.490 -03:00 [INF] HTTP GET /api/localizacoes responded 200 in 248.6995 ms
2026-08-15 07:39:38.498 -03:00 [INF] Request finished HTTP/2 OPTIONS https://localhost:7100/api/estoque?produtoId=55c768f5-60e0-47e5-af88-acada09b197a - 204 null null 56.0244ms
2026-08-15 07:39:38.505 -03:00 [INF] Request starting HTTP/2 GET https://localhost:7100/api/estoque?produtoId=55c768f5-60e0-47e5-af88-acada09b197a - application/json null
2026-08-15 07:39:38.514 -03:00 [INF] Request finished HTTP/2 GET https://localhost:7100/api/localizacoes - 200 null application/json; charset=utf-8 312.782ms
2026-08-15 07:39:38.547 -03:00 [INF] CORS policy execution successful.
2026-08-15 07:39:38.569 -03:00 [INF] Executing endpoint 'GestaoArmazem.API.Controllers.EstoqueController.ConsultarPorProduto (GestaoArmazem.API)'
2026-08-15 07:39:38.588 -03:00 [INF] Route matched with {action = "ConsultarPorProduto", controller = "Estoque"}. Executing controller action with signature System.Threading.Tasks.Task`1[Microsoft.AspNetCore.Mvc.ActionResult`1[System.Collections.Generic.IEnumerable`1[GestaoArmazem.Application.DTOs.EstoqueDto]]] ConsultarPorProduto(System.Guid) on controller GestaoArmazem.API.Controllers.EstoqueController (GestaoArmazem.API).
2026-08-15 07:39:38.645 -03:00 [INF] Executing OkObjectResult, writing value of type 'System.Linq.Enumerable+SelectListIterator`2[[GestaoArmazem.Domain.Entities.Estoque, GestaoArmazem.Domain, Version=1.0.0.0, Culture=neutral, PublicKeyToken=null],[GestaoArmazem.Application.DTOs.EstoqueDto, GestaoArmazem.Application, Version=1.0.0.0, Culture=neutral, PublicKeyToken=null]]'.
2026-08-15 07:39:38.660 -03:00 [INF] Executed action GestaoArmazem.API.Controllers.EstoqueController.ConsultarPorProduto (GestaoArmazem.API) in 62.4383ms
2026-08-15 07:39:38.665 -03:00 [INF] Executed endpoint 'GestaoArmazem.API.Controllers.EstoqueController.ConsultarPorProduto (GestaoArmazem.API)'
2026-08-15 07:39:38.671 -03:00 [INF] HTTP GET /api/estoque responded 200 in 123.1087 ms
2026-08-15 07:39:38.680 -03:00 [INF] Request finished HTTP/2 GET https://localhost:7100/api/estoque?produtoId=55c768f5-60e0-47e5-af88-acada09b197a - 200 null application/json; charset=utf-8 176.4653ms
2026-08-15 07:39:43.344 -03:00 [INF] Request starting HTTP/2 OPTIONS https://localhost:7100/api/armazens - null null
2026-08-15 07:39:43.347 -03:00 [INF] Request starting HTTP/2 OPTIONS https://localhost:7100/api/localizacoes - null null
2026-08-15 07:39:43.350 -03:00 [INF] Request starting HTTP/2 OPTIONS https://localhost:7100/api/localizacoes - null null
2026-08-15 07:39:43.350 -03:00 [INF] Request starting HTTP/2 OPTIONS https://localhost:7100/api/armazens - null null
2026-08-15 07:39:43.359 -03:00 [INF] CORS policy execution successful.
2026-08-15 07:39:43.368 -03:00 [INF] CORS policy execution successful.
2026-08-15 07:39:43.380 -03:00 [INF] CORS policy execution successful.
2026-08-15 07:39:43.388 -03:00 [INF] CORS policy execution successful.
2026-08-15 07:39:43.391 -03:00 [INF] HTTP OPTIONS /api/armazens responded 204 in 32.1122 ms
2026-08-15 07:39:43.394 -03:00 [INF] HTTP OPTIONS /api/localizacoes responded 204 in 25.6320 ms
2026-08-15 07:39:43.397 -03:00 [INF] HTTP OPTIONS /api/localizacoes responded 204 in 17.3807 ms
2026-08-15 07:39:43.400 -03:00 [INF] HTTP OPTIONS /api/armazens responded 204 in 12.0244 ms
2026-08-15 07:39:43.414 -03:00 [INF] Request finished HTTP/2 OPTIONS https://localhost:7100/api/localizacoes - 204 null null 67.3729ms
2026-08-15 07:39:43.407 -03:00 [INF] Request finished HTTP/2 OPTIONS https://localhost:7100/api/armazens - 204 null null 64.0409ms
2026-08-15 07:39:43.415 -03:00 [INF] Request starting HTTP/2 GET https://localhost:7100/api/armazens - application/json null
2026-08-15 07:39:43.419 -03:00 [INF] Request starting HTTP/2 GET https://localhost:7100/api/localizacoes - application/json null
2026-08-15 07:39:43.422 -03:00 [INF] Request finished HTTP/2 OPTIONS https://localhost:7100/api/localizacoes - 204 null null 73.5599ms
2026-08-15 07:39:43.429 -03:00 [INF] Request finished HTTP/2 OPTIONS https://localhost:7100/api/armazens - 204 null null 80.3605ms
2026-08-15 07:39:43.473 -03:00 [INF] CORS policy execution successful.
2026-08-15 07:39:43.484 -03:00 [INF] CORS policy execution successful.
2026-08-15 07:39:43.520 -03:00 [INF] Executing endpoint 'GestaoArmazem.API.Controllers.ArmazensController.Listar (GestaoArmazem.API)'
2026-08-15 07:39:43.524 -03:00 [INF] Executing endpoint 'GestaoArmazem.API.Controllers.LocalizacoesController.Listar (GestaoArmazem.API)'
2026-08-15 07:39:43.528 -03:00 [INF] Route matched with {action = "Listar", controller = "Armazens"}. Executing controller action with signature System.Threading.Tasks.Task`1[Microsoft.AspNetCore.Mvc.ActionResult`1[System.Collections.Generic.IEnumerable`1[GestaoArmazem.Application.DTOs.ArmazemDto]]] Listar() on controller GestaoArmazem.API.Controllers.ArmazensController (GestaoArmazem.API).
2026-08-15 07:39:43.533 -03:00 [INF] Route matched with {action = "Listar", controller = "Localizacoes"}. Executing controller action with signature System.Threading.Tasks.Task`1[Microsoft.AspNetCore.Mvc.ActionResult`1[System.Collections.Generic.IEnumerable`1[GestaoArmazem.Application.DTOs.LocalizacaoDto]]] Listar() on controller GestaoArmazem.API.Controllers.LocalizacoesController (GestaoArmazem.API).
2026-08-15 07:39:43.558 -03:00 [INF] Executing OkObjectResult, writing value of type 'System.Linq.Enumerable+SelectListIterator`2[[GestaoArmazem.Domain.Entities.Armazem, GestaoArmazem.Domain, Version=1.0.0.0, Culture=neutral, PublicKeyToken=null],[GestaoArmazem.Application.DTOs.ArmazemDto, GestaoArmazem.Application, Version=1.0.0.0, Culture=neutral, PublicKeyToken=null]]'.
2026-08-15 07:39:43.567 -03:00 [INF] Executed action GestaoArmazem.API.Controllers.ArmazensController.Listar (GestaoArmazem.API) in 24.1107ms
2026-08-15 07:39:43.580 -03:00 [INF] Request starting HTTP/2 GET https://localhost:7100/api/armazens - application/json null
2026-08-15 07:39:43.580 -03:00 [INF] Executing OkObjectResult, writing value of type 'System.Linq.Enumerable+SelectListIterator`2[[GestaoArmazem.Domain.Entities.Localizacao, GestaoArmazem.Domain, Version=1.0.0.0, Culture=neutral, PublicKeyToken=null],[GestaoArmazem.Application.DTOs.LocalizacaoDto, GestaoArmazem.Application, Version=1.0.0.0, Culture=neutral, PublicKeyToken=null]]'.
2026-08-15 07:39:43.585 -03:00 [INF] Executed endpoint 'GestaoArmazem.API.Controllers.ArmazensController.Listar (GestaoArmazem.API)'
2026-08-15 07:39:43.600 -03:00 [INF] CORS policy execution successful.
2026-08-15 07:39:43.609 -03:00 [INF] Executed action GestaoArmazem.API.Controllers.LocalizacoesController.Listar (GestaoArmazem.API) in 48.3586ms
2026-08-15 07:39:43.616 -03:00 [INF] Request starting HTTP/2 GET https://localhost:7100/api/localizacoes - application/json null
2026-08-15 07:39:43.617 -03:00 [INF] HTTP GET /api/armazens responded 200 in 143.8714 ms
2026-08-15 07:39:43.622 -03:00 [INF] Executing endpoint 'GestaoArmazem.API.Controllers.ArmazensController.Listar (GestaoArmazem.API)'
2026-08-15 07:39:43.628 -03:00 [INF] Executed endpoint 'GestaoArmazem.API.Controllers.LocalizacoesController.Listar (GestaoArmazem.API)'
2026-08-15 07:39:43.641 -03:00 [INF] CORS policy execution successful.
2026-08-15 07:39:43.652 -03:00 [INF] Request finished HTTP/2 GET https://localhost:7100/api/armazens - 200 null application/json; charset=utf-8 237.6438ms
2026-08-15 07:39:43.661 -03:00 [INF] Route matched with {action = "Listar", controller = "Armazens"}. Executing controller action with signature System.Threading.Tasks.Task`1[Microsoft.AspNetCore.Mvc.ActionResult`1[System.Collections.Generic.IEnumerable`1[GestaoArmazem.Application.DTOs.ArmazemDto]]] Listar() on controller GestaoArmazem.API.Controllers.ArmazensController (GestaoArmazem.API).
2026-08-15 07:39:43.665 -03:00 [INF] HTTP GET /api/localizacoes responded 200 in 180.8014 ms
2026-08-15 07:39:43.694 -03:00 [INF] Executing OkObjectResult, writing value of type 'System.Linq.Enumerable+SelectListIterator`2[[GestaoArmazem.Domain.Entities.Armazem, GestaoArmazem.Domain, Version=1.0.0.0, Culture=neutral, PublicKeyToken=null],[GestaoArmazem.Application.DTOs.ArmazemDto, GestaoArmazem.Application, Version=1.0.0.0, Culture=neutral, PublicKeyToken=null]]'.
2026-08-15 07:39:43.669 -03:00 [INF] Executing endpoint 'GestaoArmazem.API.Controllers.LocalizacoesController.Listar (GestaoArmazem.API)'
2026-08-15 07:39:43.701 -03:00 [INF] Request finished HTTP/2 GET https://localhost:7100/api/localizacoes - 200 null application/json; charset=utf-8 282.813ms
2026-08-15 07:39:43.708 -03:00 [INF] Executed action GestaoArmazem.API.Controllers.ArmazensController.Listar (GestaoArmazem.API) in 20.5562ms
2026-08-15 07:39:43.711 -03:00 [INF] Route matched with {action = "Listar", controller = "Localizacoes"}. Executing controller action with signature System.Threading.Tasks.Task`1[Microsoft.AspNetCore.Mvc.ActionResult`1[System.Collections.Generic.IEnumerable`1[GestaoArmazem.Application.DTOs.LocalizacaoDto]]] Listar() on controller GestaoArmazem.API.Controllers.LocalizacoesController (GestaoArmazem.API).
2026-08-15 07:39:43.733 -03:00 [INF] Executed endpoint 'GestaoArmazem.API.Controllers.ArmazensController.Listar (GestaoArmazem.API)'
2026-08-15 07:39:43.756 -03:00 [INF] Executing OkObjectResult, writing value of type 'System.Linq.Enumerable+SelectListIterator`2[[GestaoArmazem.Domain.Entities.Localizacao, GestaoArmazem.Domain, Version=1.0.0.0, Culture=neutral, PublicKeyToken=null],[GestaoArmazem.Application.DTOs.LocalizacaoDto, GestaoArmazem.Application, Version=1.0.0.0, Culture=neutral, PublicKeyToken=null]]'.
2026-08-15 07:39:43.758 -03:00 [INF] HTTP GET /api/armazens responded 200 in 157.7570 ms
2026-08-15 07:39:43.766 -03:00 [INF] Executed action GestaoArmazem.API.Controllers.LocalizacoesController.Listar (GestaoArmazem.API) in 19.1896ms
2026-08-15 07:39:43.778 -03:00 [INF] Request finished HTTP/2 GET https://localhost:7100/api/armazens - 200 null application/json; charset=utf-8 197.8594ms
2026-08-15 07:39:43.784 -03:00 [INF] Executed endpoint 'GestaoArmazem.API.Controllers.LocalizacoesController.Listar (GestaoArmazem.API)'
2026-08-15 07:39:43.805 -03:00 [INF] HTTP GET /api/localizacoes responded 200 in 164.1885 ms
2026-08-15 07:39:43.815 -03:00 [INF] Request finished HTTP/2 GET https://localhost:7100/api/localizacoes - 200 null application/json; charset=utf-8 201.9168ms
2026-08-15 07:39:44.352 -03:00 [INF] Request starting HTTP/2 GET https://localhost:7100/api/armazens - application/json null
2026-08-15 07:39:44.376 -03:00 [INF] CORS policy execution successful.
2026-08-15 07:39:44.380 -03:00 [INF] Executing endpoint 'GestaoArmazem.API.Controllers.ArmazensController.Listar (GestaoArmazem.API)'
2026-08-15 07:39:44.385 -03:00 [INF] Route matched with {action = "Listar", controller = "Armazens"}. Executing controller action with signature System.Threading.Tasks.Task`1[Microsoft.AspNetCore.Mvc.ActionResult`1[System.Collections.Generic.IEnumerable`1[GestaoArmazem.Application.DTOs.ArmazemDto]]] Listar() on controller GestaoArmazem.API.Controllers.ArmazensController (GestaoArmazem.API).
2026-08-15 07:39:44.407 -03:00 [INF] Executing OkObjectResult, writing value of type 'System.Linq.Enumerable+SelectListIterator`2[[GestaoArmazem.Domain.Entities.Armazem, GestaoArmazem.Domain, Version=1.0.0.0, Culture=neutral, PublicKeyToken=null],[GestaoArmazem.Application.DTOs.ArmazemDto, GestaoArmazem.Application, Version=1.0.0.0, Culture=neutral, PublicKeyToken=null]]'.
2026-08-15 07:39:44.415 -03:00 [INF] Executed action GestaoArmazem.API.Controllers.ArmazensController.Listar (GestaoArmazem.API) in 18.1462ms
2026-08-15 07:39:44.418 -03:00 [INF] Request starting HTTP/2 GET https://localhost:7100/api/armazens - application/json null
2026-08-15 07:39:44.425 -03:00 [INF] Executed endpoint 'GestaoArmazem.API.Controllers.ArmazensController.Listar (GestaoArmazem.API)'
2026-08-15 07:39:44.434 -03:00 [INF] CORS policy execution successful.
2026-08-15 07:39:44.440 -03:00 [INF] HTTP GET /api/armazens responded 200 in 64.5973 ms
2026-08-15 07:39:44.444 -03:00 [INF] Executing endpoint 'GestaoArmazem.API.Controllers.ArmazensController.Listar (GestaoArmazem.API)'
2026-08-15 07:39:44.452 -03:00 [INF] Request finished HTTP/2 GET https://localhost:7100/api/armazens - 200 null application/json; charset=utf-8 102.3862ms
2026-08-15 07:39:44.459 -03:00 [INF] Route matched with {action = "Listar", controller = "Armazens"}. Executing controller action with signature System.Threading.Tasks.Task`1[Microsoft.AspNetCore.Mvc.ActionResult`1[System.Collections.Generic.IEnumerable`1[GestaoArmazem.Application.DTOs.ArmazemDto]]] Listar() on controller GestaoArmazem.API.Controllers.ArmazensController (GestaoArmazem.API).
2026-08-15 07:39:44.491 -03:00 [INF] Executing OkObjectResult, writing value of type 'System.Linq.Enumerable+SelectListIterator`2[[GestaoArmazem.Domain.Entities.Armazem, GestaoArmazem.Domain, Version=1.0.0.0, Culture=neutral, PublicKeyToken=null],[GestaoArmazem.Application.DTOs.ArmazemDto, GestaoArmazem.Application, Version=1.0.0.0, Culture=neutral, PublicKeyToken=null]]'.
2026-08-15 07:39:44.499 -03:00 [INF] Executed action GestaoArmazem.API.Controllers.ArmazensController.Listar (GestaoArmazem.API) in 16.9758ms
2026-08-15 07:39:44.508 -03:00 [INF] Executed endpoint 'GestaoArmazem.API.Controllers.ArmazensController.Listar (GestaoArmazem.API)'
2026-08-15 07:39:44.513 -03:00 [INF] HTTP GET /api/armazens responded 200 in 78.7754 ms
2026-08-15 07:39:44.523 -03:00 [INF] Request finished HTTP/2 GET https://localhost:7100/api/armazens - 200 null application/json; charset=utf-8 106.278ms
2026-08-15 07:39:46.193 -03:00 [INF] Request starting HTTP/2 OPTIONS https://localhost:7100/api/categorias - null null
2026-08-15 07:39:46.193 -03:00 [INF] Request starting HTTP/2 OPTIONS https://localhost:7100/api/categorias - null null
2026-08-15 07:39:46.232 -03:00 [INF] CORS policy execution successful.
2026-08-15 07:39:46.255 -03:00 [INF] CORS policy execution successful.
2026-08-15 07:39:46.261 -03:00 [INF] HTTP OPTIONS /api/categorias responded 204 in 28.9336 ms
2026-08-15 07:39:46.264 -03:00 [INF] HTTP OPTIONS /api/categorias responded 204 in 9.5145 ms
2026-08-15 07:39:46.273 -03:00 [INF] Request finished HTTP/2 OPTIONS https://localhost:7100/api/categorias - 204 null null 81.3102ms
2026-08-15 07:39:46.279 -03:00 [INF] Request starting HTTP/2 GET https://localhost:7100/api/categorias - application/json null
2026-08-15 07:39:46.284 -03:00 [INF] Request finished HTTP/2 OPTIONS https://localhost:7100/api/categorias - 204 null null 91.3315ms
2026-08-15 07:39:46.317 -03:00 [INF] CORS policy execution successful.
2026-08-15 07:39:46.347 -03:00 [INF] Executing endpoint 'GestaoArmazem.API.Controllers.CategoriasController.Listar (GestaoArmazem.API)'
2026-08-15 07:39:46.352 -03:00 [INF] Route matched with {action = "Listar", controller = "Categorias"}. Executing controller action with signature System.Threading.Tasks.Task`1[Microsoft.AspNetCore.Mvc.ActionResult`1[System.Collections.Generic.IEnumerable`1[GestaoArmazem.Application.DTOs.CategoriaDto]]] Listar() on controller GestaoArmazem.API.Controllers.CategoriasController (GestaoArmazem.API).
2026-08-15 07:39:46.373 -03:00 [INF] Executing OkObjectResult, writing value of type 'System.Linq.Enumerable+SelectListIterator`2[[GestaoArmazem.Domain.Entities.Categoria, GestaoArmazem.Domain, Version=1.0.0.0, Culture=neutral, PublicKeyToken=null],[GestaoArmazem.Application.DTOs.CategoriaDto, GestaoArmazem.Application, Version=1.0.0.0, Culture=neutral, PublicKeyToken=null]]'.
2026-08-15 07:39:46.381 -03:00 [INF] Executed action GestaoArmazem.API.Controllers.CategoriasController.Listar (GestaoArmazem.API) in 20.2376ms
2026-08-15 07:39:46.386 -03:00 [INF] Request starting HTTP/2 GET https://localhost:7100/api/categorias - application/json null
2026-08-15 07:39:46.390 -03:00 [INF] Executed endpoint 'GestaoArmazem.API.Controllers.CategoriasController.Listar (GestaoArmazem.API)'
2026-08-15 07:39:46.401 -03:00 [INF] CORS policy execution successful.
2026-08-15 07:39:46.406 -03:00 [INF] HTTP GET /api/categorias responded 200 in 89.1151 ms
2026-08-15 07:39:46.410 -03:00 [INF] Executing endpoint 'GestaoArmazem.API.Controllers.CategoriasController.Listar (GestaoArmazem.API)'
2026-08-15 07:39:46.419 -03:00 [INF] Request finished HTTP/2 GET https://localhost:7100/api/categorias - 200 null application/json; charset=utf-8 140.4581ms
2026-08-15 07:39:46.424 -03:00 [INF] Route matched with {action = "Listar", controller = "Categorias"}. Executing controller action with signature System.Threading.Tasks.Task`1[Microsoft.AspNetCore.Mvc.ActionResult`1[System.Collections.Generic.IEnumerable`1[GestaoArmazem.Application.DTOs.CategoriaDto]]] Listar() on controller GestaoArmazem.API.Controllers.CategoriasController (GestaoArmazem.API).
2026-08-15 07:39:46.451 -03:00 [INF] Executing OkObjectResult, writing value of type 'System.Linq.Enumerable+SelectListIterator`2[[GestaoArmazem.Domain.Entities.Categoria, GestaoArmazem.Domain, Version=1.0.0.0, Culture=neutral, PublicKeyToken=null],[GestaoArmazem.Application.DTOs.CategoriaDto, GestaoArmazem.Application, Version=1.0.0.0, Culture=neutral, PublicKeyToken=null]]'.
2026-08-15 07:39:46.461 -03:00 [INF] Executed action GestaoArmazem.API.Controllers.CategoriasController.Listar (GestaoArmazem.API) in 15.3189ms
2026-08-15 07:39:46.466 -03:00 [INF] Executed endpoint 'GestaoArmazem.API.Controllers.CategoriasController.Listar (GestaoArmazem.API)'
2026-08-15 07:39:46.471 -03:00 [INF] HTTP GET /api/categorias responded 200 in 69.8775 ms
2026-08-15 07:39:46.482 -03:00 [INF] Request finished HTTP/2 GET https://localhost:7100/api/categorias - 200 null application/json; charset=utf-8 97.3303ms
2026-08-15 07:39:49.012 -03:00 [INF] Request starting HTTP/2 OPTIONS https://localhost:7100/api/produtos?pagina=1&tamanhoPagina=21 - null null
2026-08-15 07:39:49.018 -03:00 [INF] Request starting HTTP/2 OPTIONS https://localhost:7100/api/produtos?pagina=1&tamanhoPagina=21 - null null
2026-08-15 07:39:49.053 -03:00 [INF] CORS policy execution successful.
2026-08-15 07:39:49.080 -03:00 [INF] CORS policy execution successful.
2026-08-15 07:39:49.085 -03:00 [INF] HTTP OPTIONS /api/produtos responded 204 in 31.7095 ms
2026-08-15 07:39:49.090 -03:00 [INF] HTTP OPTIONS /api/produtos responded 204 in 9.5830 ms
2026-08-15 07:39:49.098 -03:00 [INF] Request finished HTTP/2 OPTIONS https://localhost:7100/api/produtos?pagina=1&tamanhoPagina=21 - 204 null null 90.4283ms
2026-08-15 07:39:49.105 -03:00 [INF] Request starting HTTP/2 GET https://localhost:7100/api/produtos?pagina=1&tamanhoPagina=21 - application/json null
2026-08-15 07:39:49.108 -03:00 [INF] Request finished HTTP/2 OPTIONS https://localhost:7100/api/produtos?pagina=1&tamanhoPagina=21 - 204 null null 91.319ms
2026-08-15 07:39:49.131 -03:00 [INF] CORS policy execution successful.
2026-08-15 07:39:49.148 -03:00 [INF] Executing endpoint 'GestaoArmazem.API.Controllers.ProdutosController.Listar (GestaoArmazem.API)'
2026-08-15 07:39:49.153 -03:00 [INF] Route matched with {action = "Listar", controller = "Produtos"}. Executing controller action with signature System.Threading.Tasks.Task`1[Microsoft.AspNetCore.Mvc.ActionResult`1[System.Collections.Generic.IEnumerable`1[GestaoArmazem.Application.DTOs.ProdutoDto]]] Listar(Int32, Int32) on controller GestaoArmazem.API.Controllers.ProdutosController (GestaoArmazem.API).
2026-08-15 07:39:49.169 -03:00 [INF] Executing OkObjectResult, writing value of type 'System.Linq.Enumerable+SelectListIterator`2[[GestaoArmazem.Domain.Entities.Produto, GestaoArmazem.Domain, Version=1.0.0.0, Culture=neutral, PublicKeyToken=null],[GestaoArmazem.Application.DTOs.ProdutoDto, GestaoArmazem.Application, Version=1.0.0.0, Culture=neutral, PublicKeyToken=null]]'.
2026-08-15 07:39:49.175 -03:00 [INF] Executed action GestaoArmazem.API.Controllers.ProdutosController.Listar (GestaoArmazem.API) in 14.1866ms
2026-08-15 07:39:49.178 -03:00 [INF] Request starting HTTP/2 GET https://localhost:7100/api/produtos?pagina=1&tamanhoPagina=21 - application/json null
2026-08-15 07:39:49.182 -03:00 [INF] Executed endpoint 'GestaoArmazem.API.Controllers.ProdutosController.Listar (GestaoArmazem.API)'
2026-08-15 07:39:49.193 -03:00 [INF] CORS policy execution successful.
2026-08-15 07:39:49.198 -03:00 [INF] HTTP GET /api/produtos responded 200 in 67.0359 ms
2026-08-15 07:39:49.203 -03:00 [INF] Executing endpoint 'GestaoArmazem.API.Controllers.ProdutosController.Listar (GestaoArmazem.API)'
2026-08-15 07:39:49.211 -03:00 [INF] Request finished HTTP/2 GET https://localhost:7100/api/produtos?pagina=1&tamanhoPagina=21 - 200 null application/json; charset=utf-8 108.0592ms
2026-08-15 07:39:49.216 -03:00 [INF] Route matched with {action = "Listar", controller = "Produtos"}. Executing controller action with signature System.Threading.Tasks.Task`1[Microsoft.AspNetCore.Mvc.ActionResult`1[System.Collections.Generic.IEnumerable`1[GestaoArmazem.Application.DTOs.ProdutoDto]]] Listar(Int32, Int32) on controller GestaoArmazem.API.Controllers.ProdutosController (GestaoArmazem.API).
2026-08-15 07:39:49.245 -03:00 [INF] Executing OkObjectResult, writing value of type 'System.Linq.Enumerable+SelectListIterator`2[[GestaoArmazem.Domain.Entities.Produto, GestaoArmazem.Domain, Version=1.0.0.0, Culture=neutral, PublicKeyToken=null],[GestaoArmazem.Application.DTOs.ProdutoDto, GestaoArmazem.Application, Version=1.0.0.0, Culture=neutral, PublicKeyToken=null]]'.
2026-08-15 07:39:49.254 -03:00 [INF] Executed action GestaoArmazem.API.Controllers.ProdutosController.Listar (GestaoArmazem.API) in 14.5875ms
2026-08-15 07:39:49.260 -03:00 [INF] Executed endpoint 'GestaoArmazem.API.Controllers.ProdutosController.Listar (GestaoArmazem.API)'
2026-08-15 07:39:49.264 -03:00 [INF] HTTP GET /api/produtos responded 200 in 71.4780 ms
2026-08-15 07:39:49.273 -03:00 [INF] Request finished HTTP/2 GET https://localhost:7100/api/produtos?pagina=1&tamanhoPagina=21 - 200 null application/json; charset=utf-8 95.4786ms
2026-08-15 07:39:51.728 -03:00 [INF] Request starting HTTP/2 OPTIONS https://localhost:7100/api/categorias - null null
2026-08-15 07:39:51.730 -03:00 [INF] Request starting HTTP/2 OPTIONS https://localhost:7100/api/categorias - null null
2026-08-15 07:39:51.742 -03:00 [INF] CORS policy execution successful.
2026-08-15 07:39:51.752 -03:00 [INF] CORS policy execution successful.
2026-08-15 07:39:51.755 -03:00 [INF] HTTP OPTIONS /api/categorias responded 204 in 13.4938 ms
2026-08-15 07:39:51.758 -03:00 [INF] HTTP OPTIONS /api/categorias responded 204 in 5.9606 ms
2026-08-15 07:39:51.765 -03:00 [INF] Request finished HTTP/2 OPTIONS https://localhost:7100/api/categorias - 204 null null 39.9551ms
2026-08-15 07:39:51.773 -03:00 [INF] Request finished HTTP/2 OPTIONS https://localhost:7100/api/categorias - 204 null null 44.4701ms
2026-08-15 07:39:51.793 -03:00 [INF] Request starting HTTP/2 GET https://localhost:7100/api/categorias - application/json null
2026-08-15 07:39:51.814 -03:00 [INF] CORS policy execution successful.
2026-08-15 07:39:51.820 -03:00 [INF] Executing endpoint 'GestaoArmazem.API.Controllers.CategoriasController.Listar (GestaoArmazem.API)'
2026-08-15 07:39:51.824 -03:00 [INF] Route matched with {action = "Listar", controller = "Categorias"}. Executing controller action with signature System.Threading.Tasks.Task`1[Microsoft.AspNetCore.Mvc.ActionResult`1[System.Collections.Generic.IEnumerable`1[GestaoArmazem.Application.DTOs.CategoriaDto]]] Listar() on controller GestaoArmazem.API.Controllers.CategoriasController (GestaoArmazem.API).
2026-08-15 07:39:51.841 -03:00 [INF] Executing OkObjectResult, writing value of type 'System.Linq.Enumerable+SelectListIterator`2[[GestaoArmazem.Domain.Entities.Categoria, GestaoArmazem.Domain, Version=1.0.0.0, Culture=neutral, PublicKeyToken=null],[GestaoArmazem.Application.DTOs.CategoriaDto, GestaoArmazem.Application, Version=1.0.0.0, Culture=neutral, PublicKeyToken=null]]'.
2026-08-15 07:39:51.849 -03:00 [INF] Executed action GestaoArmazem.API.Controllers.CategoriasController.Listar (GestaoArmazem.API) in 16.88ms
2026-08-15 07:39:51.854 -03:00 [INF] Request starting HTTP/2 GET https://localhost:7100/api/categorias - application/json null
2026-08-15 07:39:51.858 -03:00 [INF] Executed endpoint 'GestaoArmazem.API.Controllers.CategoriasController.Listar (GestaoArmazem.API)'
2026-08-15 07:39:51.869 -03:00 [INF] CORS policy execution successful.
2026-08-15 07:39:51.874 -03:00 [INF] HTTP GET /api/categorias responded 200 in 60.8999 ms
2026-08-15 07:39:51.878 -03:00 [INF] Executing endpoint 'GestaoArmazem.API.Controllers.CategoriasController.Listar (GestaoArmazem.API)'
2026-08-15 07:39:51.887 -03:00 [INF] Request finished HTTP/2 GET https://localhost:7100/api/categorias - 200 null application/json; charset=utf-8 94.1156ms
2026-08-15 07:39:51.893 -03:00 [INF] Route matched with {action = "Listar", controller = "Categorias"}. Executing controller action with signature System.Threading.Tasks.Task`1[Microsoft.AspNetCore.Mvc.ActionResult`1[System.Collections.Generic.IEnumerable`1[GestaoArmazem.Application.DTOs.CategoriaDto]]] Listar() on controller GestaoArmazem.API.Controllers.CategoriasController (GestaoArmazem.API).
2026-08-15 07:39:51.925 -03:00 [INF] Executing OkObjectResult, writing value of type 'System.Linq.Enumerable+SelectListIterator`2[[GestaoArmazem.Domain.Entities.Categoria, GestaoArmazem.Domain, Version=1.0.0.0, Culture=neutral, PublicKeyToken=null],[GestaoArmazem.Application.DTOs.CategoriaDto, GestaoArmazem.Application, Version=1.0.0.0, Culture=neutral, PublicKeyToken=null]]'.
2026-08-15 07:39:51.931 -03:00 [INF] Executed action GestaoArmazem.API.Controllers.CategoriasController.Listar (GestaoArmazem.API) in 16.096ms
2026-08-15 07:39:51.941 -03:00 [INF] Executed endpoint 'GestaoArmazem.API.Controllers.CategoriasController.Listar (GestaoArmazem.API)'
2026-08-15 07:39:51.946 -03:00 [INF] HTTP GET /api/categorias responded 200 in 76.8414 ms
2026-08-15 07:39:51.954 -03:00 [INF] Request finished HTTP/2 GET https://localhost:7100/api/categorias - 200 null application/json; charset=utf-8 100.0169ms
2026-08-15 07:39:54.785 -03:00 [INF] Request starting HTTP/2 OPTIONS https://localhost:7100/api/clientes - null null
2026-08-15 07:39:54.800 -03:00 [INF] Request starting HTTP/2 OPTIONS https://localhost:7100/api/clientes - null null
2026-08-15 07:39:54.829 -03:00 [INF] CORS policy execution successful.
2026-08-15 07:39:54.842 -03:00 [INF] CORS policy execution successful.
2026-08-15 07:39:54.846 -03:00 [INF] HTTP OPTIONS /api/clientes responded 204 in 16.8496 ms
2026-08-15 07:39:54.849 -03:00 [INF] HTTP OPTIONS /api/clientes responded 204 in 6.7164 ms
2026-08-15 07:39:54.860 -03:00 [INF] Request finished HTTP/2 OPTIONS https://localhost:7100/api/clientes - 204 null null 76.0052ms
2026-08-15 07:39:54.877 -03:00 [INF] Request starting HTTP/2 GET https://localhost:7100/api/clientes - application/json null
2026-08-15 07:39:54.867 -03:00 [INF] Request finished HTTP/2 OPTIONS https://localhost:7100/api/clientes - 204 null null 66.9182ms
2026-08-15 07:39:54.892 -03:00 [INF] CORS policy execution successful.
2026-08-15 07:39:54.909 -03:00 [INF] Executing endpoint 'GestaoArmazem.API.Controllers.ClientesController.Listar (GestaoArmazem.API)'
2026-08-15 07:39:54.914 -03:00 [INF] Route matched with {action = "Listar", controller = "Clientes"}. Executing controller action with signature System.Threading.Tasks.Task`1[Microsoft.AspNetCore.Mvc.ActionResult`1[System.Collections.Generic.IEnumerable`1[GestaoArmazem.Application.DTOs.ClienteDto]]] Listar() on controller GestaoArmazem.API.Controllers.ClientesController (GestaoArmazem.API).
2026-08-15 07:39:54.936 -03:00 [INF] Executing OkObjectResult, writing value of type 'System.Linq.Enumerable+SelectListIterator`2[[GestaoArmazem.Domain.Entities.Cliente, GestaoArmazem.Domain, Version=1.0.0.0, Culture=neutral, PublicKeyToken=null],[GestaoArmazem.Application.DTOs.ClienteDto, GestaoArmazem.Application, Version=1.0.0.0, Culture=neutral, PublicKeyToken=null]]'.
2026-08-15 07:39:54.943 -03:00 [INF] Executed action GestaoArmazem.API.Controllers.ClientesController.Listar (GestaoArmazem.API) in 18.7352ms
2026-08-15 07:39:54.945 -03:00 [INF] Request starting HTTP/2 GET https://localhost:7100/api/clientes - application/json null
2026-08-15 07:39:54.954 -03:00 [INF] Executed endpoint 'GestaoArmazem.API.Controllers.ClientesController.Listar (GestaoArmazem.API)'
2026-08-15 07:39:54.966 -03:00 [INF] CORS policy execution successful.
2026-08-15 07:39:54.971 -03:00 [INF] HTTP GET /api/clientes responded 200 in 78.3121 ms
2026-08-15 07:39:54.975 -03:00 [INF] Executing endpoint 'GestaoArmazem.API.Controllers.ClientesController.Listar (GestaoArmazem.API)'
2026-08-15 07:39:54.983 -03:00 [INF] Request finished HTTP/2 GET https://localhost:7100/api/clientes - 200 null application/json; charset=utf-8 106.1083ms
2026-08-15 07:39:54.991 -03:00 [INF] Route matched with {action = "Listar", controller = "Clientes"}. Executing controller action with signature System.Threading.Tasks.Task`1[Microsoft.AspNetCore.Mvc.ActionResult`1[System.Collections.Generic.IEnumerable`1[GestaoArmazem.Application.DTOs.ClienteDto]]] Listar() on controller GestaoArmazem.API.Controllers.ClientesController (GestaoArmazem.API).
2026-08-15 07:39:55.027 -03:00 [INF] Executing OkObjectResult, writing value of type 'System.Linq.Enumerable+SelectListIterator`2[[GestaoArmazem.Domain.Entities.Cliente, GestaoArmazem.Domain, Version=1.0.0.0, Culture=neutral, PublicKeyToken=null],[GestaoArmazem.Application.DTOs.ClienteDto, GestaoArmazem.Application, Version=1.0.0.0, Culture=neutral, PublicKeyToken=null]]'.
2026-08-15 07:39:55.036 -03:00 [INF] Executed action GestaoArmazem.API.Controllers.ClientesController.Listar (GestaoArmazem.API) in 17.2427ms
2026-08-15 07:39:55.042 -03:00 [INF] Executed endpoint 'GestaoArmazem.API.Controllers.ClientesController.Listar (GestaoArmazem.API)'
2026-08-15 07:39:55.048 -03:00 [INF] HTTP GET /api/clientes responded 200 in 81.9031 ms
2026-08-15 07:39:55.057 -03:00 [INF] Request finished HTTP/2 GET https://localhost:7100/api/clientes - 200 null application/json; charset=utf-8 111.4215ms
2026-08-15 07:40:03.109 -03:00 [INF] Request starting HTTP/2 OPTIONS https://localhost:7100/api/pedidos-recebimento?pagina=1&tamanhoPagina=21 - null null
2026-08-15 07:40:03.122 -03:00 [INF] Request starting HTTP/2 OPTIONS https://localhost:7100/api/fornecedores - null null
2026-08-15 07:40:03.123 -03:00 [INF] Request starting HTTP/2 OPTIONS https://localhost:7100/api/pedidos-recebimento?pagina=1&tamanhoPagina=21 - null null
2026-08-15 07:40:03.123 -03:00 [INF] Request starting HTTP/2 OPTIONS https://localhost:7100/api/fornecedores - null null
2026-08-15 07:40:03.136 -03:00 [INF] CORS policy execution successful.
2026-08-15 07:40:03.151 -03:00 [INF] CORS policy execution successful.
2026-08-15 07:40:03.162 -03:00 [INF] CORS policy execution successful.
2026-08-15 07:40:03.172 -03:00 [INF] CORS policy execution successful.
2026-08-15 07:40:03.175 -03:00 [INF] HTTP OPTIONS /api/pedidos-recebimento responded 204 in 38.6787 ms
2026-08-15 07:40:03.179 -03:00 [INF] HTTP OPTIONS /api/fornecedores responded 204 in 27.5178 ms
2026-08-15 07:40:03.182 -03:00 [INF] HTTP OPTIONS /api/pedidos-recebimento responded 204 in 20.1808 ms
2026-08-15 07:40:03.185 -03:00 [INF] HTTP OPTIONS /api/fornecedores responded 204 in 13.3480 ms
2026-08-15 07:40:03.194 -03:00 [INF] Request finished HTTP/2 OPTIONS https://localhost:7100/api/pedidos-recebimento?pagina=1&tamanhoPagina=21 - 204 null null 86.3611ms
2026-08-15 07:40:03.212 -03:00 [INF] Request finished HTTP/2 OPTIONS https://localhost:7100/api/pedidos-recebimento?pagina=1&tamanhoPagina=21 - 204 null null 90.7156ms
2026-08-15 07:40:03.223 -03:00 [INF] Request starting HTTP/2 GET https://localhost:7100/api/pedidos-recebimento?pagina=1&tamanhoPagina=21 - application/json null
2026-08-15 07:40:03.204 -03:00 [INF] Request finished HTTP/2 OPTIONS https://localhost:7100/api/fornecedores - 204 null null 82.9782ms
2026-08-15 07:40:03.225 -03:00 [INF] Request starting HTTP/2 GET https://localhost:7100/api/fornecedores - application/json null
2026-08-15 07:40:03.226 -03:00 [INF] Request finished HTTP/2 OPTIONS https://localhost:7100/api/fornecedores - 204 null null 104.3015ms
2026-08-15 07:40:03.275 -03:00 [INF] CORS policy execution successful.
2026-08-15 07:40:03.303 -03:00 [INF] CORS policy execution successful.
2026-08-15 07:40:03.319 -03:00 [INF] Executing endpoint 'GestaoArmazem.API.Controllers.PedidosRecebimentoController.Listar (GestaoArmazem.API)'
2026-08-15 07:40:03.321 -03:00 [INF] Executing endpoint 'GestaoArmazem.API.Controllers.FornecedoresController.Listar (GestaoArmazem.API)'
2026-08-15 07:40:03.325 -03:00 [INF] Route matched with {action = "Listar", controller = "PedidosRecebimento"}. Executing controller action with signature System.Threading.Tasks.Task`1[Microsoft.AspNetCore.Mvc.ActionResult`1[System.Collections.Generic.IEnumerable`1[GestaoArmazem.Application.DTOs.PedidoRecebimentoDto]]] Listar(Int32, Int32) on controller GestaoArmazem.API.Controllers.PedidosRecebimentoController (GestaoArmazem.API).
2026-08-15 07:40:03.330 -03:00 [INF] Route matched with {action = "Listar", controller = "Fornecedores"}. Executing controller action with signature System.Threading.Tasks.Task`1[Microsoft.AspNetCore.Mvc.ActionResult`1[System.Collections.Generic.IEnumerable`1[GestaoArmazem.Application.DTOs.FornecedorDto]]] Listar() on controller GestaoArmazem.API.Controllers.FornecedoresController (GestaoArmazem.API).
2026-08-15 07:40:03.358 -03:00 [INF] Executing OkObjectResult, writing value of type 'System.Linq.Enumerable+SelectListIterator`2[[GestaoArmazem.Domain.Entities.Fornecedor, GestaoArmazem.Domain, Version=1.0.0.0, Culture=neutral, PublicKeyToken=null],[GestaoArmazem.Application.DTOs.FornecedorDto, GestaoArmazem.Application, Version=1.0.0.0, Culture=neutral, PublicKeyToken=null]]'.
2026-08-15 07:40:03.360 -03:00 [INF] Executing OkObjectResult, writing value of type 'System.Collections.Generic.List`1[[GestaoArmazem.Application.DTOs.PedidoRecebimentoDto, GestaoArmazem.Application, Version=1.0.0.0, Culture=neutral, PublicKeyToken=null]]'.
2026-08-15 07:40:03.365 -03:00 [INF] Executed action GestaoArmazem.API.Controllers.FornecedoresController.Listar (GestaoArmazem.API) in 14.0524ms
2026-08-15 07:40:03.371 -03:00 [INF] Executed action GestaoArmazem.API.Controllers.PedidosRecebimentoController.Listar (GestaoArmazem.API) in 33.3421ms
2026-08-15 07:40:03.367 -03:00 [INF] Request starting HTTP/2 GET https://localhost:7100/api/fornecedores - application/json null
2026-08-15 07:40:03.375 -03:00 [INF] Request starting HTTP/2 GET https://localhost:7100/api/pedidos-recebimento?pagina=1&tamanhoPagina=21 - application/json null
2026-08-15 07:40:03.377 -03:00 [INF] Executed endpoint 'GestaoArmazem.API.Controllers.FornecedoresController.Listar (GestaoArmazem.API)'
2026-08-15 07:40:03.382 -03:00 [INF] Executed endpoint 'GestaoArmazem.API.Controllers.PedidosRecebimentoController.Listar (GestaoArmazem.API)'
2026-08-15 07:40:03.392 -03:00 [INF] CORS policy execution successful.
2026-08-15 07:40:03.401 -03:00 [INF] CORS policy execution successful.
2026-08-15 07:40:03.405 -03:00 [INF] HTTP GET /api/fornecedores responded 200 in 102.2648 ms
2026-08-15 07:40:03.409 -03:00 [INF] HTTP GET /api/pedidos-recebimento responded 200 in 133.7116 ms
2026-08-15 07:40:03.412 -03:00 [INF] Executing endpoint 'GestaoArmazem.API.Controllers.FornecedoresController.Listar (GestaoArmazem.API)'
2026-08-15 07:40:03.416 -03:00 [INF] Executing endpoint 'GestaoArmazem.API.Controllers.PedidosRecebimentoController.Listar (GestaoArmazem.API)'
2026-08-15 07:40:03.423 -03:00 [INF] Request finished HTTP/2 GET https://localhost:7100/api/fornecedores - 200 null application/json; charset=utf-8 198.4167ms
2026-08-15 07:40:03.431 -03:00 [INF] Request finished HTTP/2 GET https://localhost:7100/api/pedidos-recebimento?pagina=1&tamanhoPagina=21 - 200 null application/json; charset=utf-8 208.1133ms
2026-08-15 07:40:03.437 -03:00 [INF] Route matched with {action = "Listar", controller = "Fornecedores"}. Executing controller action with signature System.Threading.Tasks.Task`1[Microsoft.AspNetCore.Mvc.ActionResult`1[System.Collections.Generic.IEnumerable`1[GestaoArmazem.Application.DTOs.FornecedorDto]]] Listar() on controller GestaoArmazem.API.Controllers.FornecedoresController (GestaoArmazem.API).
2026-08-15 07:40:03.441 -03:00 [INF] Route matched with {action = "Listar", controller = "PedidosRecebimento"}. Executing controller action with signature System.Threading.Tasks.Task`1[Microsoft.AspNetCore.Mvc.ActionResult`1[System.Collections.Generic.IEnumerable`1[GestaoArmazem.Application.DTOs.PedidoRecebimentoDto]]] Listar(Int32, Int32) on controller GestaoArmazem.API.Controllers.PedidosRecebimentoController (GestaoArmazem.API).
2026-08-15 07:40:03.494 -03:00 [INF] Executing OkObjectResult, writing value of type 'System.Linq.Enumerable+SelectListIterator`2[[GestaoArmazem.Domain.Entities.Fornecedor, GestaoArmazem.Domain, Version=1.0.0.0, Culture=neutral, PublicKeyToken=null],[GestaoArmazem.Application.DTOs.FornecedorDto, GestaoArmazem.Application, Version=1.0.0.0, Culture=neutral, PublicKeyToken=null]]'.
2026-08-15 07:40:03.521 -03:00 [INF] Executing OkObjectResult, writing value of type 'System.Collections.Generic.List`1[[GestaoArmazem.Application.DTOs.PedidoRecebimentoDto, GestaoArmazem.Application, Version=1.0.0.0, Culture=neutral, PublicKeyToken=null]]'.
2026-08-15 07:40:03.522 -03:00 [INF] Executed action GestaoArmazem.API.Controllers.FornecedoresController.Listar (GestaoArmazem.API) in 39.5541ms
2026-08-15 07:40:03.530 -03:00 [INF] Executed action GestaoArmazem.API.Controllers.PedidosRecebimentoController.Listar (GestaoArmazem.API) in 31.564ms
2026-08-15 07:40:03.541 -03:00 [INF] Executed endpoint 'GestaoArmazem.API.Controllers.FornecedoresController.Listar (GestaoArmazem.API)'
2026-08-15 07:40:03.553 -03:00 [INF] Executed endpoint 'GestaoArmazem.API.Controllers.PedidosRecebimentoController.Listar (GestaoArmazem.API)'
2026-08-15 07:40:03.558 -03:00 [INF] HTTP GET /api/fornecedores responded 200 in 165.8535 ms
2026-08-15 07:40:03.563 -03:00 [INF] HTTP GET /api/pedidos-recebimento responded 200 in 161.3975 ms
2026-08-15 07:40:03.576 -03:00 [INF] Request finished HTTP/2 GET https://localhost:7100/api/fornecedores - 200 null application/json; charset=utf-8 208.4678ms
2026-08-15 07:40:03.586 -03:00 [INF] Request finished HTTP/2 GET https://localhost:7100/api/pedidos-recebimento?pagina=1&tamanhoPagina=21 - 200 null application/json; charset=utf-8 211.9139ms
2026-08-15 07:40:09.479 -03:00 [INF] Request starting HTTP/2 OPTIONS https://localhost:7100/api/fornecedores - null null
2026-08-15 07:40:09.486 -03:00 [INF] Request starting HTTP/2 OPTIONS https://localhost:7100/api/fornecedores - null null
2026-08-15 07:40:09.503 -03:00 [INF] CORS policy execution successful.
2026-08-15 07:40:09.522 -03:00 [INF] CORS policy execution successful.
2026-08-15 07:40:09.525 -03:00 [INF] HTTP OPTIONS /api/fornecedores responded 204 in 21.8942 ms
2026-08-15 07:40:09.533 -03:00 [INF] HTTP OPTIONS /api/fornecedores responded 204 in 11.5119 ms
2026-08-15 07:40:09.544 -03:00 [INF] Request finished HTTP/2 OPTIONS https://localhost:7100/api/fornecedores - 204 null null 66.6205ms
2026-08-15 07:40:09.553 -03:00 [INF] Request starting HTTP/2 GET https://localhost:7100/api/fornecedores - application/json null
2026-08-15 07:40:09.560 -03:00 [INF] Request finished HTTP/2 OPTIONS https://localhost:7100/api/fornecedores - 204 null null 77.0783ms
2026-08-15 07:40:09.600 -03:00 [INF] CORS policy execution successful.
2026-08-15 07:40:09.619 -03:00 [INF] Executing endpoint 'GestaoArmazem.API.Controllers.FornecedoresController.Listar (GestaoArmazem.API)'
2026-08-15 07:40:09.623 -03:00 [INF] Route matched with {action = "Listar", controller = "Fornecedores"}. Executing controller action with signature System.Threading.Tasks.Task`1[Microsoft.AspNetCore.Mvc.ActionResult`1[System.Collections.Generic.IEnumerable`1[GestaoArmazem.Application.DTOs.FornecedorDto]]] Listar() on controller GestaoArmazem.API.Controllers.FornecedoresController (GestaoArmazem.API).
2026-08-15 07:40:09.639 -03:00 [INF] Executing OkObjectResult, writing value of type 'System.Linq.Enumerable+SelectListIterator`2[[GestaoArmazem.Domain.Entities.Fornecedor, GestaoArmazem.Domain, Version=1.0.0.0, Culture=neutral, PublicKeyToken=null],[GestaoArmazem.Application.DTOs.FornecedorDto, GestaoArmazem.Application, Version=1.0.0.0, Culture=neutral, PublicKeyToken=null]]'.
2026-08-15 07:40:09.645 -03:00 [INF] Executed action GestaoArmazem.API.Controllers.FornecedoresController.Listar (GestaoArmazem.API) in 14.1392ms
2026-08-15 07:40:09.649 -03:00 [INF] Request starting HTTP/2 GET https://localhost:7100/api/fornecedores - application/json null
2026-08-15 07:40:09.653 -03:00 [INF] Executed endpoint 'GestaoArmazem.API.Controllers.FornecedoresController.Listar (GestaoArmazem.API)'
2026-08-15 07:40:09.664 -03:00 [INF] CORS policy execution successful.
2026-08-15 07:40:09.669 -03:00 [INF] HTTP GET /api/fornecedores responded 200 in 68.5443 ms
2026-08-15 07:40:09.673 -03:00 [INF] Executing endpoint 'GestaoArmazem.API.Controllers.FornecedoresController.Listar (GestaoArmazem.API)'
2026-08-15 07:40:09.682 -03:00 [INF] Request finished HTTP/2 GET https://localhost:7100/api/fornecedores - 200 null application/json; charset=utf-8 130.3341ms
2026-08-15 07:40:09.687 -03:00 [INF] Route matched with {action = "Listar", controller = "Fornecedores"}. Executing controller action with signature System.Threading.Tasks.Task`1[Microsoft.AspNetCore.Mvc.ActionResult`1[System.Collections.Generic.IEnumerable`1[GestaoArmazem.Application.DTOs.FornecedorDto]]] Listar() on controller GestaoArmazem.API.Controllers.FornecedoresController (GestaoArmazem.API).
2026-08-15 07:40:09.719 -03:00 [INF] Executing OkObjectResult, writing value of type 'System.Linq.Enumerable+SelectListIterator`2[[GestaoArmazem.Domain.Entities.Fornecedor, GestaoArmazem.Domain, Version=1.0.0.0, Culture=neutral, PublicKeyToken=null],[GestaoArmazem.Application.DTOs.FornecedorDto, GestaoArmazem.Application, Version=1.0.0.0, Culture=neutral, PublicKeyToken=null]]'.
2026-08-15 07:40:09.728 -03:00 [INF] Executed action GestaoArmazem.API.Controllers.FornecedoresController.Listar (GestaoArmazem.API) in 16.7867ms
2026-08-15 07:40:09.734 -03:00 [INF] Executed endpoint 'GestaoArmazem.API.Controllers.FornecedoresController.Listar (GestaoArmazem.API)'
2026-08-15 07:40:09.739 -03:00 [INF] HTTP GET /api/fornecedores responded 200 in 75.4291 ms
2026-08-15 07:40:09.748 -03:00 [INF] Request finished HTTP/2 GET https://localhost:7100/api/fornecedores - 200 null application/json; charset=utf-8 100.6573ms
2026-08-15 07:41:30.545 -03:00 [INF] Request starting HTTP/2 OPTIONS https://localhost:7100/api/fornecedores - null null
2026-08-15 07:41:30.587 -03:00 [INF] CORS policy execution successful.
2026-08-15 07:41:30.599 -03:00 [INF] HTTP OPTIONS /api/fornecedores responded 204 in 12.1561 ms
2026-08-15 07:41:30.623 -03:00 [INF] Request finished HTTP/2 OPTIONS https://localhost:7100/api/fornecedores - 204 null null 77.8231ms
2026-08-15 07:41:30.651 -03:00 [INF] Request starting HTTP/2 POST https://localhost:7100/api/fornecedores - application/json 68
2026-08-15 07:41:30.679 -03:00 [INF] CORS policy execution successful.
2026-08-15 07:41:30.683 -03:00 [INF] Executing endpoint 'GestaoArmazem.API.Controllers.FornecedoresController.Criar (GestaoArmazem.API)'
2026-08-15 07:41:30.699 -03:00 [INF] Route matched with {action = "Criar", controller = "Fornecedores"}. Executing controller action with signature System.Threading.Tasks.Task`1[Microsoft.AspNetCore.Mvc.ActionResult`1[GestaoArmazem.Application.DTOs.FornecedorDto]] Criar(GestaoArmazem.Application.DTOs.CriarFornecedorDto) on controller GestaoArmazem.API.Controllers.FornecedoresController (GestaoArmazem.API).
2026-08-15 07:41:30.752 -03:00 [INF] Executing CreatedAtActionResult, writing value of type 'GestaoArmazem.Application.DTOs.FornecedorDto'.
2026-08-15 07:41:30.835 -03:00 [INF] Executed action GestaoArmazem.API.Controllers.FornecedoresController.Criar (GestaoArmazem.API) in 127.889ms
2026-08-15 07:41:30.851 -03:00 [INF] Executed endpoint 'GestaoArmazem.API.Controllers.FornecedoresController.Criar (GestaoArmazem.API)'
2026-08-15 07:41:30.855 -03:00 [INF] HTTP POST /api/fornecedores responded 201 in 176.9905 ms
2026-08-15 07:41:30.865 -03:00 [INF] Request finished HTTP/2 POST https://localhost:7100/api/fornecedores - 201 null application/json; charset=utf-8 213.9497ms
2026-08-15 07:41:30.874 -03:00 [INF] Request starting HTTP/2 GET https://localhost:7100/api/fornecedores - application/json null
2026-08-15 07:41:30.897 -03:00 [INF] CORS policy execution successful.
2026-08-15 07:41:30.904 -03:00 [INF] Executing endpoint 'GestaoArmazem.API.Controllers.FornecedoresController.Listar (GestaoArmazem.API)'
2026-08-15 07:41:30.911 -03:00 [INF] Route matched with {action = "Listar", controller = "Fornecedores"}. Executing controller action with signature System.Threading.Tasks.Task`1[Microsoft.AspNetCore.Mvc.ActionResult`1[System.Collections.Generic.IEnumerable`1[GestaoArmazem.Application.DTOs.FornecedorDto]]] Listar() on controller GestaoArmazem.API.Controllers.FornecedoresController (GestaoArmazem.API).
2026-08-15 07:41:30.933 -03:00 [INF] Executing OkObjectResult, writing value of type 'System.Linq.Enumerable+SelectListIterator`2[[GestaoArmazem.Domain.Entities.Fornecedor, GestaoArmazem.Domain, Version=1.0.0.0, Culture=neutral, PublicKeyToken=null],[GestaoArmazem.Application.DTOs.FornecedorDto, GestaoArmazem.Application, Version=1.0.0.0, Culture=neutral, PublicKeyToken=null]]'.
2026-08-15 07:41:30.942 -03:00 [INF] Executed action GestaoArmazem.API.Controllers.FornecedoresController.Listar (GestaoArmazem.API) in 19.9668ms
2026-08-15 07:41:30.949 -03:00 [INF] Executed endpoint 'GestaoArmazem.API.Controllers.FornecedoresController.Listar (GestaoArmazem.API)'
2026-08-15 07:41:30.955 -03:00 [INF] HTTP GET /api/fornecedores responded 200 in 57.5907 ms
2026-08-15 07:41:30.964 -03:00 [INF] Request finished HTTP/2 GET https://localhost:7100/api/fornecedores - 200 null application/json; charset=utf-8 91.9731ms
2026-08-15 07:41:39.312 -03:00 [INF] Request starting HTTP/2 OPTIONS https://localhost:7100/api/pedidos-recebimento?pagina=1&tamanhoPagina=21 - null null
2026-08-15 07:41:39.342 -03:00 [INF] Request starting HTTP/2 OPTIONS https://localhost:7100/api/fornecedores - null null
2026-08-15 07:41:39.343 -03:00 [INF] Request starting HTTP/2 OPTIONS https://localhost:7100/api/fornecedores - null null
2026-08-15 07:41:39.346 -03:00 [INF] Request starting HTTP/2 OPTIONS https://localhost:7100/api/pedidos-recebimento?pagina=1&tamanhoPagina=21 - null null
2026-08-15 07:41:39.378 -03:00 [INF] CORS policy execution successful.
2026-08-15 07:41:39.386 -03:00 [INF] CORS policy execution successful.
2026-08-15 07:41:39.365 -03:00 [INF] CORS policy execution successful.
2026-08-15 07:41:39.402 -03:00 [INF] CORS policy execution successful.
2026-08-15 07:41:39.406 -03:00 [INF] HTTP OPTIONS /api/fornecedores responded 204 in 28.2044 ms
2026-08-15 07:41:39.410 -03:00 [INF] HTTP OPTIONS /api/fornecedores responded 204 in 24.5752 ms
2026-08-15 07:41:39.461 -03:00 [INF] Request starting HTTP/2 GET https://localhost:7100/api/fornecedores - application/json null
2026-08-15 07:41:39.427 -03:00 [INF] Request finished HTTP/2 OPTIONS https://localhost:7100/api/fornecedores - 204 null null 84.9091ms
2026-08-15 07:41:39.478 -03:00 [INF] Request finished HTTP/2 OPTIONS https://localhost:7100/api/fornecedores - 204 null null 119.8882ms
2026-08-15 07:41:39.417 -03:00 [INF] HTTP OPTIONS /api/pedidos-recebimento responded 204 in 14.2467 ms
2026-08-15 07:41:39.413 -03:00 [INF] HTTP OPTIONS /api/pedidos-recebimento responded 204 in 48.3263 ms
2026-08-15 07:41:39.491 -03:00 [INF] CORS policy execution successful.
2026-08-15 07:41:39.520 -03:00 [INF] Request finished HTTP/2 OPTIONS https://localhost:7100/api/pedidos-recebimento?pagina=1&tamanhoPagina=21 - 204 null null 174.0888ms
2026-08-15 07:41:39.525 -03:00 [INF] Request starting HTTP/2 GET https://localhost:7100/api/pedidos-recebimento?pagina=1&tamanhoPagina=21 - application/json null
2026-08-15 07:41:39.527 -03:00 [INF] Request finished HTTP/2 OPTIONS https://localhost:7100/api/pedidos-recebimento?pagina=1&tamanhoPagina=21 - 204 null null 215.8303ms
2026-08-15 07:41:39.531 -03:00 [INF] Executing endpoint 'GestaoArmazem.API.Controllers.FornecedoresController.Listar (GestaoArmazem.API)'
2026-08-15 07:41:39.549 -03:00 [INF] CORS policy execution successful.
2026-08-15 07:41:39.564 -03:00 [INF] Route matched with {action = "Listar", controller = "Fornecedores"}. Executing controller action with signature System.Threading.Tasks.Task`1[Microsoft.AspNetCore.Mvc.ActionResult`1[System.Collections.Generic.IEnumerable`1[GestaoArmazem.Application.DTOs.FornecedorDto]]] Listar() on controller GestaoArmazem.API.Controllers.FornecedoresController (GestaoArmazem.API).
2026-08-15 07:41:39.566 -03:00 [INF] Executing endpoint 'GestaoArmazem.API.Controllers.PedidosRecebimentoController.Listar (GestaoArmazem.API)'
2026-08-15 07:41:39.579 -03:00 [INF] Route matched with {action = "Listar", controller = "PedidosRecebimento"}. Executing controller action with signature System.Threading.Tasks.Task`1[Microsoft.AspNetCore.Mvc.ActionResult`1[System.Collections.Generic.IEnumerable`1[GestaoArmazem.Application.DTOs.PedidoRecebimentoDto]]] Listar(Int32, Int32) on controller GestaoArmazem.API.Controllers.PedidosRecebimentoController (GestaoArmazem.API).
2026-08-15 07:41:39.605 -03:00 [INF] Executing OkObjectResult, writing value of type 'System.Linq.Enumerable+SelectListIterator`2[[GestaoArmazem.Domain.Entities.Fornecedor, GestaoArmazem.Domain, Version=1.0.0.0, Culture=neutral, PublicKeyToken=null],[GestaoArmazem.Application.DTOs.FornecedorDto, GestaoArmazem.Application, Version=1.0.0.0, Culture=neutral, PublicKeyToken=null]]'.
2026-08-15 07:41:39.610 -03:00 [INF] Executing OkObjectResult, writing value of type 'System.Collections.Generic.List`1[[GestaoArmazem.Application.DTOs.PedidoRecebimentoDto, GestaoArmazem.Application, Version=1.0.0.0, Culture=neutral, PublicKeyToken=null]]'.
2026-08-15 07:41:39.611 -03:00 [INF] Executed action GestaoArmazem.API.Controllers.FornecedoresController.Listar (GestaoArmazem.API) in 39.1804ms
2026-08-15 07:41:39.617 -03:00 [INF] Executed action GestaoArmazem.API.Controllers.PedidosRecebimentoController.Listar (GestaoArmazem.API) in 30.1076ms
2026-08-15 07:41:39.614 -03:00 [INF] Request starting HTTP/2 GET https://localhost:7100/api/fornecedores - application/json null
2026-08-15 07:41:39.620 -03:00 [INF] Request starting HTTP/2 GET https://localhost:7100/api/pedidos-recebimento?pagina=1&tamanhoPagina=21 - application/json null
2026-08-15 07:41:39.622 -03:00 [INF] Executed endpoint 'GestaoArmazem.API.Controllers.FornecedoresController.Listar (GestaoArmazem.API)'
2026-08-15 07:41:39.626 -03:00 [INF] Executed endpoint 'GestaoArmazem.API.Controllers.PedidosRecebimentoController.Listar (GestaoArmazem.API)'
2026-08-15 07:41:39.634 -03:00 [INF] CORS policy execution successful.
2026-08-15 07:41:39.642 -03:00 [INF] CORS policy execution successful.
2026-08-15 07:41:39.646 -03:00 [INF] HTTP GET /api/fornecedores responded 200 in 155.8231 ms
2026-08-15 07:41:39.649 -03:00 [INF] HTTP GET /api/pedidos-recebimento responded 200 in 100.1190 ms
2026-08-15 07:41:39.652 -03:00 [INF] Executing endpoint 'GestaoArmazem.API.Controllers.FornecedoresController.Listar (GestaoArmazem.API)'
2026-08-15 07:41:39.655 -03:00 [INF] Executing endpoint 'GestaoArmazem.API.Controllers.PedidosRecebimentoController.Listar (GestaoArmazem.API)'
2026-08-15 07:41:39.661 -03:00 [INF] Request finished HTTP/2 GET https://localhost:7100/api/fornecedores - 200 null application/json; charset=utf-8 200.7231ms
2026-08-15 07:41:39.667 -03:00 [INF] Request finished HTTP/2 GET https://localhost:7100/api/pedidos-recebimento?pagina=1&tamanhoPagina=21 - 200 null application/json; charset=utf-8 142.0275ms
2026-08-15 07:41:39.670 -03:00 [INF] Route matched with {action = "Listar", controller = "Fornecedores"}. Executing controller action with signature System.Threading.Tasks.Task`1[Microsoft.AspNetCore.Mvc.ActionResult`1[System.Collections.Generic.IEnumerable`1[GestaoArmazem.Application.DTOs.FornecedorDto]]] Listar() on controller GestaoArmazem.API.Controllers.FornecedoresController (GestaoArmazem.API).
2026-08-15 07:41:39.673 -03:00 [INF] Route matched with {action = "Listar", controller = "PedidosRecebimento"}. Executing controller action with signature System.Threading.Tasks.Task`1[Microsoft.AspNetCore.Mvc.ActionResult`1[System.Collections.Generic.IEnumerable`1[GestaoArmazem.Application.DTOs.PedidoRecebimentoDto]]] Listar(Int32, Int32) on controller GestaoArmazem.API.Controllers.PedidosRecebimentoController (GestaoArmazem.API).
2026-08-15 07:41:39.724 -03:00 [INF] Executing OkObjectResult, writing value of type 'System.Linq.Enumerable+SelectListIterator`2[[GestaoArmazem.Domain.Entities.Fornecedor, GestaoArmazem.Domain, Version=1.0.0.0, Culture=neutral, PublicKeyToken=null],[GestaoArmazem.Application.DTOs.FornecedorDto, GestaoArmazem.Application, Version=1.0.0.0, Culture=neutral, PublicKeyToken=null]]'.
2026-08-15 07:41:39.735 -03:00 [INF] Executed action GestaoArmazem.API.Controllers.FornecedoresController.Listar (GestaoArmazem.API) in 19.1574ms
2026-08-15 07:41:39.741 -03:00 [INF] Executed endpoint 'GestaoArmazem.API.Controllers.FornecedoresController.Listar (GestaoArmazem.API)'
2026-08-15 07:41:39.742 -03:00 [INF] Executing OkObjectResult, writing value of type 'System.Collections.Generic.List`1[[GestaoArmazem.Application.DTOs.PedidoRecebimentoDto, GestaoArmazem.Application, Version=1.0.0.0, Culture=neutral, PublicKeyToken=null]]'.
2026-08-15 07:41:39.745 -03:00 [INF] HTTP GET /api/fornecedores responded 200 in 110.1487 ms
2026-08-15 07:41:39.749 -03:00 [INF] Executed action GestaoArmazem.API.Controllers.PedidosRecebimentoController.Listar (GestaoArmazem.API) in 22.2689ms
2026-08-15 07:41:39.754 -03:00 [INF] Request finished HTTP/2 GET https://localhost:7100/api/fornecedores - 200 null application/json; charset=utf-8 141.2187ms
2026-08-15 07:41:39.760 -03:00 [INF] Executed endpoint 'GestaoArmazem.API.Controllers.PedidosRecebimentoController.Listar (GestaoArmazem.API)'
2026-08-15 07:41:39.775 -03:00 [INF] HTTP GET /api/pedidos-recebimento responded 200 in 132.7728 ms
2026-08-15 07:41:39.782 -03:00 [INF] Request finished HTTP/2 GET https://localhost:7100/api/pedidos-recebimento?pagina=1&tamanhoPagina=21 - 200 null application/json; charset=utf-8 162.5562ms
2026-08-15 07:41:42.397 -03:00 [INF] Request starting HTTP/2 GET https://localhost:7100/api/fornecedores - application/json null
2026-08-15 07:41:42.405 -03:00 [INF] Request starting HTTP/2 OPTIONS https://localhost:7100/api/produtos?pagina=1&tamanhoPagina=20 - null null
2026-08-15 07:41:42.410 -03:00 [INF] Request starting HTTP/2 OPTIONS https://localhost:7100/api/produtos?pagina=1&tamanhoPagina=20 - null null
2026-08-15 07:41:42.426 -03:00 [INF] CORS policy execution successful.
2026-08-15 07:41:42.446 -03:00 [INF] CORS policy execution successful.
2026-08-15 07:41:42.467 -03:00 [INF] CORS policy execution successful.
2026-08-15 07:41:42.474 -03:00 [INF] Executing endpoint 'GestaoArmazem.API.Controllers.FornecedoresController.Listar (GestaoArmazem.API)'
2026-08-15 07:41:42.479 -03:00 [INF] HTTP OPTIONS /api/produtos responded 204 in 33.0947 ms
2026-08-15 07:41:42.483 -03:00 [INF] HTTP OPTIONS /api/produtos responded 204 in 16.2252 ms
2026-08-15 07:41:42.494 -03:00 [INF] Route matched with {action = "Listar", controller = "Fornecedores"}. Executing controller action with signature System.Threading.Tasks.Task`1[Microsoft.AspNetCore.Mvc.ActionResult`1[System.Collections.Generic.IEnumerable`1[GestaoArmazem.Application.DTOs.FornecedorDto]]] Listar() on controller GestaoArmazem.API.Controllers.FornecedoresController (GestaoArmazem.API).
2026-08-15 07:41:42.508 -03:00 [INF] Request finished HTTP/2 OPTIONS https://localhost:7100/api/produtos?pagina=1&tamanhoPagina=20 - 204 null null 104.211ms
2026-08-15 07:41:42.525 -03:00 [INF] Request finished HTTP/2 OPTIONS https://localhost:7100/api/produtos?pagina=1&tamanhoPagina=20 - 204 null null 117.3984ms
2026-08-15 07:41:42.520 -03:00 [INF] Request starting HTTP/2 GET https://localhost:7100/api/produtos?pagina=1&tamanhoPagina=20 - application/json null
2026-08-15 07:41:42.541 -03:00 [INF] Executing OkObjectResult, writing value of type 'System.Linq.Enumerable+SelectListIterator`2[[GestaoArmazem.Domain.Entities.Fornecedor, GestaoArmazem.Domain, Version=1.0.0.0, Culture=neutral, PublicKeyToken=null],[GestaoArmazem.Application.DTOs.FornecedorDto, GestaoArmazem.Application, Version=1.0.0.0, Culture=neutral, PublicKeyToken=null]]'.
2026-08-15 07:41:42.581 -03:00 [INF] CORS policy execution successful.
2026-08-15 07:41:42.587 -03:00 [INF] Executed action GestaoArmazem.API.Controllers.FornecedoresController.Listar (GestaoArmazem.API) in 53.3415ms
2026-08-15 07:41:42.593 -03:00 [INF] Request starting HTTP/2 GET https://localhost:7100/api/fornecedores - application/json null
2026-08-15 07:41:42.595 -03:00 [INF] Executing endpoint 'GestaoArmazem.API.Controllers.ProdutosController.Listar (GestaoArmazem.API)'
2026-08-15 07:41:42.602 -03:00 [INF] Executed endpoint 'GestaoArmazem.API.Controllers.FornecedoresController.Listar (GestaoArmazem.API)'
2026-08-15 07:41:42.614 -03:00 [INF] CORS policy execution successful.
2026-08-15 07:41:42.619 -03:00 [INF] Route matched with {action = "Listar", controller = "Produtos"}. Executing controller action with signature System.Threading.Tasks.Task`1[Microsoft.AspNetCore.Mvc.ActionResult`1[System.Collections.Generic.IEnumerable`1[GestaoArmazem.Application.DTOs.ProdutoDto]]] Listar(Int32, Int32) on controller GestaoArmazem.API.Controllers.ProdutosController (GestaoArmazem.API).
2026-08-15 07:41:42.624 -03:00 [INF] HTTP GET /api/fornecedores responded 200 in 197.6783 ms
2026-08-15 07:41:42.628 -03:00 [INF] Executing endpoint 'GestaoArmazem.API.Controllers.FornecedoresController.Listar (GestaoArmazem.API)'
2026-08-15 07:41:42.646 -03:00 [INF] Executing OkObjectResult, writing value of type 'System.Linq.Enumerable+SelectListIterator`2[[GestaoArmazem.Domain.Entities.Produto, GestaoArmazem.Domain, Version=1.0.0.0, Culture=neutral, PublicKeyToken=null],[GestaoArmazem.Application.DTOs.ProdutoDto, GestaoArmazem.Application, Version=1.0.0.0, Culture=neutral, PublicKeyToken=null]]'.
2026-08-15 07:41:42.651 -03:00 [INF] Request finished HTTP/2 GET https://localhost:7100/api/fornecedores - 200 null application/json; charset=utf-8 254.0106ms
2026-08-15 07:41:42.666 -03:00 [INF] Request starting HTTP/2 GET https://localhost:7100/api/produtos?pagina=1&tamanhoPagina=20 - application/json null
2026-08-15 07:41:42.661 -03:00 [INF] Executed action GestaoArmazem.API.Controllers.ProdutosController.Listar (GestaoArmazem.API) in 25.2917ms
2026-08-15 07:41:42.655 -03:00 [INF] Route matched with {action = "Listar", controller = "Fornecedores"}. Executing controller action with signature System.Threading.Tasks.Task`1[Microsoft.AspNetCore.Mvc.ActionResult`1[System.Collections.Generic.IEnumerable`1[GestaoArmazem.Application.DTOs.FornecedorDto]]] Listar() on controller GestaoArmazem.API.Controllers.FornecedoresController (GestaoArmazem.API).
2026-08-15 07:41:42.688 -03:00 [INF] CORS policy execution successful.
2026-08-15 07:41:42.694 -03:00 [INF] Executed endpoint 'GestaoArmazem.API.Controllers.ProdutosController.Listar (GestaoArmazem.API)'
2026-08-15 07:41:42.711 -03:00 [INF] Executing OkObjectResult, writing value of type 'System.Linq.Enumerable+SelectListIterator`2[[GestaoArmazem.Domain.Entities.Fornecedor, GestaoArmazem.Domain, Version=1.0.0.0, Culture=neutral, PublicKeyToken=null],[GestaoArmazem.Application.DTOs.FornecedorDto, GestaoArmazem.Application, Version=1.0.0.0, Culture=neutral, PublicKeyToken=null]]'.
2026-08-15 07:41:42.713 -03:00 [INF] Executing endpoint 'GestaoArmazem.API.Controllers.ProdutosController.Listar (GestaoArmazem.API)'
2026-08-15 07:41:42.717 -03:00 [INF] HTTP GET /api/produtos responded 200 in 136.5251 ms
2026-08-15 07:41:42.725 -03:00 [INF] Executed action GestaoArmazem.API.Controllers.FornecedoresController.Listar (GestaoArmazem.API) in 23.9757ms
2026-08-15 07:41:42.731 -03:00 [INF] Route matched with {action = "Listar", controller = "Produtos"}. Executing controller action with signature System.Threading.Tasks.Task`1[Microsoft.AspNetCore.Mvc.ActionResult`1[System.Collections.Generic.IEnumerable`1[GestaoArmazem.Application.DTOs.ProdutoDto]]] Listar(Int32, Int32) on controller GestaoArmazem.API.Controllers.ProdutosController (GestaoArmazem.API).
2026-08-15 07:41:42.741 -03:00 [INF] Request finished HTTP/2 GET https://localhost:7100/api/produtos?pagina=1&tamanhoPagina=20 - 200 null application/json; charset=utf-8 220.815ms
2026-08-15 07:41:42.749 -03:00 [INF] Executed endpoint 'GestaoArmazem.API.Controllers.FornecedoresController.Listar (GestaoArmazem.API)'
2026-08-15 07:41:42.771 -03:00 [INF] Executing OkObjectResult, writing value of type 'System.Linq.Enumerable+SelectListIterator`2[[GestaoArmazem.Domain.Entities.Produto, GestaoArmazem.Domain, Version=1.0.0.0, Culture=neutral, PublicKeyToken=null],[GestaoArmazem.Application.DTOs.ProdutoDto, GestaoArmazem.Application, Version=1.0.0.0, Culture=neutral, PublicKeyToken=null]]'.
2026-08-15 07:41:42.792 -03:00 [INF] HTTP GET /api/fornecedores responded 200 in 177.3488 ms
2026-08-15 07:41:42.799 -03:00 [INF] Executed action GestaoArmazem.API.Controllers.ProdutosController.Listar (GestaoArmazem.API) in 33.685ms
2026-08-15 07:41:42.811 -03:00 [INF] Request finished HTTP/2 GET https://localhost:7100/api/fornecedores - 200 null application/json; charset=utf-8 219.0629ms
2026-08-15 07:41:42.817 -03:00 [INF] Executed endpoint 'GestaoArmazem.API.Controllers.ProdutosController.Listar (GestaoArmazem.API)'
2026-08-15 07:41:42.844 -03:00 [INF] HTTP GET /api/produtos responded 200 in 156.0898 ms
2026-08-15 07:41:42.854 -03:00 [INF] Request finished HTTP/2 GET https://localhost:7100/api/produtos?pagina=1&tamanhoPagina=20 - 200 null application/json; charset=utf-8 188.2025ms
2026-08-15 07:41:49.744 -03:00 [INF] Request starting HTTP/2 OPTIONS https://localhost:7100/api/produtos?pagina=1&tamanhoPagina=21 - null null
2026-08-15 07:41:49.754 -03:00 [INF] Request starting HTTP/2 OPTIONS https://localhost:7100/api/produtos?pagina=1&tamanhoPagina=21 - null null
2026-08-15 07:41:49.797 -03:00 [INF] CORS policy execution successful.
2026-08-15 07:41:49.819 -03:00 [INF] CORS policy execution successful.
2026-08-15 07:41:49.824 -03:00 [INF] HTTP OPTIONS /api/produtos responded 204 in 27.0792 ms
2026-08-15 07:41:49.828 -03:00 [INF] HTTP OPTIONS /api/produtos responded 204 in 8.6293 ms
2026-08-15 07:41:49.836 -03:00 [INF] Request finished HTTP/2 OPTIONS https://localhost:7100/api/produtos?pagina=1&tamanhoPagina=21 - 204 null null 97.4311ms
2026-08-15 07:41:49.843 -03:00 [INF] Request starting HTTP/2 GET https://localhost:7100/api/produtos?pagina=1&tamanhoPagina=21 - application/json null
2026-08-15 07:41:49.847 -03:00 [INF] Request finished HTTP/2 OPTIONS https://localhost:7100/api/produtos?pagina=1&tamanhoPagina=21 - 204 null null 94.691ms
2026-08-15 07:41:49.876 -03:00 [INF] CORS policy execution successful.
2026-08-15 07:41:49.893 -03:00 [INF] Executing endpoint 'GestaoArmazem.API.Controllers.ProdutosController.Listar (GestaoArmazem.API)'
2026-08-15 07:41:49.898 -03:00 [INF] Route matched with {action = "Listar", controller = "Produtos"}. Executing controller action with signature System.Threading.Tasks.Task`1[Microsoft.AspNetCore.Mvc.ActionResult`1[System.Collections.Generic.IEnumerable`1[GestaoArmazem.Application.DTOs.ProdutoDto]]] Listar(Int32, Int32) on controller GestaoArmazem.API.Controllers.ProdutosController (GestaoArmazem.API).
2026-08-15 07:41:49.915 -03:00 [INF] Executing OkObjectResult, writing value of type 'System.Linq.Enumerable+SelectListIterator`2[[GestaoArmazem.Domain.Entities.Produto, GestaoArmazem.Domain, Version=1.0.0.0, Culture=neutral, PublicKeyToken=null],[GestaoArmazem.Application.DTOs.ProdutoDto, GestaoArmazem.Application, Version=1.0.0.0, Culture=neutral, PublicKeyToken=null]]'.
2026-08-15 07:41:49.921 -03:00 [INF] Executed action GestaoArmazem.API.Controllers.ProdutosController.Listar (GestaoArmazem.API) in 14.6316ms
2026-08-15 07:41:49.925 -03:00 [INF] Request starting HTTP/2 GET https://localhost:7100/api/produtos?pagina=1&tamanhoPagina=21 - application/json null
2026-08-15 07:41:49.929 -03:00 [INF] Executed endpoint 'GestaoArmazem.API.Controllers.ProdutosController.Listar (GestaoArmazem.API)'
2026-08-15 07:41:49.941 -03:00 [INF] CORS policy execution successful.
2026-08-15 07:41:49.945 -03:00 [INF] HTTP GET /api/produtos responded 200 in 69.0763 ms
2026-08-15 07:41:49.949 -03:00 [INF] Executing endpoint 'GestaoArmazem.API.Controllers.ProdutosController.Listar (GestaoArmazem.API)'
2026-08-15 07:41:49.958 -03:00 [INF] Request finished HTTP/2 GET https://localhost:7100/api/produtos?pagina=1&tamanhoPagina=21 - 200 null application/json; charset=utf-8 115.8378ms
2026-08-15 07:41:49.963 -03:00 [INF] Route matched with {action = "Listar", controller = "Produtos"}. Executing controller action with signature System.Threading.Tasks.Task`1[Microsoft.AspNetCore.Mvc.ActionResult`1[System.Collections.Generic.IEnumerable`1[GestaoArmazem.Application.DTOs.ProdutoDto]]] Listar(Int32, Int32) on controller GestaoArmazem.API.Controllers.ProdutosController (GestaoArmazem.API).
2026-08-15 07:41:49.999 -03:00 [INF] Executing OkObjectResult, writing value of type 'System.Linq.Enumerable+SelectListIterator`2[[GestaoArmazem.Domain.Entities.Produto, GestaoArmazem.Domain, Version=1.0.0.0, Culture=neutral, PublicKeyToken=null],[GestaoArmazem.Application.DTOs.ProdutoDto, GestaoArmazem.Application, Version=1.0.0.0, Culture=neutral, PublicKeyToken=null]]'.
2026-08-15 07:41:50.005 -03:00 [INF] Executed action GestaoArmazem.API.Controllers.ProdutosController.Listar (GestaoArmazem.API) in 14.3815ms
2026-08-15 07:41:50.012 -03:00 [INF] Executed endpoint 'GestaoArmazem.API.Controllers.ProdutosController.Listar (GestaoArmazem.API)'
2026-08-15 07:41:50.016 -03:00 [INF] HTTP GET /api/produtos responded 200 in 75.4100 ms
2026-08-15 07:41:50.026 -03:00 [INF] Request finished HTTP/2 GET https://localhost:7100/api/produtos?pagina=1&tamanhoPagina=21 - 200 null application/json; charset=utf-8 101.8541ms
2026-08-15 07:41:51.922 -03:00 [INF] Request starting HTTP/2 OPTIONS https://localhost:7100/api/categorias - null null
2026-08-15 07:41:51.931 -03:00 [INF] Request starting HTTP/2 OPTIONS https://localhost:7100/api/categorias - null null
2026-08-15 07:41:51.960 -03:00 [INF] CORS policy execution successful.
2026-08-15 07:41:51.986 -03:00 [INF] CORS policy execution successful.
2026-08-15 07:41:51.990 -03:00 [INF] HTTP OPTIONS /api/categorias responded 204 in 29.6012 ms
2026-08-15 07:41:51.993 -03:00 [INF] HTTP OPTIONS /api/categorias responded 204 in 6.4023 ms
2026-08-15 07:41:52.000 -03:00 [INF] Request finished HTTP/2 OPTIONS https://localhost:7100/api/categorias - 204 null null 79.9041ms
2026-08-15 07:41:52.007 -03:00 [INF] Request starting HTTP/2 GET https://localhost:7100/api/categorias - application/json null
2026-08-15 07:41:52.011 -03:00 [INF] Request finished HTTP/2 OPTIONS https://localhost:7100/api/categorias - 204 null null 82.1609ms
2026-08-15 07:41:52.033 -03:00 [INF] CORS policy execution successful.
2026-08-15 07:41:52.052 -03:00 [INF] Executing endpoint 'GestaoArmazem.API.Controllers.CategoriasController.Listar (GestaoArmazem.API)'
2026-08-15 07:41:52.057 -03:00 [INF] Route matched with {action = "Listar", controller = "Categorias"}. Executing controller action with signature System.Threading.Tasks.Task`1[Microsoft.AspNetCore.Mvc.ActionResult`1[System.Collections.Generic.IEnumerable`1[GestaoArmazem.Application.DTOs.CategoriaDto]]] Listar() on controller GestaoArmazem.API.Controllers.CategoriasController (GestaoArmazem.API).
2026-08-15 07:41:52.072 -03:00 [INF] Executing OkObjectResult, writing value of type 'System.Linq.Enumerable+SelectListIterator`2[[GestaoArmazem.Domain.Entities.Categoria, GestaoArmazem.Domain, Version=1.0.0.0, Culture=neutral, PublicKeyToken=null],[GestaoArmazem.Application.DTOs.CategoriaDto, GestaoArmazem.Application, Version=1.0.0.0, Culture=neutral, PublicKeyToken=null]]'.
2026-08-15 07:41:52.080 -03:00 [INF] Executed action GestaoArmazem.API.Controllers.CategoriasController.Listar (GestaoArmazem.API) in 15.3413ms
2026-08-15 07:41:52.083 -03:00 [INF] Request starting HTTP/2 GET https://localhost:7100/api/categorias - application/json null
2026-08-15 07:41:52.086 -03:00 [INF] Executed endpoint 'GestaoArmazem.API.Controllers.CategoriasController.Listar (GestaoArmazem.API)'
2026-08-15 07:41:52.097 -03:00 [INF] CORS policy execution successful.
2026-08-15 07:41:52.102 -03:00 [INF] HTTP GET /api/categorias responded 200 in 68.7780 ms
2026-08-15 07:41:52.107 -03:00 [INF] Executing endpoint 'GestaoArmazem.API.Controllers.CategoriasController.Listar (GestaoArmazem.API)'
2026-08-15 07:41:52.115 -03:00 [INF] Request finished HTTP/2 GET https://localhost:7100/api/categorias - 200 null application/json; charset=utf-8 109.3431ms
2026-08-15 07:41:52.119 -03:00 [INF] Route matched with {action = "Listar", controller = "Categorias"}. Executing controller action with signature System.Threading.Tasks.Task`1[Microsoft.AspNetCore.Mvc.ActionResult`1[System.Collections.Generic.IEnumerable`1[GestaoArmazem.Application.DTOs.CategoriaDto]]] Listar() on controller GestaoArmazem.API.Controllers.CategoriasController (GestaoArmazem.API).
2026-08-15 07:41:52.155 -03:00 [INF] Executing OkObjectResult, writing value of type 'System.Linq.Enumerable+SelectListIterator`2[[GestaoArmazem.Domain.Entities.Categoria, GestaoArmazem.Domain, Version=1.0.0.0, Culture=neutral, PublicKeyToken=null],[GestaoArmazem.Application.DTOs.CategoriaDto, GestaoArmazem.Application, Version=1.0.0.0, Culture=neutral, PublicKeyToken=null]]'.
2026-08-15 07:41:52.162 -03:00 [INF] Executed action GestaoArmazem.API.Controllers.CategoriasController.Listar (GestaoArmazem.API) in 14.7761ms
2026-08-15 07:41:52.169 -03:00 [INF] Executed endpoint 'GestaoArmazem.API.Controllers.CategoriasController.Listar (GestaoArmazem.API)'
2026-08-15 07:41:52.174 -03:00 [INF] HTTP GET /api/categorias responded 200 in 77.5485 ms
2026-08-15 07:41:52.183 -03:00 [INF] Request finished HTTP/2 GET https://localhost:7100/api/categorias - 200 null application/json; charset=utf-8 99.9607ms
2026-08-15 07:42:45.956 -03:00 [INF] Request starting HTTP/2 OPTIONS https://localhost:7100/api/produtos - null null
2026-08-15 07:42:46.001 -03:00 [INF] CORS policy execution successful.
2026-08-15 07:42:46.008 -03:00 [INF] HTTP OPTIONS /api/produtos responded 204 in 7.5506 ms
2026-08-15 07:42:46.051 -03:00 [INF] Request finished HTTP/2 OPTIONS https://localhost:7100/api/produtos - 204 null null 98.8398ms
2026-08-15 07:42:46.075 -03:00 [INF] Request starting HTTP/2 POST https://localhost:7100/api/produtos - application/json 179
2026-08-15 07:42:46.134 -03:00 [INF] CORS policy execution successful.
2026-08-15 07:42:46.150 -03:00 [INF] Executing endpoint 'GestaoArmazem.API.Controllers.ProdutosController.Criar (GestaoArmazem.API)'
2026-08-15 07:42:46.179 -03:00 [INF] Route matched with {action = "Criar", controller = "Produtos"}. Executing controller action with signature System.Threading.Tasks.Task`1[Microsoft.AspNetCore.Mvc.ActionResult`1[GestaoArmazem.Application.DTOs.ProdutoDto]] Criar(GestaoArmazem.Application.DTOs.CriarProdutoDto) on controller GestaoArmazem.API.Controllers.ProdutosController (GestaoArmazem.API).
2026-08-15 07:42:46.587 -03:00 [INF] Executing CreatedAtActionResult, writing value of type 'GestaoArmazem.Application.DTOs.ProdutoDto'.
2026-08-15 07:42:46.640 -03:00 [INF] Executed action GestaoArmazem.API.Controllers.ProdutosController.Criar (GestaoArmazem.API) in 425.9127ms
2026-08-15 07:42:46.657 -03:00 [INF] Executed endpoint 'GestaoArmazem.API.Controllers.ProdutosController.Criar (GestaoArmazem.API)'
2026-08-15 07:42:46.666 -03:00 [INF] HTTP POST /api/produtos responded 201 in 531.8430 ms
2026-08-15 07:42:46.683 -03:00 [INF] Request finished HTTP/2 POST https://localhost:7100/api/produtos - 201 null application/json; charset=utf-8 612.8611ms
2026-08-15 07:42:46.784 -03:00 [INF] Request starting HTTP/2 OPTIONS https://localhost:7100/api/produtos?pagina=1&tamanhoPagina=21 - null null
2026-08-15 07:42:46.792 -03:00 [INF] Request starting HTTP/2 OPTIONS https://localhost:7100/api/produtos?pagina=1&tamanhoPagina=21 - null null
2026-08-15 07:42:46.799 -03:00 [INF] CORS policy execution successful.
2026-08-15 07:42:46.811 -03:00 [INF] CORS policy execution successful.
2026-08-15 07:42:46.814 -03:00 [INF] HTTP OPTIONS /api/produtos responded 204 in 14.5031 ms
2026-08-15 07:42:46.818 -03:00 [INF] HTTP OPTIONS /api/produtos responded 204 in 7.0689 ms
2026-08-15 07:42:46.826 -03:00 [INF] Request finished HTTP/2 OPTIONS https://localhost:7100/api/produtos?pagina=1&tamanhoPagina=21 - 204 null null 42.3173ms
2026-08-15 07:42:46.832 -03:00 [INF] Request finished HTTP/2 OPTIONS https://localhost:7100/api/produtos?pagina=1&tamanhoPagina=21 - 204 null null 41.7171ms
2026-08-15 07:42:46.855 -03:00 [INF] Request starting HTTP/2 GET https://localhost:7100/api/produtos?pagina=1&tamanhoPagina=21 - application/json null
2026-08-15 07:42:46.881 -03:00 [INF] CORS policy execution successful.
2026-08-15 07:42:46.885 -03:00 [INF] Executing endpoint 'GestaoArmazem.API.Controllers.ProdutosController.Listar (GestaoArmazem.API)'
2026-08-15 07:42:46.890 -03:00 [INF] Route matched with {action = "Listar", controller = "Produtos"}. Executing controller action with signature System.Threading.Tasks.Task`1[Microsoft.AspNetCore.Mvc.ActionResult`1[System.Collections.Generic.IEnumerable`1[GestaoArmazem.Application.DTOs.ProdutoDto]]] Listar(Int32, Int32) on controller GestaoArmazem.API.Controllers.ProdutosController (GestaoArmazem.API).
2026-08-15 07:42:46.906 -03:00 [INF] Executing OkObjectResult, writing value of type 'System.Linq.Enumerable+SelectListIterator`2[[GestaoArmazem.Domain.Entities.Produto, GestaoArmazem.Domain, Version=1.0.0.0, Culture=neutral, PublicKeyToken=null],[GestaoArmazem.Application.DTOs.ProdutoDto, GestaoArmazem.Application, Version=1.0.0.0, Culture=neutral, PublicKeyToken=null]]'.
2026-08-15 07:42:46.912 -03:00 [INF] Executed action GestaoArmazem.API.Controllers.ProdutosController.Listar (GestaoArmazem.API) in 14.2192ms
2026-08-15 07:42:46.916 -03:00 [INF] Request starting HTTP/2 GET https://localhost:7100/api/produtos?pagina=1&tamanhoPagina=21 - application/json null
2026-08-15 07:42:46.920 -03:00 [INF] Executed endpoint 'GestaoArmazem.API.Controllers.ProdutosController.Listar (GestaoArmazem.API)'
2026-08-15 07:42:46.934 -03:00 [INF] CORS policy execution successful.
2026-08-15 07:42:46.939 -03:00 [INF] HTTP GET /api/produtos responded 200 in 57.3293 ms
2026-08-15 07:42:46.943 -03:00 [INF] Executing endpoint 'GestaoArmazem.API.Controllers.ProdutosController.Listar (GestaoArmazem.API)'
2026-08-15 07:42:46.952 -03:00 [INF] Request finished HTTP/2 GET https://localhost:7100/api/produtos?pagina=1&tamanhoPagina=21 - 200 null application/json; charset=utf-8 96.3772ms
2026-08-15 07:42:46.961 -03:00 [INF] Route matched with {action = "Listar", controller = "Produtos"}. Executing controller action with signature System.Threading.Tasks.Task`1[Microsoft.AspNetCore.Mvc.ActionResult`1[System.Collections.Generic.IEnumerable`1[GestaoArmazem.Application.DTOs.ProdutoDto]]] Listar(Int32, Int32) on controller GestaoArmazem.API.Controllers.ProdutosController (GestaoArmazem.API).
2026-08-15 07:42:47.005 -03:00 [INF] Executing OkObjectResult, writing value of type 'System.Linq.Enumerable+SelectListIterator`2[[GestaoArmazem.Domain.Entities.Produto, GestaoArmazem.Domain, Version=1.0.0.0, Culture=neutral, PublicKeyToken=null],[GestaoArmazem.Application.DTOs.ProdutoDto, GestaoArmazem.Application, Version=1.0.0.0, Culture=neutral, PublicKeyToken=null]]'.
2026-08-15 07:42:47.014 -03:00 [INF] Executed action GestaoArmazem.API.Controllers.ProdutosController.Listar (GestaoArmazem.API) in 15.2432ms
2026-08-15 07:42:47.020 -03:00 [INF] Executed endpoint 'GestaoArmazem.API.Controllers.ProdutosController.Listar (GestaoArmazem.API)'
2026-08-15 07:42:47.025 -03:00 [INF] HTTP GET /api/produtos responded 200 in 91.4563 ms
2026-08-15 07:42:47.034 -03:00 [INF] Request finished HTTP/2 GET https://localhost:7100/api/produtos?pagina=1&tamanhoPagina=21 - 200 null application/json; charset=utf-8 119.6445ms
2026-08-15 07:42:58.951 -03:00 [INF] Request starting HTTP/2 OPTIONS https://localhost:7100/api/pedidos-recebimento?pagina=1&tamanhoPagina=21 - null null
2026-08-15 07:42:58.977 -03:00 [INF] Request starting HTTP/2 OPTIONS https://localhost:7100/api/pedidos-recebimento?pagina=1&tamanhoPagina=21 - null null
2026-08-15 07:42:58.971 -03:00 [INF] Request starting HTTP/2 OPTIONS https://localhost:7100/api/fornecedores - null null
2026-08-15 07:42:58.962 -03:00 [INF] Request starting HTTP/2 OPTIONS https://localhost:7100/api/fornecedores - null null
2026-08-15 07:42:59.028 -03:00 [INF] CORS policy execution successful.
2026-08-15 07:42:59.047 -03:00 [INF] CORS policy execution successful.
2026-08-15 07:42:59.069 -03:00 [INF] HTTP OPTIONS /api/fornecedores responded 204 in 21.4897 ms
2026-08-15 07:42:59.062 -03:00 [INF] CORS policy execution successful.
2026-08-15 07:42:59.065 -03:00 [INF] HTTP OPTIONS /api/pedidos-recebimento responded 204 in 36.9404 ms
2026-08-15 07:42:59.077 -03:00 [INF] Request finished HTTP/2 OPTIONS https://localhost:7100/api/fornecedores - 204 null null 106.6524ms
2026-08-15 07:42:59.098 -03:00 [INF] Request finished HTTP/2 OPTIONS https://localhost:7100/api/pedidos-recebimento?pagina=1&tamanhoPagina=21 - 204 null null 121.0143ms
2026-08-15 07:42:59.081 -03:00 [INF] HTTP OPTIONS /api/fornecedores responded 204 in 18.9723 ms
2026-08-15 07:42:59.005 -03:00 [INF] CORS policy execution successful.
2026-08-15 07:42:59.110 -03:00 [INF] Request starting HTTP/2 GET https://localhost:7100/api/pedidos-recebimento?pagina=1&tamanhoPagina=21 - application/json null
2026-08-15 07:42:59.092 -03:00 [INF] Request starting HTTP/2 GET https://localhost:7100/api/fornecedores - application/json null
2026-08-15 07:42:59.139 -03:00 [INF] Request finished HTTP/2 OPTIONS https://localhost:7100/api/fornecedores - 204 null null 179.2673ms
2026-08-15 07:42:59.143 -03:00 [INF] HTTP OPTIONS /api/pedidos-recebimento responded 204 in 138.2276 ms
2026-08-15 07:42:59.154 -03:00 [INF] CORS policy execution successful.
2026-08-15 07:42:59.165 -03:00 [INF] CORS policy execution successful.
2026-08-15 07:42:59.185 -03:00 [INF] Request finished HTTP/2 OPTIONS https://localhost:7100/api/pedidos-recebimento?pagina=1&tamanhoPagina=21 - 204 null null 233.8833ms
2026-08-15 07:42:59.189 -03:00 [INF] Executing endpoint 'GestaoArmazem.API.Controllers.PedidosRecebimentoController.Listar (GestaoArmazem.API)'
2026-08-15 07:42:59.193 -03:00 [INF] Executing endpoint 'GestaoArmazem.API.Controllers.FornecedoresController.Listar (GestaoArmazem.API)'
2026-08-15 07:42:59.210 -03:00 [INF] Route matched with {action = "Listar", controller = "PedidosRecebimento"}. Executing controller action with signature System.Threading.Tasks.Task`1[Microsoft.AspNetCore.Mvc.ActionResult`1[System.Collections.Generic.IEnumerable`1[GestaoArmazem.Application.DTOs.PedidoRecebimentoDto]]] Listar(Int32, Int32) on controller GestaoArmazem.API.Controllers.PedidosRecebimentoController (GestaoArmazem.API).
2026-08-15 07:42:59.214 -03:00 [INF] Route matched with {action = "Listar", controller = "Fornecedores"}. Executing controller action with signature System.Threading.Tasks.Task`1[Microsoft.AspNetCore.Mvc.ActionResult`1[System.Collections.Generic.IEnumerable`1[GestaoArmazem.Application.DTOs.FornecedorDto]]] Listar() on controller GestaoArmazem.API.Controllers.FornecedoresController (GestaoArmazem.API).
2026-08-15 07:42:59.242 -03:00 [INF] Executing OkObjectResult, writing value of type 'System.Linq.Enumerable+SelectListIterator`2[[GestaoArmazem.Domain.Entities.Fornecedor, GestaoArmazem.Domain, Version=1.0.0.0, Culture=neutral, PublicKeyToken=null],[GestaoArmazem.Application.DTOs.FornecedorDto, GestaoArmazem.Application, Version=1.0.0.0, Culture=neutral, PublicKeyToken=null]]'.
2026-08-15 07:42:59.245 -03:00 [INF] Executing OkObjectResult, writing value of type 'System.Collections.Generic.List`1[[GestaoArmazem.Application.DTOs.PedidoRecebimentoDto, GestaoArmazem.Application, Version=1.0.0.0, Culture=neutral, PublicKeyToken=null]]'.
2026-08-15 07:42:59.254 -03:00 [INF] Request starting HTTP/2 GET https://localhost:7100/api/fornecedores - application/json null
2026-08-15 07:42:59.250 -03:00 [INF] Executed action GestaoArmazem.API.Controllers.FornecedoresController.Listar (GestaoArmazem.API) in 18.4054ms
2026-08-15 07:42:59.258 -03:00 [INF] Executed action GestaoArmazem.API.Controllers.PedidosRecebimentoController.Listar (GestaoArmazem.API) in 36.3733ms
2026-08-15 07:42:59.261 -03:00 [INF] Request starting HTTP/2 GET https://localhost:7100/api/pedidos-recebimento?pagina=1&tamanhoPagina=21 - application/json null
2026-08-15 07:42:59.269 -03:00 [INF] CORS policy execution successful.
2026-08-15 07:42:59.274 -03:00 [INF] Executed endpoint 'GestaoArmazem.API.Controllers.FornecedoresController.Listar (GestaoArmazem.API)'
2026-08-15 07:42:59.279 -03:00 [INF] Executed endpoint 'GestaoArmazem.API.Controllers.PedidosRecebimentoController.Listar (GestaoArmazem.API)'
2026-08-15 07:42:59.290 -03:00 [INF] CORS policy execution successful.
2026-08-15 07:42:59.294 -03:00 [INF] Executing endpoint 'GestaoArmazem.API.Controllers.FornecedoresController.Listar (GestaoArmazem.API)'
2026-08-15 07:42:59.298 -03:00 [INF] HTTP GET /api/fornecedores responded 200 in 132.9284 ms
2026-08-15 07:42:59.301 -03:00 [INF] HTTP GET /api/pedidos-recebimento responded 200 in 147.0129 ms
2026-08-15 07:42:59.305 -03:00 [INF] Executing endpoint 'GestaoArmazem.API.Controllers.PedidosRecebimentoController.Listar (GestaoArmazem.API)'
2026-08-15 07:42:59.309 -03:00 [INF] Route matched with {action = "Listar", controller = "Fornecedores"}. Executing controller action with signature System.Threading.Tasks.Task`1[Microsoft.AspNetCore.Mvc.ActionResult`1[System.Collections.Generic.IEnumerable`1[GestaoArmazem.Application.DTOs.FornecedorDto]]] Listar() on controller GestaoArmazem.API.Controllers.FornecedoresController (GestaoArmazem.API).
2026-08-15 07:42:59.317 -03:00 [INF] Request finished HTTP/2 GET https://localhost:7100/api/fornecedores - 200 null application/json; charset=utf-8 226.3596ms
2026-08-15 07:42:59.330 -03:00 [INF] Route matched with {action = "Listar", controller = "PedidosRecebimento"}. Executing controller action with signature System.Threading.Tasks.Task`1[Microsoft.AspNetCore.Mvc.ActionResult`1[System.Collections.Generic.IEnumerable`1[GestaoArmazem.Application.DTOs.PedidoRecebimentoDto]]] Listar(Int32, Int32) on controller GestaoArmazem.API.Controllers.PedidosRecebimentoController (GestaoArmazem.API).
2026-08-15 07:42:59.342 -03:00 [INF] Executing OkObjectResult, writing value of type 'System.Linq.Enumerable+SelectListIterator`2[[GestaoArmazem.Domain.Entities.Fornecedor, GestaoArmazem.Domain, Version=1.0.0.0, Culture=neutral, PublicKeyToken=null],[GestaoArmazem.Application.DTOs.FornecedorDto, GestaoArmazem.Application, Version=1.0.0.0, Culture=neutral, PublicKeyToken=null]]'.
2026-08-15 07:42:59.326 -03:00 [INF] Request finished HTTP/2 GET https://localhost:7100/api/pedidos-recebimento?pagina=1&tamanhoPagina=21 - 200 null application/json; charset=utf-8 217.1741ms
2026-08-15 07:42:59.377 -03:00 [INF] Executing OkObjectResult, writing value of type 'System.Collections.Generic.List`1[[GestaoArmazem.Application.DTOs.PedidoRecebimentoDto, GestaoArmazem.Application, Version=1.0.0.0, Culture=neutral, PublicKeyToken=null]]'.
2026-08-15 07:42:59.377 -03:00 [INF] Executed action GestaoArmazem.API.Controllers.FornecedoresController.Listar (GestaoArmazem.API) in 39.8415ms
2026-08-15 07:42:59.397 -03:00 [INF] Executed action GestaoArmazem.API.Controllers.PedidosRecebimentoController.Listar (GestaoArmazem.API) in 31.5052ms
2026-08-15 07:42:59.403 -03:00 [INF] Executed endpoint 'GestaoArmazem.API.Controllers.FornecedoresController.Listar (GestaoArmazem.API)'
2026-08-15 07:42:59.408 -03:00 [INF] Executed endpoint 'GestaoArmazem.API.Controllers.PedidosRecebimentoController.Listar (GestaoArmazem.API)'
2026-08-15 07:42:59.412 -03:00 [INF] HTTP GET /api/fornecedores responded 200 in 143.8771 ms
2026-08-15 07:42:59.417 -03:00 [INF] HTTP GET /api/pedidos-recebimento responded 200 in 126.7488 ms
2026-08-15 07:42:59.427 -03:00 [INF] Request finished HTTP/2 GET https://localhost:7100/api/fornecedores - 200 null application/json; charset=utf-8 174.0065ms
2026-08-15 07:42:59.435 -03:00 [INF] Request finished HTTP/2 GET https://localhost:7100/api/pedidos-recebimento?pagina=1&tamanhoPagina=21 - 200 null application/json; charset=utf-8 175.0757ms
2026-08-15 07:43:02.563 -03:00 [INF] Request starting HTTP/2 GET https://localhost:7100/api/fornecedores - application/json null
2026-08-15 07:43:02.566 -03:00 [INF] Request starting HTTP/2 OPTIONS https://localhost:7100/api/produtos?pagina=1&tamanhoPagina=20 - null null
2026-08-15 07:43:02.571 -03:00 [INF] Request starting HTTP/2 OPTIONS https://localhost:7100/api/produtos?pagina=1&tamanhoPagina=20 - null null
2026-08-15 07:43:02.588 -03:00 [INF] CORS policy execution successful.
2026-08-15 07:43:02.606 -03:00 [INF] CORS policy execution successful.
2026-08-15 07:43:02.627 -03:00 [INF] CORS policy execution successful.
2026-08-15 07:43:02.635 -03:00 [INF] Executing endpoint 'GestaoArmazem.API.Controllers.FornecedoresController.Listar (GestaoArmazem.API)'
2026-08-15 07:43:02.641 -03:00 [INF] HTTP OPTIONS /api/produtos responded 204 in 34.8594 ms
2026-08-15 07:43:02.647 -03:00 [INF] HTTP OPTIONS /api/produtos responded 204 in 19.5383 ms
2026-08-15 07:43:02.653 -03:00 [INF] Route matched with {action = "Listar", controller = "Fornecedores"}. Executing controller action with signature System.Threading.Tasks.Task`1[Microsoft.AspNetCore.Mvc.ActionResult`1[System.Collections.Generic.IEnumerable`1[GestaoArmazem.Application.DTOs.FornecedorDto]]] Listar() on controller GestaoArmazem.API.Controllers.FornecedoresController (GestaoArmazem.API).
2026-08-15 07:43:02.661 -03:00 [INF] Request finished HTTP/2 OPTIONS https://localhost:7100/api/produtos?pagina=1&tamanhoPagina=20 - 204 null null 97.1713ms
2026-08-15 07:43:02.670 -03:00 [INF] Request finished HTTP/2 OPTIONS https://localhost:7100/api/produtos?pagina=1&tamanhoPagina=20 - 204 null null 99.7494ms
2026-08-15 07:43:02.681 -03:00 [INF] Executing OkObjectResult, writing value of type 'System.Linq.Enumerable+SelectListIterator`2[[GestaoArmazem.Domain.Entities.Fornecedor, GestaoArmazem.Domain, Version=1.0.0.0, Culture=neutral, PublicKeyToken=null],[GestaoArmazem.Application.DTOs.FornecedorDto, GestaoArmazem.Application, Version=1.0.0.0, Culture=neutral, PublicKeyToken=null]]'.
2026-08-15 07:43:02.676 -03:00 [INF] Request starting HTTP/2 GET https://localhost:7100/api/produtos?pagina=1&tamanhoPagina=20 - application/json null
2026-08-15 07:43:02.711 -03:00 [INF] Executed action GestaoArmazem.API.Controllers.FornecedoresController.Listar (GestaoArmazem.API) in 34.1191ms
2026-08-15 07:43:02.714 -03:00 [INF] Request starting HTTP/2 GET https://localhost:7100/api/fornecedores - application/json null
2026-08-15 07:43:02.723 -03:00 [INF] CORS policy execution successful.
2026-08-15 07:43:02.729 -03:00 [INF] Executed endpoint 'GestaoArmazem.API.Controllers.FornecedoresController.Listar (GestaoArmazem.API)'
2026-08-15 07:43:02.741 -03:00 [INF] CORS policy execution successful.
2026-08-15 07:43:02.745 -03:00 [INF] Executing endpoint 'GestaoArmazem.API.Controllers.ProdutosController.Listar (GestaoArmazem.API)'
2026-08-15 07:43:02.749 -03:00 [INF] HTTP GET /api/fornecedores responded 200 in 160.9145 ms
2026-08-15 07:43:02.753 -03:00 [INF] Executing endpoint 'GestaoArmazem.API.Controllers.FornecedoresController.Listar (GestaoArmazem.API)'
2026-08-15 07:43:02.757 -03:00 [INF] Route matched with {action = "Listar", controller = "Produtos"}. Executing controller action with signature System.Threading.Tasks.Task`1[Microsoft.AspNetCore.Mvc.ActionResult`1[System.Collections.Generic.IEnumerable`1[GestaoArmazem.Application.DTOs.ProdutoDto]]] Listar(Int32, Int32) on controller GestaoArmazem.API.Controllers.ProdutosController (GestaoArmazem.API).
2026-08-15 07:43:02.765 -03:00 [INF] Request finished HTTP/2 GET https://localhost:7100/api/fornecedores - 200 null application/json; charset=utf-8 205.5429ms
2026-08-15 07:43:02.770 -03:00 [INF] Route matched with {action = "Listar", controller = "Fornecedores"}. Executing controller action with signature System.Threading.Tasks.Task`1[Microsoft.AspNetCore.Mvc.ActionResult`1[System.Collections.Generic.IEnumerable`1[GestaoArmazem.Application.DTOs.FornecedorDto]]] Listar() on controller GestaoArmazem.API.Controllers.FornecedoresController (GestaoArmazem.API).
2026-08-15 07:43:02.786 -03:00 [INF] Executing OkObjectResult, writing value of type 'System.Linq.Enumerable+SelectListIterator`2[[GestaoArmazem.Domain.Entities.Produto, GestaoArmazem.Domain, Version=1.0.0.0, Culture=neutral, PublicKeyToken=null],[GestaoArmazem.Application.DTOs.ProdutoDto, GestaoArmazem.Application, Version=1.0.0.0, Culture=neutral, PublicKeyToken=null]]'.
2026-08-15 07:43:02.806 -03:00 [INF] Executing OkObjectResult, writing value of type 'System.Linq.Enumerable+SelectListIterator`2[[GestaoArmazem.Domain.Entities.Fornecedor, GestaoArmazem.Domain, Version=1.0.0.0, Culture=neutral, PublicKeyToken=null],[GestaoArmazem.Application.DTOs.FornecedorDto, GestaoArmazem.Application, Version=1.0.0.0, Culture=neutral, PublicKeyToken=null]]'.
2026-08-15 07:43:02.811 -03:00 [INF] Executed action GestaoArmazem.API.Controllers.ProdutosController.Listar (GestaoArmazem.API) in 34.0474ms
2026-08-15 07:43:02.815 -03:00 [INF] Request starting HTTP/2 GET https://localhost:7100/api/produtos?pagina=1&tamanhoPagina=20 - application/json null
2026-08-15 07:43:02.818 -03:00 [INF] Executed action GestaoArmazem.API.Controllers.FornecedoresController.Listar (GestaoArmazem.API) in 16.8779ms
2026-08-15 07:43:02.824 -03:00 [INF] Executed endpoint 'GestaoArmazem.API.Controllers.ProdutosController.Listar (GestaoArmazem.API)'
2026-08-15 07:43:02.835 -03:00 [INF] CORS policy execution successful.
2026-08-15 07:43:02.842 -03:00 [INF] Executed endpoint 'GestaoArmazem.API.Controllers.FornecedoresController.Listar (GestaoArmazem.API)'
2026-08-15 07:43:02.846 -03:00 [INF] HTTP GET /api/produtos responded 200 in 122.2725 ms
2026-08-15 07:43:02.850 -03:00 [INF] Executing endpoint 'GestaoArmazem.API.Controllers.ProdutosController.Listar (GestaoArmazem.API)'
2026-08-15 07:43:02.854 -03:00 [INF] HTTP GET /api/fornecedores responded 200 in 112.5307 ms
2026-08-15 07:43:02.861 -03:00 [INF] Request finished HTTP/2 GET https://localhost:7100/api/produtos?pagina=1&tamanhoPagina=20 - 200 null application/json; charset=utf-8 185.2347ms
2026-08-15 07:43:02.865 -03:00 [INF] Route matched with {action = "Listar", controller = "Produtos"}. Executing controller action with signature System.Threading.Tasks.Task`1[Microsoft.AspNetCore.Mvc.ActionResult`1[System.Collections.Generic.IEnumerable`1[GestaoArmazem.Application.DTOs.ProdutoDto]]] Listar(Int32, Int32) on controller GestaoArmazem.API.Controllers.ProdutosController (GestaoArmazem.API).
2026-08-15 07:43:02.876 -03:00 [INF] Request finished HTTP/2 GET https://localhost:7100/api/fornecedores - 200 null application/json; charset=utf-8 162.4233ms
2026-08-15 07:43:02.903 -03:00 [INF] Executing OkObjectResult, writing value of type 'System.Linq.Enumerable+SelectListIterator`2[[GestaoArmazem.Domain.Entities.Produto, GestaoArmazem.Domain, Version=1.0.0.0, Culture=neutral, PublicKeyToken=null],[GestaoArmazem.Application.DTOs.ProdutoDto, GestaoArmazem.Application, Version=1.0.0.0, Culture=neutral, PublicKeyToken=null]]'.
2026-08-15 07:43:02.916 -03:00 [INF] Executed action GestaoArmazem.API.Controllers.ProdutosController.Listar (GestaoArmazem.API) in 20.1301ms
2026-08-15 07:43:02.922 -03:00 [INF] Executed endpoint 'GestaoArmazem.API.Controllers.ProdutosController.Listar (GestaoArmazem.API)'
2026-08-15 07:43:02.926 -03:00 [INF] HTTP GET /api/produtos responded 200 in 91.2559 ms
2026-08-15 07:43:02.934 -03:00 [INF] Request finished HTTP/2 GET https://localhost:7100/api/produtos?pagina=1&tamanhoPagina=20 - 200 null application/json; charset=utf-8 119.842ms
2026-08-15 07:43:25.000 -03:00 [INF] Request starting HTTP/2 OPTIONS https://localhost:7100/api/pedidos-recebimento - null null
2026-08-15 07:43:25.041 -03:00 [INF] CORS policy execution successful.
2026-08-15 07:43:25.047 -03:00 [INF] HTTP OPTIONS /api/pedidos-recebimento responded 204 in 6.1768 ms
2026-08-15 07:43:25.061 -03:00 [INF] Request finished HTTP/2 OPTIONS https://localhost:7100/api/pedidos-recebimento - 204 null null 60.2694ms
2026-08-15 07:43:25.071 -03:00 [INF] Request starting HTTP/2 POST https://localhost:7100/api/pedidos-recebimento - application/json 170
2026-08-15 07:43:25.108 -03:00 [INF] CORS policy execution successful.
2026-08-15 07:43:25.117 -03:00 [INF] Executing endpoint 'GestaoArmazem.API.Controllers.PedidosRecebimentoController.Criar (GestaoArmazem.API)'
2026-08-15 07:43:25.142 -03:00 [INF] Route matched with {action = "Criar", controller = "PedidosRecebimento"}. Executing controller action with signature System.Threading.Tasks.Task`1[Microsoft.AspNetCore.Mvc.ActionResult`1[GestaoArmazem.Application.DTOs.PedidoRecebimentoDto]] Criar(GestaoArmazem.Application.DTOs.CriarPedidoRecebimentoDto) on controller GestaoArmazem.API.Controllers.PedidosRecebimentoController (GestaoArmazem.API).
2026-08-15 07:43:25.334 -03:00 [INF] Executing CreatedAtActionResult, writing value of type 'GestaoArmazem.Application.DTOs.PedidoRecebimentoDto'.
2026-08-15 07:43:25.374 -03:00 [INF] Executed action GestaoArmazem.API.Controllers.PedidosRecebimentoController.Criar (GestaoArmazem.API) in 217.2468ms
2026-08-15 07:43:25.387 -03:00 [INF] Executed endpoint 'GestaoArmazem.API.Controllers.PedidosRecebimentoController.Criar (GestaoArmazem.API)'
2026-08-15 07:43:25.395 -03:00 [INF] HTTP POST /api/pedidos-recebimento responded 201 in 286.3442 ms
2026-08-15 07:43:25.408 -03:00 [INF] Request finished HTTP/2 POST https://localhost:7100/api/pedidos-recebimento - 201 null application/json; charset=utf-8 339.9363ms
2026-08-15 07:43:25.520 -03:00 [INF] Request starting HTTP/2 OPTIONS https://localhost:7100/api/pedidos-recebimento/a5ea9f73-c241-4b11-9959-804fcb690c38 - null null
2026-08-15 07:43:25.536 -03:00 [INF] Request starting HTTP/2 OPTIONS https://localhost:7100/api/localizacoes - null null
2026-08-15 07:43:25.541 -03:00 [INF] Request starting HTTP/2 OPTIONS https://localhost:7100/api/pedidos-recebimento/a5ea9f73-c241-4b11-9959-804fcb690c38 - null null
2026-08-15 07:43:25.530 -03:00 [INF] Request starting HTTP/2 OPTIONS https://localhost:7100/api/fornecedores - null null
2026-08-15 07:43:25.537 -03:00 [INF] Request starting HTTP/2 OPTIONS https://localhost:7100/api/armazens - null null
2026-08-15 07:43:25.541 -03:00 [INF] CORS policy execution successful.
2026-08-15 07:43:25.530 -03:00 [INF] Request starting HTTP/2 OPTIONS https://localhost:7100/api/produtos?pagina=1&tamanhoPagina=20 - null null
2026-08-15 07:43:25.550 -03:00 [INF] Request starting HTTP/2 OPTIONS https://localhost:7100/api/fornecedores - null null
2026-08-15 07:43:25.556 -03:00 [INF] Request starting HTTP/2 OPTIONS https://localhost:7100/api/produtos?pagina=1&tamanhoPagina=20 - null null
2026-08-15 07:43:25.561 -03:00 [INF] CORS policy execution successful.
2026-08-15 07:43:25.574 -03:00 [INF] CORS policy execution successful.
2026-08-15 07:43:25.584 -03:00 [INF] CORS policy execution successful.
2026-08-15 07:43:25.594 -03:00 [INF] CORS policy execution successful.
2026-08-15 07:43:25.597 -03:00 [INF] HTTP OPTIONS /api/pedidos-recebimento/a5ea9f73-c241-4b11-9959-804fcb690c38 responded 204 in 56.2338 ms
2026-08-15 07:43:25.608 -03:00 [INF] CORS policy execution successful.
2026-08-15 07:43:25.619 -03:00 [INF] CORS policy execution successful.
2026-08-15 07:43:25.630 -03:00 [INF] CORS policy execution successful.
2026-08-15 07:43:25.634 -03:00 [INF] HTTP OPTIONS /api/localizacoes responded 204 in 73.0287 ms
2026-08-15 07:43:25.638 -03:00 [INF] HTTP OPTIONS /api/pedidos-recebimento/a5ea9f73-c241-4b11-9959-804fcb690c38 responded 204 in 63.9766 ms
2026-08-15 07:43:25.641 -03:00 [INF] HTTP OPTIONS /api/fornecedores responded 204 in 57.4435 ms
2026-08-15 07:43:25.645 -03:00 [INF] HTTP OPTIONS /api/armazens responded 204 in 50.9560 ms
2026-08-15 07:43:25.654 -03:00 [INF] Request finished HTTP/2 OPTIONS https://localhost:7100/api/pedidos-recebimento/a5ea9f73-c241-4b11-9959-804fcb690c38 - 204 null null 135.5788ms
2026-08-15 07:43:25.658 -03:00 [INF] HTTP OPTIONS /api/produtos responded 204 in 49.3717 ms
2026-08-15 07:43:25.661 -03:00 [INF] HTTP OPTIONS /api/fornecedores responded 204 in 42.3189 ms
2026-08-15 07:43:25.665 -03:00 [INF] HTTP OPTIONS /api/produtos responded 204 in 34.5065 ms
2026-08-15 07:43:25.673 -03:00 [INF] Request finished HTTP/2 OPTIONS https://localhost:7100/api/localizacoes - 204 null null 137.1729ms
2026-08-15 07:43:25.681 -03:00 [INF] Request finished HTTP/2 OPTIONS https://localhost:7100/api/pedidos-recebimento/a5ea9f73-c241-4b11-9959-804fcb690c38 - 204 null null 140.6463ms
2026-08-15 07:43:25.689 -03:00 [INF] Request finished HTTP/2 OPTIONS https://localhost:7100/api/fornecedores - 204 null null 159.2971ms
2026-08-15 07:43:25.749 -03:00 [INF] Request starting HTTP/2 OPTIONS https://localhost:7100/api/armazens - null null
2026-08-15 07:43:25.779 -03:00 [INF] Request starting HTTP/2 GET https://localhost:7100/api/pedidos-recebimento/a5ea9f73-c241-4b11-9959-804fcb690c38 - application/json null
2026-08-15 07:43:25.697 -03:00 [INF] Request finished HTTP/2 OPTIONS https://localhost:7100/api/armazens - 204 null null 161.66ms
2026-08-15 07:43:25.711 -03:00 [INF] Request starting HTTP/2 OPTIONS https://localhost:7100/api/localizacoes - null null
2026-08-15 07:43:25.719 -03:00 [INF] Request finished HTTP/2 OPTIONS https://localhost:7100/api/produtos?pagina=1&tamanhoPagina=20 - 204 null null 188.8515ms
2026-08-15 07:43:25.727 -03:00 [INF] Request finished HTTP/2 OPTIONS https://localhost:7100/api/fornecedores - 204 null null 177.0375ms
2026-08-15 07:43:25.735 -03:00 [INF] Request finished HTTP/2 OPTIONS https://localhost:7100/api/produtos?pagina=1&tamanhoPagina=20 - 204 null null 178.827ms
2026-08-15 07:43:25.787 -03:00 [INF] Request starting HTTP/2 GET https://localhost:7100/api/localizacoes - application/json null
2026-08-15 07:43:25.799 -03:00 [INF] CORS policy execution successful.
2026-08-15 07:43:25.811 -03:00 [INF] CORS policy execution successful.
2026-08-15 07:43:25.823 -03:00 [INF] Request starting HTTP/2 GET https://localhost:7100/api/fornecedores - application/json null
2026-08-15 07:43:25.834 -03:00 [INF] CORS policy execution successful.
2026-08-15 07:43:25.848 -03:00 [INF] Request starting HTTP/2 GET https://localhost:7100/api/armazens - application/json null
2026-08-15 07:43:25.860 -03:00 [INF] Request starting HTTP/2 GET https://localhost:7100/api/produtos?pagina=1&tamanhoPagina=20 - application/json null
2026-08-15 07:43:25.883 -03:00 [INF] CORS policy execution successful.
2026-08-15 07:43:25.886 -03:00 [INF] HTTP OPTIONS /api/armazens responded 204 in 86.8145 ms
2026-08-15 07:43:25.890 -03:00 [INF] Executing endpoint 'GestaoArmazem.API.Controllers.PedidosRecebimentoController.ObterPorId (GestaoArmazem.API)'
2026-08-15 07:43:25.900 -03:00 [INF] CORS policy execution successful.
2026-08-15 07:43:25.903 -03:00 [INF] HTTP OPTIONS /api/localizacoes responded 204 in 68.4596 ms
2026-08-15 07:43:25.911 -03:00 [INF] CORS policy execution successful.
2026-08-15 07:43:25.921 -03:00 [INF] CORS policy execution successful.
2026-08-15 07:43:25.925 -03:00 [INF] Executing endpoint 'GestaoArmazem.API.Controllers.LocalizacoesController.Listar (GestaoArmazem.API)'
2026-08-15 07:43:25.932 -03:00 [INF] Request finished HTTP/2 OPTIONS https://localhost:7100/api/armazens - 204 null null 182.782ms
2026-08-15 07:43:25.940 -03:00 [INF] Executing endpoint 'GestaoArmazem.API.Controllers.FornecedoresController.Listar (GestaoArmazem.API)'
2026-08-15 07:43:25.946 -03:00 [INF] Route matched with {action = "ObterPorId", controller = "PedidosRecebimento"}. Executing controller action with signature System.Threading.Tasks.Task`1[Microsoft.AspNetCore.Mvc.ActionResult`1[GestaoArmazem.Application.DTOs.PedidoRecebimentoDto]] ObterPorId(System.Guid) on controller GestaoArmazem.API.Controllers.PedidosRecebimentoController (GestaoArmazem.API).
2026-08-15 07:43:25.947 -03:00 [INF] Request finished HTTP/2 OPTIONS https://localhost:7100/api/localizacoes - 204 null null 235.3657ms
2026-08-15 07:43:26.001 -03:00 [INF] Executing OkObjectResult, writing value of type 'GestaoArmazem.Application.DTOs.PedidoRecebimentoDto'.
2026-08-15 07:43:25.976 -03:00 [INF] Route matched with {action = "Listar", controller = "Fornecedores"}. Executing controller action with signature System.Threading.Tasks.Task`1[Microsoft.AspNetCore.Mvc.ActionResult`1[System.Collections.Generic.IEnumerable`1[GestaoArmazem.Application.DTOs.FornecedorDto]]] Listar() on controller GestaoArmazem.API.Controllers.FornecedoresController (GestaoArmazem.API).
2026-08-15 07:43:26.010 -03:00 [INF] Request starting HTTP/2 GET https://localhost:7100/api/pedidos-recebimento/a5ea9f73-c241-4b11-9959-804fcb690c38 - application/json null
2026-08-15 07:43:25.958 -03:00 [INF] Route matched with {action = "Listar", controller = "Localizacoes"}. Executing controller action with signature System.Threading.Tasks.Task`1[Microsoft.AspNetCore.Mvc.ActionResult`1[System.Collections.Generic.IEnumerable`1[GestaoArmazem.Application.DTOs.LocalizacaoDto]]] Listar() on controller GestaoArmazem.API.Controllers.LocalizacoesController (GestaoArmazem.API).
2026-08-15 07:43:26.021 -03:00 [INF] Executing OkObjectResult, writing value of type 'System.Linq.Enumerable+SelectListIterator`2[[GestaoArmazem.Domain.Entities.Fornecedor, GestaoArmazem.Domain, Version=1.0.0.0, Culture=neutral, PublicKeyToken=null],[GestaoArmazem.Application.DTOs.FornecedorDto, GestaoArmazem.Application, Version=1.0.0.0, Culture=neutral, PublicKeyToken=null]]'.
2026-08-15 07:43:26.031 -03:00 [INF] CORS policy execution successful.
2026-08-15 07:43:26.047 -03:00 [INF] Executing OkObjectResult, writing value of type 'System.Linq.Enumerable+SelectListIterator`2[[GestaoArmazem.Domain.Entities.Localizacao, GestaoArmazem.Domain, Version=1.0.0.0, Culture=neutral, PublicKeyToken=null],[GestaoArmazem.Application.DTOs.LocalizacaoDto, GestaoArmazem.Application, Version=1.0.0.0, Culture=neutral, PublicKeyToken=null]]'.
2026-08-15 07:43:26.049 -03:00 [INF] Executed action GestaoArmazem.API.Controllers.FornecedoresController.Listar (GestaoArmazem.API) in 33.3377ms
2026-08-15 07:43:26.053 -03:00 [INF] Executing endpoint 'GestaoArmazem.API.Controllers.PedidosRecebimentoController.ObterPorId (GestaoArmazem.API)'
2026-08-15 07:43:26.053 -03:00 [INF] Request starting HTTP/2 GET https://localhost:7100/api/fornecedores - application/json null
2026-08-15 07:43:26.059 -03:00 [INF] Executed action GestaoArmazem.API.Controllers.LocalizacoesController.Listar (GestaoArmazem.API) in 19.4885ms
2026-08-15 07:43:25.951 -03:00 [INF] Executing endpoint 'GestaoArmazem.API.Controllers.ArmazensController.Listar (GestaoArmazem.API)'
2026-08-15 07:43:25.954 -03:00 [INF] Executing endpoint 'GestaoArmazem.API.Controllers.ProdutosController.Listar (GestaoArmazem.API)'
2026-08-15 07:43:26.007 -03:00 [INF] Executed action GestaoArmazem.API.Controllers.PedidosRecebimentoController.ObterPorId (GestaoArmazem.API) in 23.7728ms
2026-08-15 07:43:26.063 -03:00 [INF] Request starting HTTP/2 GET https://localhost:7100/api/localizacoes - application/json null
2026-08-15 07:43:26.065 -03:00 [INF] Executed endpoint 'GestaoArmazem.API.Controllers.FornecedoresController.Listar (GestaoArmazem.API)'
2026-08-15 07:43:26.069 -03:00 [INF] Route matched with {action = "ObterPorId", controller = "PedidosRecebimento"}. Executing controller action with signature System.Threading.Tasks.Task`1[Microsoft.AspNetCore.Mvc.ActionResult`1[GestaoArmazem.Application.DTOs.PedidoRecebimentoDto]] ObterPorId(System.Guid) on controller GestaoArmazem.API.Controllers.PedidosRecebimentoController (GestaoArmazem.API).
2026-08-15 07:43:26.080 -03:00 [INF] CORS policy execution successful.
2026-08-15 07:43:26.084 -03:00 [INF] Executed endpoint 'GestaoArmazem.API.Controllers.LocalizacoesController.Listar (GestaoArmazem.API)'
2026-08-15 07:43:26.089 -03:00 [INF] Route matched with {action = "Listar", controller = "Armazens"}. Executing controller action with signature System.Threading.Tasks.Task`1[Microsoft.AspNetCore.Mvc.ActionResult`1[System.Collections.Generic.IEnumerable`1[GestaoArmazem.Application.DTOs.ArmazemDto]]] Listar() on controller GestaoArmazem.API.Controllers.ArmazensController (GestaoArmazem.API).
2026-08-15 07:43:26.109 -03:00 [INF] CORS policy execution successful.
2026-08-15 07:43:26.124 -03:00 [INF] Executing endpoint 'GestaoArmazem.API.Controllers.FornecedoresController.Listar (GestaoArmazem.API)'
2026-08-15 07:43:26.149 -03:00 [INF] Executing endpoint 'GestaoArmazem.API.Controllers.LocalizacoesController.Listar (GestaoArmazem.API)'
2026-08-15 07:43:26.131 -03:00 [INF] HTTP GET /api/localizacoes responded 200 in 247.9253 ms
2026-08-15 07:43:26.113 -03:00 [INF] HTTP GET /api/fornecedores responded 200 in 213.0127 ms
2026-08-15 07:43:26.151 -03:00 [INF] Executing OkObjectResult, writing value of type 'GestaoArmazem.Application.DTOs.PedidoRecebimentoDto'.
2026-08-15 07:43:26.160 -03:00 [INF] Route matched with {action = "Listar", controller = "Localizacoes"}. Executing controller action with signature System.Threading.Tasks.Task`1[Microsoft.AspNetCore.Mvc.ActionResult`1[System.Collections.Generic.IEnumerable`1[GestaoArmazem.Application.DTOs.LocalizacaoDto]]] Listar() on controller GestaoArmazem.API.Controllers.LocalizacoesController (GestaoArmazem.API).
2026-08-15 07:43:26.155 -03:00 [INF] Route matched with {action = "Listar", controller = "Fornecedores"}. Executing controller action with signature System.Threading.Tasks.Task`1[Microsoft.AspNetCore.Mvc.ActionResult`1[System.Collections.Generic.IEnumerable`1[GestaoArmazem.Application.DTOs.FornecedorDto]]] Listar() on controller GestaoArmazem.API.Controllers.FornecedoresController (GestaoArmazem.API).
2026-08-15 07:43:26.188 -03:00 [INF] Executed action GestaoArmazem.API.Controllers.PedidosRecebimentoController.ObterPorId (GestaoArmazem.API) in 66.8187ms
2026-08-15 07:43:26.204 -03:00 [INF] Executing OkObjectResult, writing value of type 'System.Linq.Enumerable+SelectListIterator`2[[GestaoArmazem.Domain.Entities.Localizacao, GestaoArmazem.Domain, Version=1.0.0.0, Culture=neutral, PublicKeyToken=null],[GestaoArmazem.Application.DTOs.LocalizacaoDto, GestaoArmazem.Application, Version=1.0.0.0, Culture=neutral, PublicKeyToken=null]]'.
2026-08-15 07:43:26.169 -03:00 [INF] Request finished HTTP/2 GET https://localhost:7100/api/localizacoes - 200 null application/json; charset=utf-8 381.4077ms
2026-08-15 07:43:26.182 -03:00 [INF] Request finished HTTP/2 GET https://localhost:7100/api/fornecedores - 200 null application/json; charset=utf-8 359.0536ms
2026-08-15 07:43:26.183 -03:00 [INF] Executing OkObjectResult, writing value of type 'System.Linq.Enumerable+SelectListIterator`2[[GestaoArmazem.Domain.Entities.Armazem, GestaoArmazem.Domain, Version=1.0.0.0, Culture=neutral, PublicKeyToken=null],[GestaoArmazem.Application.DTOs.ArmazemDto, GestaoArmazem.Application, Version=1.0.0.0, Culture=neutral, PublicKeyToken=null]]'.
2026-08-15 07:43:26.093 -03:00 [INF] Route matched with {action = "Listar", controller = "Produtos"}. Executing controller action with signature System.Threading.Tasks.Task`1[Microsoft.AspNetCore.Mvc.ActionResult`1[System.Collections.Generic.IEnumerable`1[GestaoArmazem.Application.DTOs.ProdutoDto]]] Listar(Int32, Int32) on controller GestaoArmazem.API.Controllers.ProdutosController (GestaoArmazem.API).
2026-08-15 07:43:26.218 -03:00 [INF] Executed endpoint 'GestaoArmazem.API.Controllers.PedidosRecebimentoController.ObterPorId (GestaoArmazem.API)'
2026-08-15 07:43:26.224 -03:00 [INF] Executed action GestaoArmazem.API.Controllers.LocalizacoesController.Listar (GestaoArmazem.API) in 29.2124ms
2026-08-15 07:43:26.215 -03:00 [INF] Executing OkObjectResult, writing value of type 'System.Linq.Enumerable+SelectListIterator`2[[GestaoArmazem.Domain.Entities.Fornecedor, GestaoArmazem.Domain, Version=1.0.0.0, Culture=neutral, PublicKeyToken=null],[GestaoArmazem.Application.DTOs.FornecedorDto, GestaoArmazem.Application, Version=1.0.0.0, Culture=neutral, PublicKeyToken=null]]'.
2026-08-15 07:43:26.268 -03:00 [INF] HTTP GET /api/pedidos-recebimento/a5ea9f73-c241-4b11-9959-804fcb690c38 responded 200 in 236.6636 ms
2026-08-15 07:43:26.274 -03:00 [INF] Executed endpoint 'GestaoArmazem.API.Controllers.LocalizacoesController.Listar (GestaoArmazem.API)'
2026-08-15 07:43:26.258 -03:00 [INF] Request starting HTTP/2 GET https://localhost:7100/api/armazens - application/json null
2026-08-15 07:43:26.282 -03:00 [INF] Executing OkObjectResult, writing value of type 'System.Linq.Enumerable+SelectListIterator`2[[GestaoArmazem.Domain.Entities.Produto, GestaoArmazem.Domain, Version=1.0.0.0, Culture=neutral, PublicKeyToken=null],[GestaoArmazem.Application.DTOs.ProdutoDto, GestaoArmazem.Application, Version=1.0.0.0, Culture=neutral, PublicKeyToken=null]]'.
2026-08-15 07:43:26.255 -03:00 [INF] Executed action GestaoArmazem.API.Controllers.ArmazensController.Listar (GestaoArmazem.API) in 113.2687ms
2026-08-15 07:43:26.291 -03:00 [INF] Request finished HTTP/2 GET https://localhost:7100/api/pedidos-recebimento/a5ea9f73-c241-4b11-9959-804fcb690c38 - 200 null application/json; charset=utf-8 281.3137ms
2026-08-15 07:43:26.295 -03:00 [INF] HTTP GET /api/localizacoes responded 200 in 186.4522 ms
2026-08-15 07:43:26.283 -03:00 [INF] Executed action GestaoArmazem.API.Controllers.FornecedoresController.Listar (GestaoArmazem.API) in 75.764ms
2026-08-15 07:43:26.306 -03:00 [INF] CORS policy execution successful.
2026-08-15 07:43:26.312 -03:00 [INF] Executed action GestaoArmazem.API.Controllers.ProdutosController.Listar (GestaoArmazem.API) in 48.5068ms
2026-08-15 07:43:26.099 -03:00 [INF] Executed endpoint 'GestaoArmazem.API.Controllers.PedidosRecebimentoController.ObterPorId (GestaoArmazem.API)'
2026-08-15 07:43:26.317 -03:00 [INF] Request starting HTTP/2 GET https://localhost:7100/api/produtos?pagina=1&tamanhoPagina=20 - application/json null
2026-08-15 07:43:26.318 -03:00 [INF] Executed endpoint 'GestaoArmazem.API.Controllers.ArmazensController.Listar (GestaoArmazem.API)'
2026-08-15 07:43:26.341 -03:00 [INF] Request finished HTTP/2 GET https://localhost:7100/api/localizacoes - 200 null application/json; charset=utf-8 277.9681ms
2026-08-15 07:43:26.346 -03:00 [INF] Executed endpoint 'GestaoArmazem.API.Controllers.FornecedoresController.Listar (GestaoArmazem.API)'
2026-08-15 07:43:26.350 -03:00 [INF] Executing endpoint 'GestaoArmazem.API.Controllers.ArmazensController.Listar (GestaoArmazem.API)'
2026-08-15 07:43:26.354 -03:00 [INF] Executed endpoint 'GestaoArmazem.API.Controllers.ProdutosController.Listar (GestaoArmazem.API)'
2026-08-15 07:43:26.358 -03:00 [INF] HTTP GET /api/pedidos-recebimento/a5ea9f73-c241-4b11-9959-804fcb690c38 responded 200 in 547.0905 ms
2026-08-15 07:43:26.368 -03:00 [INF] CORS policy execution successful.
2026-08-15 07:43:26.372 -03:00 [INF] HTTP GET /api/armazens responded 200 in 461.3708 ms
2026-08-15 07:43:26.387 -03:00 [INF] HTTP GET /api/fornecedores responded 200 in 307.6261 ms
2026-08-15 07:43:26.391 -03:00 [INF] Route matched with {action = "Listar", controller = "Armazens"}. Executing controller action with signature System.Threading.Tasks.Task`1[Microsoft.AspNetCore.Mvc.ActionResult`1[System.Collections.Generic.IEnumerable`1[GestaoArmazem.Application.DTOs.ArmazemDto]]] Listar() on controller GestaoArmazem.API.Controllers.ArmazensController (GestaoArmazem.API).
2026-08-15 07:43:26.394 -03:00 [INF] HTTP GET /api/produtos responded 200 in 472.9790 ms
2026-08-15 07:43:26.432 -03:00 [INF] Executing OkObjectResult, writing value of type 'System.Linq.Enumerable+SelectListIterator`2[[GestaoArmazem.Domain.Entities.Armazem, GestaoArmazem.Domain, Version=1.0.0.0, Culture=neutral, PublicKeyToken=null],[GestaoArmazem.Application.DTOs.ArmazemDto, GestaoArmazem.Application, Version=1.0.0.0, Culture=neutral, PublicKeyToken=null]]'.
2026-08-15 07:43:26.420 -03:00 [INF] Request finished HTTP/2 GET https://localhost:7100/api/fornecedores - 200 null application/json; charset=utf-8 368.0902ms
2026-08-15 07:43:26.412 -03:00 [INF] Request finished HTTP/2 GET https://localhost:7100/api/armazens - 200 null application/json; charset=utf-8 565.0505ms
2026-08-15 07:43:26.405 -03:00 [INF] Executing endpoint 'GestaoArmazem.API.Controllers.ProdutosController.Listar (GestaoArmazem.API)'
2026-08-15 07:43:26.402 -03:00 [INF] Request finished HTTP/2 GET https://localhost:7100/api/pedidos-recebimento/a5ea9f73-c241-4b11-9959-804fcb690c38 - 200 null application/json; charset=utf-8 622.2678ms
2026-08-15 07:43:26.438 -03:00 [INF] Request finished HTTP/2 GET https://localhost:7100/api/produtos?pagina=1&tamanhoPagina=20 - 200 null application/json; charset=utf-8 577.6965ms
2026-08-15 07:43:26.443 -03:00 [INF] Executed action GestaoArmazem.API.Controllers.ArmazensController.Listar (GestaoArmazem.API) in 15.4554ms
2026-08-15 07:43:26.476 -03:00 [INF] Route matched with {action = "Listar", controller = "Produtos"}. Executing controller action with signature System.Threading.Tasks.Task`1[Microsoft.AspNetCore.Mvc.ActionResult`1[System.Collections.Generic.IEnumerable`1[GestaoArmazem.Application.DTOs.ProdutoDto]]] Listar(Int32, Int32) on controller GestaoArmazem.API.Controllers.ProdutosController (GestaoArmazem.API).
2026-08-15 07:43:26.509 -03:00 [INF] Executed endpoint 'GestaoArmazem.API.Controllers.ArmazensController.Listar (GestaoArmazem.API)'
2026-08-15 07:43:26.521 -03:00 [INF] Executing OkObjectResult, writing value of type 'System.Linq.Enumerable+SelectListIterator`2[[GestaoArmazem.Domain.Entities.Produto, GestaoArmazem.Domain, Version=1.0.0.0, Culture=neutral, PublicKeyToken=null],[GestaoArmazem.Application.DTOs.ProdutoDto, GestaoArmazem.Application, Version=1.0.0.0, Culture=neutral, PublicKeyToken=null]]'.
2026-08-15 07:43:26.525 -03:00 [INF] HTTP GET /api/armazens responded 200 in 219.1089 ms
2026-08-15 07:43:26.532 -03:00 [INF] Executed action GestaoArmazem.API.Controllers.ProdutosController.Listar (GestaoArmazem.API) in 15.4667ms
2026-08-15 07:43:26.538 -03:00 [INF] Request finished HTTP/2 GET https://localhost:7100/api/armazens - 200 null application/json; charset=utf-8 281.2318ms
2026-08-15 07:43:26.544 -03:00 [INF] Executed endpoint 'GestaoArmazem.API.Controllers.ProdutosController.Listar (GestaoArmazem.API)'
2026-08-15 07:43:26.563 -03:00 [INF] HTTP GET /api/produtos responded 200 in 194.8492 ms
2026-08-15 07:43:26.571 -03:00 [INF] Request finished HTTP/2 GET https://localhost:7100/api/produtos?pagina=1&tamanhoPagina=20 - 200 null application/json; charset=utf-8 254.3087ms
2026-08-15 07:43:41.408 -03:00 [INF] Request starting HTTP/2 OPTIONS https://localhost:7100/api/pedidos-recebimento/a5ea9f73-c241-4b11-9959-804fcb690c38/itens/f97b748d-512c-48cd-80c4-b79a7fdb2e13/confirmar-recebimento - null null
2026-08-15 07:43:41.429 -03:00 [INF] CORS policy execution successful.
2026-08-15 07:43:41.434 -03:00 [INF] HTTP OPTIONS /api/pedidos-recebimento/a5ea9f73-c241-4b11-9959-804fcb690c38/itens/f97b748d-512c-48cd-80c4-b79a7fdb2e13/confirmar-recebimento responded 204 in 4.4678 ms
2026-08-15 07:43:41.444 -03:00 [INF] Request finished HTTP/2 OPTIONS https://localhost:7100/api/pedidos-recebimento/a5ea9f73-c241-4b11-9959-804fcb690c38/itens/f97b748d-512c-48cd-80c4-b79a7fdb2e13/confirmar-recebimento - 204 null null 36.4452ms
2026-08-15 07:43:41.450 -03:00 [INF] Request starting HTTP/2 POST https://localhost:7100/api/pedidos-recebimento/a5ea9f73-c241-4b11-9959-804fcb690c38/itens/f97b748d-512c-48cd-80c4-b79a7fdb2e13/confirmar-recebimento - application/json 131
2026-08-15 07:43:41.478 -03:00 [INF] CORS policy execution successful.
2026-08-15 07:43:41.482 -03:00 [INF] Executing endpoint 'GestaoArmazem.API.Controllers.PedidosRecebimentoController.ConfirmarRecebimentoItem (GestaoArmazem.API)'
2026-08-15 07:43:41.506 -03:00 [INF] Route matched with {action = "ConfirmarRecebimentoItem", controller = "PedidosRecebimento"}. Executing controller action with signature System.Threading.Tasks.Task`1[Microsoft.AspNetCore.Mvc.IActionResult] ConfirmarRecebimentoItem(System.Guid, System.Guid, GestaoArmazem.Application.DTOs.ConfirmarRecebimentoItemDto) on controller GestaoArmazem.API.Controllers.PedidosRecebimentoController (GestaoArmazem.API).
2026-08-15 07:43:41.869 -03:00 [INF] Executing StatusCodeResult, setting HTTP status code 204
2026-08-15 07:43:41.875 -03:00 [INF] Executed action GestaoArmazem.API.Controllers.PedidosRecebimentoController.ConfirmarRecebimentoItem (GestaoArmazem.API) in 355.2494ms
2026-08-15 07:43:41.882 -03:00 [INF] Executed endpoint 'GestaoArmazem.API.Controllers.PedidosRecebimentoController.ConfirmarRecebimentoItem (GestaoArmazem.API)'
2026-08-15 07:43:41.888 -03:00 [INF] HTTP POST /api/pedidos-recebimento/a5ea9f73-c241-4b11-9959-804fcb690c38/itens/f97b748d-512c-48cd-80c4-b79a7fdb2e13/confirmar-recebimento responded 204 in 410.4186 ms
2026-08-15 07:43:41.898 -03:00 [INF] Request finished HTTP/2 POST https://localhost:7100/api/pedidos-recebimento/a5ea9f73-c241-4b11-9959-804fcb690c38/itens/f97b748d-512c-48cd-80c4-b79a7fdb2e13/confirmar-recebimento - 204 null null 449.1864ms
2026-08-15 07:43:41.911 -03:00 [INF] Request starting HTTP/2 OPTIONS https://localhost:7100/api/pedidos-recebimento/a5ea9f73-c241-4b11-9959-804fcb690c38 - null null
2026-08-15 07:43:41.964 -03:00 [INF] CORS policy execution successful.
2026-08-15 07:43:41.969 -03:00 [INF] HTTP OPTIONS /api/pedidos-recebimento/a5ea9f73-c241-4b11-9959-804fcb690c38 responded 204 in 4.6582 ms
2026-08-15 07:43:41.981 -03:00 [INF] Request finished HTTP/2 OPTIONS https://localhost:7100/api/pedidos-recebimento/a5ea9f73-c241-4b11-9959-804fcb690c38 - 204 null null 71.0865ms
2026-08-15 07:43:41.992 -03:00 [INF] Request starting HTTP/2 GET https://localhost:7100/api/pedidos-recebimento/a5ea9f73-c241-4b11-9959-804fcb690c38 - application/json null
2026-08-15 07:43:42.033 -03:00 [INF] CORS policy execution successful.
2026-08-15 07:43:42.037 -03:00 [INF] Executing endpoint 'GestaoArmazem.API.Controllers.PedidosRecebimentoController.ObterPorId (GestaoArmazem.API)'
2026-08-15 07:43:42.049 -03:00 [INF] Route matched with {action = "ObterPorId", controller = "PedidosRecebimento"}. Executing controller action with signature System.Threading.Tasks.Task`1[Microsoft.AspNetCore.Mvc.ActionResult`1[GestaoArmazem.Application.DTOs.PedidoRecebimentoDto]] ObterPorId(System.Guid) on controller GestaoArmazem.API.Controllers.PedidosRecebimentoController (GestaoArmazem.API).
2026-08-15 07:43:42.068 -03:00 [INF] Executing OkObjectResult, writing value of type 'GestaoArmazem.Application.DTOs.PedidoRecebimentoDto'.
2026-08-15 07:43:42.073 -03:00 [INF] Executed action GestaoArmazem.API.Controllers.PedidosRecebimentoController.ObterPorId (GestaoArmazem.API) in 16.8363ms
2026-08-15 07:43:42.080 -03:00 [INF] Executed endpoint 'GestaoArmazem.API.Controllers.PedidosRecebimentoController.ObterPorId (GestaoArmazem.API)'
2026-08-15 07:43:42.084 -03:00 [INF] HTTP GET /api/pedidos-recebimento/a5ea9f73-c241-4b11-9959-804fcb690c38 responded 200 in 51.1622 ms
2026-08-15 07:43:42.092 -03:00 [INF] Request finished HTTP/2 GET https://localhost:7100/api/pedidos-recebimento/a5ea9f73-c241-4b11-9959-804fcb690c38 - 200 null application/json; charset=utf-8 100.3159ms
2026-08-15 07:44:01.103 -03:00 [INF] Request starting HTTP/2 OPTIONS https://localhost:7100/api/pedidos-recebimento/a5ea9f73-c241-4b11-9959-804fcb690c38/itens/f97b748d-512c-48cd-80c4-b79a7fdb2e13/confirmar-recebimento - null null
2026-08-15 07:44:01.120 -03:00 [INF] CORS policy execution successful.
2026-08-15 07:44:01.125 -03:00 [INF] HTTP OPTIONS /api/pedidos-recebimento/a5ea9f73-c241-4b11-9959-804fcb690c38/itens/f97b748d-512c-48cd-80c4-b79a7fdb2e13/confirmar-recebimento responded 204 in 5.1505 ms
2026-08-15 07:44:01.134 -03:00 [INF] Request finished HTTP/2 OPTIONS https://localhost:7100/api/pedidos-recebimento/a5ea9f73-c241-4b11-9959-804fcb690c38/itens/f97b748d-512c-48cd-80c4-b79a7fdb2e13/confirmar-recebimento - 204 null null 31.5516ms
2026-08-15 07:44:01.144 -03:00 [INF] Request starting HTTP/2 POST https://localhost:7100/api/pedidos-recebimento/a5ea9f73-c241-4b11-9959-804fcb690c38/itens/f97b748d-512c-48cd-80c4-b79a7fdb2e13/confirmar-recebimento - application/json 130
2026-08-15 07:44:01.181 -03:00 [INF] CORS policy execution successful.
2026-08-15 07:44:01.187 -03:00 [INF] Executing endpoint 'GestaoArmazem.API.Controllers.PedidosRecebimentoController.ConfirmarRecebimentoItem (GestaoArmazem.API)'
2026-08-15 07:44:01.193 -03:00 [INF] Route matched with {action = "ConfirmarRecebimentoItem", controller = "PedidosRecebimento"}. Executing controller action with signature System.Threading.Tasks.Task`1[Microsoft.AspNetCore.Mvc.IActionResult] ConfirmarRecebimentoItem(System.Guid, System.Guid, GestaoArmazem.Application.DTOs.ConfirmarRecebimentoItemDto) on controller GestaoArmazem.API.Controllers.PedidosRecebimentoController (GestaoArmazem.API).
2026-08-15 07:44:01.299 -03:00 [INF] Executing StatusCodeResult, setting HTTP status code 204
2026-08-15 07:44:01.306 -03:00 [INF] Executed action GestaoArmazem.API.Controllers.PedidosRecebimentoController.ConfirmarRecebimentoItem (GestaoArmazem.API) in 100.4174ms
2026-08-15 07:44:01.314 -03:00 [INF] Executed endpoint 'GestaoArmazem.API.Controllers.PedidosRecebimentoController.ConfirmarRecebimentoItem (GestaoArmazem.API)'
2026-08-15 07:44:01.320 -03:00 [INF] HTTP POST /api/pedidos-recebimento/a5ea9f73-c241-4b11-9959-804fcb690c38/itens/f97b748d-512c-48cd-80c4-b79a7fdb2e13/confirmar-recebimento responded 204 in 139.0651 ms
2026-08-15 07:44:01.331 -03:00 [INF] Request finished HTTP/2 POST https://localhost:7100/api/pedidos-recebimento/a5ea9f73-c241-4b11-9959-804fcb690c38/itens/f97b748d-512c-48cd-80c4-b79a7fdb2e13/confirmar-recebimento - 204 null null 187.7993ms
2026-08-15 07:44:01.347 -03:00 [INF] Request starting HTTP/2 OPTIONS https://localhost:7100/api/pedidos-recebimento/a5ea9f73-c241-4b11-9959-804fcb690c38 - null null
2026-08-15 07:44:01.371 -03:00 [INF] CORS policy execution successful.
2026-08-15 07:44:01.378 -03:00 [INF] HTTP OPTIONS /api/pedidos-recebimento/a5ea9f73-c241-4b11-9959-804fcb690c38 responded 204 in 7.2988 ms
2026-08-15 07:44:01.389 -03:00 [INF] Request finished HTTP/2 OPTIONS https://localhost:7100/api/pedidos-recebimento/a5ea9f73-c241-4b11-9959-804fcb690c38 - 204 null null 44.1316ms
2026-08-15 07:44:01.397 -03:00 [INF] Request starting HTTP/2 GET https://localhost:7100/api/pedidos-recebimento/a5ea9f73-c241-4b11-9959-804fcb690c38 - application/json null
2026-08-15 07:44:01.422 -03:00 [INF] CORS policy execution successful.
2026-08-15 07:44:01.427 -03:00 [INF] Executing endpoint 'GestaoArmazem.API.Controllers.PedidosRecebimentoController.ObterPorId (GestaoArmazem.API)'
2026-08-15 07:44:01.433 -03:00 [INF] Route matched with {action = "ObterPorId", controller = "PedidosRecebimento"}. Executing controller action with signature System.Threading.Tasks.Task`1[Microsoft.AspNetCore.Mvc.ActionResult`1[GestaoArmazem.Application.DTOs.PedidoRecebimentoDto]] ObterPorId(System.Guid) on controller GestaoArmazem.API.Controllers.PedidosRecebimentoController (GestaoArmazem.API).
2026-08-15 07:44:01.457 -03:00 [INF] Executing OkObjectResult, writing value of type 'GestaoArmazem.Application.DTOs.PedidoRecebimentoDto'.
2026-08-15 07:44:01.467 -03:00 [INF] Executed action GestaoArmazem.API.Controllers.PedidosRecebimentoController.ObterPorId (GestaoArmazem.API) in 22.225ms
2026-08-15 07:44:01.478 -03:00 [INF] Executed endpoint 'GestaoArmazem.API.Controllers.PedidosRecebimentoController.ObterPorId (GestaoArmazem.API)'
2026-08-15 07:44:01.484 -03:00 [INF] HTTP GET /api/pedidos-recebimento/a5ea9f73-c241-4b11-9959-804fcb690c38 responded 200 in 62.6421 ms
2026-08-15 07:44:01.497 -03:00 [INF] Request finished HTTP/2 GET https://localhost:7100/api/pedidos-recebimento/a5ea9f73-c241-4b11-9959-804fcb690c38 - 200 null application/json; charset=utf-8 101.785ms
2026-08-15 07:44:04.704 -03:00 [INF] Request starting HTTP/2 OPTIONS https://localhost:7100/api/pedidos-recebimento?pagina=1&tamanhoPagina=21 - null null
2026-08-15 07:44:04.713 -03:00 [INF] Request starting HTTP/2 OPTIONS https://localhost:7100/api/fornecedores - null null
2026-08-15 07:44:04.714 -03:00 [INF] Request starting HTTP/2 OPTIONS https://localhost:7100/api/pedidos-recebimento?pagina=1&tamanhoPagina=21 - null null
2026-08-15 07:44:04.714 -03:00 [INF] Request starting HTTP/2 OPTIONS https://localhost:7100/api/fornecedores - null null
2026-08-15 07:44:04.724 -03:00 [INF] CORS policy execution successful.
2026-08-15 07:44:04.746 -03:00 [INF] CORS policy execution successful.
2026-08-15 07:44:04.763 -03:00 [INF] CORS policy execution successful.
2026-08-15 07:44:04.777 -03:00 [INF] CORS policy execution successful.
2026-08-15 07:44:04.780 -03:00 [INF] HTTP OPTIONS /api/pedidos-recebimento responded 204 in 56.1790 ms
2026-08-15 07:44:04.783 -03:00 [INF] HTTP OPTIONS /api/fornecedores responded 204 in 36.9781 ms
2026-08-15 07:44:04.786 -03:00 [INF] HTTP OPTIONS /api/pedidos-recebimento responded 204 in 23.4690 ms
2026-08-15 07:44:04.789 -03:00 [INF] HTTP OPTIONS /api/fornecedores responded 204 in 12.7885 ms
2026-08-15 07:44:04.795 -03:00 [INF] Request finished HTTP/2 OPTIONS https://localhost:7100/api/pedidos-recebimento?pagina=1&tamanhoPagina=21 - 204 null null 91.5447ms
2026-08-15 07:44:04.805 -03:00 [INF] Request finished HTTP/2 OPTIONS https://localhost:7100/api/fornecedores - 204 null null 92.3037ms
2026-08-15 07:44:04.813 -03:00 [INF] Request finished HTTP/2 OPTIONS https://localhost:7100/api/pedidos-recebimento?pagina=1&tamanhoPagina=21 - 204 null null 99.0367ms
2026-08-15 07:44:04.821 -03:00 [INF] Request finished HTTP/2 OPTIONS https://localhost:7100/api/fornecedores - 204 null null 107.2628ms
2026-08-15 07:44:04.926 -03:00 [INF] Request starting HTTP/2 GET https://localhost:7100/api/pedidos-recebimento?pagina=1&tamanhoPagina=21 - application/json null
2026-08-15 07:44:04.926 -03:00 [INF] Request starting HTTP/2 GET https://localhost:7100/api/fornecedores - application/json null
2026-08-15 07:44:04.941 -03:00 [INF] CORS policy execution successful.
2026-08-15 07:44:04.952 -03:00 [INF] CORS policy execution successful.
2026-08-15 07:44:04.957 -03:00 [INF] Executing endpoint 'GestaoArmazem.API.Controllers.PedidosRecebimentoController.Listar (GestaoArmazem.API)'
2026-08-15 07:44:04.960 -03:00 [INF] Executing endpoint 'GestaoArmazem.API.Controllers.FornecedoresController.Listar (GestaoArmazem.API)'
2026-08-15 07:44:04.964 -03:00 [INF] Route matched with {action = "Listar", controller = "PedidosRecebimento"}. Executing controller action with signature System.Threading.Tasks.Task`1[Microsoft.AspNetCore.Mvc.ActionResult`1[System.Collections.Generic.IEnumerable`1[GestaoArmazem.Application.DTOs.PedidoRecebimentoDto]]] Listar(Int32, Int32) on controller GestaoArmazem.API.Controllers.PedidosRecebimentoController (GestaoArmazem.API).
2026-08-15 07:44:04.968 -03:00 [INF] Route matched with {action = "Listar", controller = "Fornecedores"}. Executing controller action with signature System.Threading.Tasks.Task`1[Microsoft.AspNetCore.Mvc.ActionResult`1[System.Collections.Generic.IEnumerable`1[GestaoArmazem.Application.DTOs.FornecedorDto]]] Listar() on controller GestaoArmazem.API.Controllers.FornecedoresController (GestaoArmazem.API).
2026-08-15 07:44:04.990 -03:00 [INF] Executing OkObjectResult, writing value of type 'System.Collections.Generic.List`1[[GestaoArmazem.Application.DTOs.PedidoRecebimentoDto, GestaoArmazem.Application, Version=1.0.0.0, Culture=neutral, PublicKeyToken=null]]'.
2026-08-15 07:44:04.999 -03:00 [INF] Executing OkObjectResult, writing value of type 'System.Linq.Enumerable+SelectListIterator`2[[GestaoArmazem.Domain.Entities.Fornecedor, GestaoArmazem.Domain, Version=1.0.0.0, Culture=neutral, PublicKeyToken=null],[GestaoArmazem.Application.DTOs.FornecedorDto, GestaoArmazem.Application, Version=1.0.0.0, Culture=neutral, PublicKeyToken=null]]'.
2026-08-15 07:44:05.001 -03:00 [INF] Executed action GestaoArmazem.API.Controllers.PedidosRecebimentoController.Listar (GestaoArmazem.API) in 24.958ms
2026-08-15 07:44:05.005 -03:00 [INF] Request starting HTTP/2 GET https://localhost:7100/api/pedidos-recebimento?pagina=1&tamanhoPagina=21 - application/json null
2026-08-15 07:44:05.010 -03:00 [INF] Executed action GestaoArmazem.API.Controllers.FornecedoresController.Listar (GestaoArmazem.API) in 19.1757ms
2026-08-15 07:44:05.015 -03:00 [INF] Request starting HTTP/2 GET https://localhost:7100/api/fornecedores - application/json null
2026-08-15 07:44:05.017 -03:00 [INF] Executed endpoint 'GestaoArmazem.API.Controllers.PedidosRecebimentoController.Listar (GestaoArmazem.API)'
2026-08-15 07:44:05.028 -03:00 [INF] CORS policy execution successful.
2026-08-15 07:44:05.033 -03:00 [INF] Executed endpoint 'GestaoArmazem.API.Controllers.FornecedoresController.Listar (GestaoArmazem.API)'
2026-08-15 07:44:05.043 -03:00 [INF] CORS policy execution successful.
2026-08-15 07:44:05.047 -03:00 [INF] HTTP GET /api/pedidos-recebimento responded 200 in 105.6094 ms
2026-08-15 07:44:05.050 -03:00 [INF] Executing endpoint 'GestaoArmazem.API.Controllers.PedidosRecebimentoController.Listar (GestaoArmazem.API)'
2026-08-15 07:44:05.055 -03:00 [INF] HTTP GET /api/fornecedores responded 200 in 103.1798 ms
2026-08-15 07:44:05.059 -03:00 [INF] Executing endpoint 'GestaoArmazem.API.Controllers.FornecedoresController.Listar (GestaoArmazem.API)'
2026-08-15 07:44:05.065 -03:00 [INF] Request finished HTTP/2 GET https://localhost:7100/api/pedidos-recebimento?pagina=1&tamanhoPagina=21 - 200 null application/json; charset=utf-8 140.6529ms
2026-08-15 07:44:05.070 -03:00 [INF] Route matched with {action = "Listar", controller = "PedidosRecebimento"}. Executing controller action with signature System.Threading.Tasks.Task`1[Microsoft.AspNetCore.Mvc.ActionResult`1[System.Collections.Generic.IEnumerable`1[GestaoArmazem.Application.DTOs.PedidoRecebimentoDto]]] Listar(Int32, Int32) on controller GestaoArmazem.API.Controllers.PedidosRecebimentoController (GestaoArmazem.API).
2026-08-15 07:44:05.077 -03:00 [INF] Request finished HTTP/2 GET https://localhost:7100/api/fornecedores - 200 null application/json; charset=utf-8 152.142ms
2026-08-15 07:44:05.081 -03:00 [INF] Route matched with {action = "Listar", controller = "Fornecedores"}. Executing controller action with signature System.Threading.Tasks.Task`1[Microsoft.AspNetCore.Mvc.ActionResult`1[System.Collections.Generic.IEnumerable`1[GestaoArmazem.Application.DTOs.FornecedorDto]]] Listar() on controller GestaoArmazem.API.Controllers.FornecedoresController (GestaoArmazem.API).
2026-08-15 07:44:05.120 -03:00 [INF] Executing OkObjectResult, writing value of type 'System.Collections.Generic.List`1[[GestaoArmazem.Application.DTOs.PedidoRecebimentoDto, GestaoArmazem.Application, Version=1.0.0.0, Culture=neutral, PublicKeyToken=null]]'.
2026-08-15 07:44:05.140 -03:00 [INF] Executing OkObjectResult, writing value of type 'System.Linq.Enumerable+SelectListIterator`2[[GestaoArmazem.Domain.Entities.Fornecedor, GestaoArmazem.Domain, Version=1.0.0.0, Culture=neutral, PublicKeyToken=null],[GestaoArmazem.Application.DTOs.FornecedorDto, GestaoArmazem.Application, Version=1.0.0.0, Culture=neutral, PublicKeyToken=null]]'.
2026-08-15 07:44:05.146 -03:00 [INF] Executed action GestaoArmazem.API.Controllers.PedidosRecebimentoController.Listar (GestaoArmazem.API) in 40.1093ms
2026-08-15 07:44:05.151 -03:00 [INF] Executed action GestaoArmazem.API.Controllers.FornecedoresController.Listar (GestaoArmazem.API) in 15.7395ms
2026-08-15 07:44:05.157 -03:00 [INF] Executed endpoint 'GestaoArmazem.API.Controllers.PedidosRecebimentoController.Listar (GestaoArmazem.API)'
2026-08-15 07:44:05.162 -03:00 [INF] Executed endpoint 'GestaoArmazem.API.Controllers.FornecedoresController.Listar (GestaoArmazem.API)'
2026-08-15 07:44:05.168 -03:00 [INF] HTTP GET /api/pedidos-recebimento responded 200 in 139.4725 ms
2026-08-15 07:44:05.172 -03:00 [INF] HTTP GET /api/fornecedores responded 200 in 129.0703 ms
2026-08-15 07:44:05.180 -03:00 [INF] Request finished HTTP/2 GET https://localhost:7100/api/pedidos-recebimento?pagina=1&tamanhoPagina=21 - 200 null application/json; charset=utf-8 175.4364ms
2026-08-15 07:44:05.188 -03:00 [INF] Request finished HTTP/2 GET https://localhost:7100/api/fornecedores - 200 null application/json; charset=utf-8 174.1125ms
2026-08-15 07:44:09.472 -03:00 [INF] Request starting HTTP/2 OPTIONS https://localhost:7100/api/pedidos-recebimento/a5ea9f73-c241-4b11-9959-804fcb690c38 - null null
2026-08-15 07:44:09.492 -03:00 [INF] Request starting HTTP/2 OPTIONS https://localhost:7100/api/armazens - null null
2026-08-15 07:44:09.512 -03:00 [INF] CORS policy execution successful.
2026-08-15 07:44:09.537 -03:00 [INF] CORS policy execution successful.
2026-08-15 07:44:09.492 -03:00 [INF] Request starting HTTP/2 OPTIONS https://localhost:7100/api/produtos?pagina=1&tamanhoPagina=20 - null null
2026-08-15 07:44:09.494 -03:00 [INF] Request starting HTTP/2 OPTIONS https://localhost:7100/api/pedidos-recebimento/a5ea9f73-c241-4b11-9959-804fcb690c38 - null null
2026-08-15 07:44:09.552 -03:00 [INF] HTTP OPTIONS /api/pedidos-recebimento/a5ea9f73-c241-4b11-9959-804fcb690c38 responded 204 in 39.5982 ms
2026-08-15 07:44:09.568 -03:00 [INF] Request starting HTTP/2 OPTIONS https://localhost:7100/api/localizacoes - null null
2026-08-15 07:44:09.555 -03:00 [INF] HTTP OPTIONS /api/armazens responded 204 in 18.7242 ms
2026-08-15 07:44:09.565 -03:00 [INF] CORS policy execution successful.
2026-08-15 07:44:09.590 -03:00 [INF] Request finished HTTP/2 OPTIONS https://localhost:7100/api/pedidos-recebimento/a5ea9f73-c241-4b11-9959-804fcb690c38 - 204 null null 118.7246ms
2026-08-15 07:44:09.598 -03:00 [INF] CORS policy execution successful.
2026-08-15 07:44:09.605 -03:00 [INF] Request finished HTTP/2 OPTIONS https://localhost:7100/api/armazens - 204 null null 112.9548ms
2026-08-15 07:44:09.634 -03:00 [INF] HTTP OPTIONS /api/localizacoes responded 204 in 36.1167 ms
2026-08-15 07:44:09.609 -03:00 [INF] HTTP OPTIONS /api/produtos responded 204 in 43.5330 ms
2026-08-15 07:44:09.661 -03:00 [INF] Request finished HTTP/2 OPTIONS https://localhost:7100/api/localizacoes - 204 null null 93.4131ms
2026-08-15 07:44:09.583 -03:00 [INF] CORS policy execution successful.
2026-08-15 07:44:09.491 -03:00 [INF] Request starting HTTP/2 OPTIONS https://localhost:7100/api/localizacoes - null null
2026-08-15 07:44:09.701 -03:00 [INF] Request starting HTTP/2 GET https://localhost:7100/api/produtos?pagina=1&tamanhoPagina=20 - application/json null
2026-08-15 07:44:09.672 -03:00 [INF] Request finished HTTP/2 OPTIONS https://localhost:7100/api/produtos?pagina=1&tamanhoPagina=20 - 204 null null 181.8914ms
2026-08-15 07:44:09.691 -03:00 [INF] HTTP OPTIONS /api/pedidos-recebimento/a5ea9f73-c241-4b11-9959-804fcb690c38 responded 204 in 108.3043 ms
2026-08-15 07:44:09.569 -03:00 [INF] Request starting HTTP/2 OPTIONS https://localhost:7100/api/armazens - null null
2026-08-15 07:44:09.489 -03:00 [INF] Request starting HTTP/2 GET https://localhost:7100/api/fornecedores - application/json null
2026-08-15 07:44:09.568 -03:00 [INF] Request starting HTTP/2 OPTIONS https://localhost:7100/api/produtos?pagina=1&tamanhoPagina=20 - null null
2026-08-15 07:44:09.641 -03:00 [INF] Request starting HTTP/2 GET https://localhost:7100/api/pedidos-recebimento/a5ea9f73-c241-4b11-9959-804fcb690c38 - application/json null
2026-08-15 07:44:09.626 -03:00 [INF] Request starting HTTP/2 GET https://localhost:7100/api/armazens - application/json null
2026-08-15 07:44:09.668 -03:00 [INF] Request starting HTTP/2 GET https://localhost:7100/api/localizacoes - application/json null
2026-08-15 07:44:09.710 -03:00 [INF] CORS policy execution successful.
2026-08-15 07:44:09.720 -03:00 [INF] CORS policy execution successful.
2026-08-15 07:44:09.743 -03:00 [INF] Request finished HTTP/2 OPTIONS https://localhost:7100/api/pedidos-recebimento/a5ea9f73-c241-4b11-9959-804fcb690c38 - 204 null null 250.518ms
2026-08-15 07:44:09.756 -03:00 [INF] CORS policy execution successful.
2026-08-15 07:44:09.768 -03:00 [INF] CORS policy execution successful.
2026-08-15 07:44:09.779 -03:00 [INF] CORS policy execution successful.
2026-08-15 07:44:09.792 -03:00 [INF] CORS policy execution successful.
2026-08-15 07:44:09.803 -03:00 [INF] CORS policy execution successful.
2026-08-15 07:44:09.815 -03:00 [INF] CORS policy execution successful.
2026-08-15 07:44:09.818 -03:00 [INF] HTTP OPTIONS /api/localizacoes responded 204 in 108.3407 ms
2026-08-15 07:44:09.822 -03:00 [INF] Executing endpoint 'GestaoArmazem.API.Controllers.ProdutosController.Listar (GestaoArmazem.API)'
2026-08-15 07:44:09.839 -03:00 [INF] HTTP OPTIONS /api/armazens responded 204 in 82.8410 ms
2026-08-15 07:44:09.843 -03:00 [INF] Executing endpoint 'GestaoArmazem.API.Controllers.FornecedoresController.Listar (GestaoArmazem.API)'
2026-08-15 07:44:09.846 -03:00 [INF] HTTP OPTIONS /api/produtos responded 204 in 67.4508 ms
2026-08-15 07:44:09.850 -03:00 [INF] Executing endpoint 'GestaoArmazem.API.Controllers.PedidosRecebimentoController.ObterPorId (GestaoArmazem.API)'
2026-08-15 07:44:09.854 -03:00 [INF] Executing endpoint 'GestaoArmazem.API.Controllers.ArmazensController.Listar (GestaoArmazem.API)'
2026-08-15 07:44:09.857 -03:00 [INF] Executing endpoint 'GestaoArmazem.API.Controllers.LocalizacoesController.Listar (GestaoArmazem.API)'
2026-08-15 07:44:09.865 -03:00 [INF] Request finished HTTP/2 OPTIONS https://localhost:7100/api/localizacoes - 204 null null 374.8785ms
2026-08-15 07:44:09.871 -03:00 [INF] Route matched with {action = "Listar", controller = "Produtos"}. Executing controller action with signature System.Threading.Tasks.Task`1[Microsoft.AspNetCore.Mvc.ActionResult`1[System.Collections.Generic.IEnumerable`1[GestaoArmazem.Application.DTOs.ProdutoDto]]] Listar(Int32, Int32) on controller GestaoArmazem.API.Controllers.ProdutosController (GestaoArmazem.API).
2026-08-15 07:44:09.879 -03:00 [INF] Request finished HTTP/2 OPTIONS https://localhost:7100/api/armazens - 204 null null 310.8833ms
2026-08-15 07:44:09.884 -03:00 [INF] Route matched with {action = "Listar", controller = "Fornecedores"}. Executing controller action with signature System.Threading.Tasks.Task`1[Microsoft.AspNetCore.Mvc.ActionResult`1[System.Collections.Generic.IEnumerable`1[GestaoArmazem.Application.DTOs.FornecedorDto]]] Listar() on controller GestaoArmazem.API.Controllers.FornecedoresController (GestaoArmazem.API).
2026-08-15 07:44:09.892 -03:00 [INF] Request finished HTTP/2 OPTIONS https://localhost:7100/api/produtos?pagina=1&tamanhoPagina=20 - 204 null null 324.712ms
2026-08-15 07:44:09.935 -03:00 [INF] Executing OkObjectResult, writing value of type 'System.Linq.Enumerable+SelectListIterator`2[[GestaoArmazem.Domain.Entities.Produto, GestaoArmazem.Domain, Version=1.0.0.0, Culture=neutral, PublicKeyToken=null],[GestaoArmazem.Application.DTOs.ProdutoDto, GestaoArmazem.Application, Version=1.0.0.0, Culture=neutral, PublicKeyToken=null]]'.
2026-08-15 07:44:09.957 -03:00 [INF] Executing OkObjectResult, writing value of type 'System.Linq.Enumerable+SelectListIterator`2[[GestaoArmazem.Domain.Entities.Fornecedor, GestaoArmazem.Domain, Version=1.0.0.0, Culture=neutral, PublicKeyToken=null],[GestaoArmazem.Application.DTOs.FornecedorDto, GestaoArmazem.Application, Version=1.0.0.0, Culture=neutral, PublicKeyToken=null]]'.
2026-08-15 07:44:09.978 -03:00 [INF] Executed action GestaoArmazem.API.Controllers.ProdutosController.Listar (GestaoArmazem.API) in 51.6643ms
2026-08-15 07:44:09.985 -03:00 [INF] Executed action GestaoArmazem.API.Controllers.FornecedoresController.Listar (GestaoArmazem.API) in 33.4413ms
2026-08-15 07:44:09.982 -03:00 [INF] Request starting HTTP/2 GET https://localhost:7100/api/produtos?pagina=1&tamanhoPagina=20 - application/json null
2026-08-15 07:44:09.897 -03:00 [INF] Route matched with {action = "ObterPorId", controller = "PedidosRecebimento"}. Executing controller action with signature System.Threading.Tasks.Task`1[Microsoft.AspNetCore.Mvc.ActionResult`1[GestaoArmazem.Application.DTOs.PedidoRecebimentoDto]] ObterPorId(System.Guid) on controller GestaoArmazem.API.Controllers.PedidosRecebimentoController (GestaoArmazem.API).
2026-08-15 07:44:09.901 -03:00 [INF] Route matched with {action = "Listar", controller = "Armazens"}. Executing controller action with signature System.Threading.Tasks.Task`1[Microsoft.AspNetCore.Mvc.ActionResult`1[System.Collections.Generic.IEnumerable`1[GestaoArmazem.Application.DTOs.ArmazemDto]]] Listar() on controller GestaoArmazem.API.Controllers.ArmazensController (GestaoArmazem.API).
2026-08-15 07:44:09.993 -03:00 [INF] Executed endpoint 'GestaoArmazem.API.Controllers.ProdutosController.Listar (GestaoArmazem.API)'
2026-08-15 07:44:09.998 -03:00 [INF] Executed endpoint 'GestaoArmazem.API.Controllers.FornecedoresController.Listar (GestaoArmazem.API)'
2026-08-15 07:44:10.009 -03:00 [INF] CORS policy execution successful.
2026-08-15 07:44:10.032 -03:00 [INF] Executing OkObjectResult, writing value of type 'GestaoArmazem.Application.DTOs.PedidoRecebimentoDto'.
2026-08-15 07:44:09.991 -03:00 [INF] Request starting HTTP/2 GET https://localhost:7100/api/fornecedores - application/json null
2026-08-15 07:44:10.047 -03:00 [INF] HTTP GET /api/produtos responded 200 in 326.8919 ms
2026-08-15 07:44:10.052 -03:00 [INF] HTTP GET /api/fornecedores responded 200 in 284.0550 ms
2026-08-15 07:44:10.056 -03:00 [INF] Executing endpoint 'GestaoArmazem.API.Controllers.ProdutosController.Listar (GestaoArmazem.API)'
2026-08-15 07:44:10.061 -03:00 [INF] Executed action GestaoArmazem.API.Controllers.PedidosRecebimentoController.ObterPorId (GestaoArmazem.API) in 43.8117ms
2026-08-15 07:44:09.905 -03:00 [INF] Route matched with {action = "Listar", controller = "Localizacoes"}. Executing controller action with signature System.Threading.Tasks.Task`1[Microsoft.AspNetCore.Mvc.ActionResult`1[System.Collections.Generic.IEnumerable`1[GestaoArmazem.Application.DTOs.LocalizacaoDto]]] Listar() on controller GestaoArmazem.API.Controllers.LocalizacoesController (GestaoArmazem.API).
2026-08-15 07:44:10.047 -03:00 [INF] Executing OkObjectResult, writing value of type 'System.Linq.Enumerable+SelectListIterator`2[[GestaoArmazem.Domain.Entities.Armazem, GestaoArmazem.Domain, Version=1.0.0.0, Culture=neutral, PublicKeyToken=null],[GestaoArmazem.Application.DTOs.ArmazemDto, GestaoArmazem.Application, Version=1.0.0.0, Culture=neutral, PublicKeyToken=null]]'.
2026-08-15 07:44:10.081 -03:00 [INF] Request finished HTTP/2 GET https://localhost:7100/api/produtos?pagina=1&tamanhoPagina=20 - 200 null application/json; charset=utf-8 379.9139ms
2026-08-15 07:44:10.065 -03:00 [INF] Request starting HTTP/2 GET https://localhost:7100/api/pedidos-recebimento/a5ea9f73-c241-4b11-9959-804fcb690c38 - application/json null
2026-08-15 07:44:10.088 -03:00 [INF] Request finished HTTP/2 GET https://localhost:7100/api/fornecedores - 200 null application/json; charset=utf-8 599.2354ms
2026-08-15 07:44:10.093 -03:00 [INF] Route matched with {action = "Listar", controller = "Produtos"}. Executing controller action with signature System.Threading.Tasks.Task`1[Microsoft.AspNetCore.Mvc.ActionResult`1[System.Collections.Generic.IEnumerable`1[GestaoArmazem.Application.DTOs.ProdutoDto]]] Listar(Int32, Int32) on controller GestaoArmazem.API.Controllers.ProdutosController (GestaoArmazem.API).
2026-08-15 07:44:10.099 -03:00 [INF] Executed endpoint 'GestaoArmazem.API.Controllers.PedidosRecebimentoController.ObterPorId (GestaoArmazem.API)'
2026-08-15 07:44:10.137 -03:00 [INF] CORS policy execution successful.
2026-08-15 07:44:10.073 -03:00 [INF] CORS policy execution successful.
2026-08-15 07:44:10.163 -03:00 [INF] Executing OkObjectResult, writing value of type 'System.Linq.Enumerable+SelectListIterator`2[[GestaoArmazem.Domain.Entities.Produto, GestaoArmazem.Domain, Version=1.0.0.0, Culture=neutral, PublicKeyToken=null],[GestaoArmazem.Application.DTOs.ProdutoDto, GestaoArmazem.Application, Version=1.0.0.0, Culture=neutral, PublicKeyToken=null]]'.
2026-08-15 07:44:10.112 -03:00 [INF] Executing OkObjectResult, writing value of type 'System.Linq.Enumerable+SelectListIterator`2[[GestaoArmazem.Domain.Entities.Localizacao, GestaoArmazem.Domain, Version=1.0.0.0, Culture=neutral, PublicKeyToken=null],[GestaoArmazem.Application.DTOs.LocalizacaoDto, GestaoArmazem.Application, Version=1.0.0.0, Culture=neutral, PublicKeyToken=null]]'.
2026-08-15 07:44:10.119 -03:00 [INF] Request starting HTTP/2 GET https://localhost:7100/api/armazens - application/json null
2026-08-15 07:44:10.169 -03:00 [INF] Executing endpoint 'GestaoArmazem.API.Controllers.PedidosRecebimentoController.ObterPorId (GestaoArmazem.API)'
2026-08-15 07:44:10.166 -03:00 [INF] HTTP GET /api/pedidos-recebimento/a5ea9f73-c241-4b11-9959-804fcb690c38 responded 200 in 374.4077 ms
2026-08-15 07:44:10.172 -03:00 [INF] Executing endpoint 'GestaoArmazem.API.Controllers.FornecedoresController.Listar (GestaoArmazem.API)'
2026-08-15 07:44:10.178 -03:00 [INF] Executed action GestaoArmazem.API.Controllers.ProdutosController.Listar (GestaoArmazem.API) in 21.2015ms
2026-08-15 07:44:10.184 -03:00 [INF] Executed action GestaoArmazem.API.Controllers.LocalizacoesController.Listar (GestaoArmazem.API) in 79.2202ms
2026-08-15 07:44:10.115 -03:00 [INF] Executed action GestaoArmazem.API.Controllers.ArmazensController.Listar (GestaoArmazem.API) in 77.1391ms
2026-08-15 07:44:10.188 -03:00 [INF] Request starting HTTP/2 GET https://localhost:7100/api/localizacoes - application/json null
2026-08-15 07:44:10.195 -03:00 [INF] CORS policy execution successful.
2026-08-15 07:44:10.199 -03:00 [INF] Route matched with {action = "ObterPorId", controller = "PedidosRecebimento"}. Executing controller action with signature System.Threading.Tasks.Task`1[Microsoft.AspNetCore.Mvc.ActionResult`1[GestaoArmazem.Application.DTOs.PedidoRecebimentoDto]] ObterPorId(System.Guid) on controller GestaoArmazem.API.Controllers.PedidosRecebimentoController (GestaoArmazem.API).
2026-08-15 07:44:10.206 -03:00 [INF] Request finished HTTP/2 GET https://localhost:7100/api/pedidos-recebimento/a5ea9f73-c241-4b11-9959-804fcb690c38 - 200 null application/json; charset=utf-8 565.526ms
2026-08-15 07:44:10.238 -03:00 [INF] CORS policy execution successful.
2026-08-15 07:44:10.211 -03:00 [INF] Route matched with {action = "Listar", controller = "Fornecedores"}. Executing controller action with signature System.Threading.Tasks.Task`1[Microsoft.AspNetCore.Mvc.ActionResult`1[System.Collections.Generic.IEnumerable`1[GestaoArmazem.Application.DTOs.FornecedorDto]]] Listar() on controller GestaoArmazem.API.Controllers.FornecedoresController (GestaoArmazem.API).
2026-08-15 07:44:10.215 -03:00 [INF] Executed endpoint 'GestaoArmazem.API.Controllers.ProdutosController.Listar (GestaoArmazem.API)'
2026-08-15 07:44:10.257 -03:00 [INF] Executing OkObjectResult, writing value of type 'GestaoArmazem.Application.DTOs.PedidoRecebimentoDto'.
2026-08-15 07:44:10.271 -03:00 [INF] Executing endpoint 'GestaoArmazem.API.Controllers.LocalizacoesController.Listar (GestaoArmazem.API)'
2026-08-15 07:44:10.286 -03:00 [INF] Executing OkObjectResult, writing value of type 'System.Linq.Enumerable+SelectListIterator`2[[GestaoArmazem.Domain.Entities.Fornecedor, GestaoArmazem.Domain, Version=1.0.0.0, Culture=neutral, PublicKeyToken=null],[GestaoArmazem.Application.DTOs.FornecedorDto, GestaoArmazem.Application, Version=1.0.0.0, Culture=neutral, PublicKeyToken=null]]'.
2026-08-15 07:44:10.221 -03:00 [INF] Executed endpoint 'GestaoArmazem.API.Controllers.LocalizacoesController.Listar (GestaoArmazem.API)'
2026-08-15 07:44:10.241 -03:00 [INF] Executing endpoint 'GestaoArmazem.API.Controllers.ArmazensController.Listar (GestaoArmazem.API)'
2026-08-15 07:44:10.227 -03:00 [INF] Executed endpoint 'GestaoArmazem.API.Controllers.ArmazensController.Listar (GestaoArmazem.API)'
2026-08-15 07:44:10.289 -03:00 [INF] HTTP GET /api/produtos responded 200 in 279.3622 ms
2026-08-15 07:44:10.294 -03:00 [INF] Executed action GestaoArmazem.API.Controllers.PedidosRecebimentoController.ObterPorId (GestaoArmazem.API) in 45.883ms
2026-08-15 07:44:10.299 -03:00 [INF] Route matched with {action = "Listar", controller = "Localizacoes"}. Executing controller action with signature System.Threading.Tasks.Task`1[Microsoft.AspNetCore.Mvc.ActionResult`1[System.Collections.Generic.IEnumerable`1[GestaoArmazem.Application.DTOs.LocalizacaoDto]]] Listar() on controller GestaoArmazem.API.Controllers.LocalizacoesController (GestaoArmazem.API).
2026-08-15 07:44:10.306 -03:00 [INF] Executed action GestaoArmazem.API.Controllers.FornecedoresController.Listar (GestaoArmazem.API) in 26.1982ms
2026-08-15 07:44:10.333 -03:00 [INF] Executed endpoint 'GestaoArmazem.API.Controllers.PedidosRecebimentoController.ObterPorId (GestaoArmazem.API)'
2026-08-15 07:44:10.345 -03:00 [INF] Executing OkObjectResult, writing value of type 'System.Linq.Enumerable+SelectListIterator`2[[GestaoArmazem.Domain.Entities.Localizacao, GestaoArmazem.Domain, Version=1.0.0.0, Culture=neutral, PublicKeyToken=null],[GestaoArmazem.Application.DTOs.LocalizacaoDto, GestaoArmazem.Application, Version=1.0.0.0, Culture=neutral, PublicKeyToken=null]]'.
2026-08-15 07:44:10.328 -03:00 [INF] Request finished HTTP/2 GET https://localhost:7100/api/produtos?pagina=1&tamanhoPagina=20 - 200 null application/json; charset=utf-8 347.001ms
2026-08-15 07:44:10.310 -03:00 [INF] HTTP GET /api/localizacoes responded 200 in 495.4250 ms
2026-08-15 07:44:10.315 -03:00 [INF] Route matched with {action = "Listar", controller = "Armazens"}. Executing controller action with signature System.Threading.Tasks.Task`1[Microsoft.AspNetCore.Mvc.ActionResult`1[System.Collections.Generic.IEnumerable`1[GestaoArmazem.Application.DTOs.ArmazemDto]]] Listar() on controller GestaoArmazem.API.Controllers.ArmazensController (GestaoArmazem.API).
2026-08-15 07:44:10.320 -03:00 [INF] HTTP GET /api/armazens responded 200 in 516.4205 ms
2026-08-15 07:44:10.356 -03:00 [INF] HTTP GET /api/pedidos-recebimento/a5ea9f73-c241-4b11-9959-804fcb690c38 responded 200 in 218.5743 ms
2026-08-15 07:44:10.361 -03:00 [INF] Executed action GestaoArmazem.API.Controllers.LocalizacoesController.Listar (GestaoArmazem.API) in 21.2144ms
2026-08-15 07:44:10.395 -03:00 [INF] Executing OkObjectResult, writing value of type 'System.Linq.Enumerable+SelectListIterator`2[[GestaoArmazem.Domain.Entities.Armazem, GestaoArmazem.Domain, Version=1.0.0.0, Culture=neutral, PublicKeyToken=null],[GestaoArmazem.Application.DTOs.ArmazemDto, GestaoArmazem.Application, Version=1.0.0.0, Culture=neutral, PublicKeyToken=null]]'.
2026-08-15 07:44:10.351 -03:00 [INF] Executed endpoint 'GestaoArmazem.API.Controllers.FornecedoresController.Listar (GestaoArmazem.API)'
2026-08-15 07:44:10.383 -03:00 [INF] Request finished HTTP/2 GET https://localhost:7100/api/localizacoes - 200 null application/json; charset=utf-8 715.4327ms
2026-08-15 07:44:10.403 -03:00 [INF] Request finished HTTP/2 GET https://localhost:7100/api/armazens - 200 null application/json; charset=utf-8 777.5603ms
2026-08-15 07:44:10.411 -03:00 [INF] Request finished HTTP/2 GET https://localhost:7100/api/pedidos-recebimento/a5ea9f73-c241-4b11-9959-804fcb690c38 - 200 null application/json; charset=utf-8 347.0613ms
2026-08-15 07:44:10.417 -03:00 [INF] Executed endpoint 'GestaoArmazem.API.Controllers.LocalizacoesController.Listar (GestaoArmazem.API)'
2026-08-15 07:44:10.423 -03:00 [INF] Executed action GestaoArmazem.API.Controllers.ArmazensController.Listar (GestaoArmazem.API) in 33.0373ms
2026-08-15 07:44:10.427 -03:00 [INF] HTTP GET /api/fornecedores responded 200 in 354.6988 ms
2026-08-15 07:44:10.474 -03:00 [INF] HTTP GET /api/localizacoes responded 200 in 236.4325 ms
2026-08-15 07:44:10.480 -03:00 [INF] Executed endpoint 'GestaoArmazem.API.Controllers.ArmazensController.Listar (GestaoArmazem.API)'
2026-08-15 07:44:10.487 -03:00 [INF] Request finished HTTP/2 GET https://localhost:7100/api/fornecedores - 200 null application/json; charset=utf-8 498.3642ms
2026-08-15 07:44:10.495 -03:00 [INF] Request finished HTTP/2 GET https://localhost:7100/api/localizacoes - 200 null application/json; charset=utf-8 307.4235ms
2026-08-15 07:44:10.499 -03:00 [INF] HTTP GET /api/armazens responded 200 in 304.6709 ms
2026-08-15 07:44:10.531 -03:00 [INF] Request finished HTTP/2 GET https://localhost:7100/api/armazens - 200 null application/json; charset=utf-8 412.7051ms
2026-08-15 07:44:14.087 -03:00 [INF] Request starting HTTP/2 GET https://localhost:7100/api/produtos?pagina=1&tamanhoPagina=20 - application/json null
2026-08-15 07:44:14.092 -03:00 [INF] Request starting HTTP/2 GET https://localhost:7100/api/armazens - application/json null
2026-08-15 07:44:14.091 -03:00 [INF] Request starting HTTP/2 GET https://localhost:7100/api/localizacoes - application/json null
2026-08-15 07:44:14.103 -03:00 [INF] CORS policy execution successful.
2026-08-15 07:44:14.111 -03:00 [INF] CORS policy execution successful.
2026-08-15 07:44:14.123 -03:00 [INF] CORS policy execution successful.
2026-08-15 07:44:14.126 -03:00 [INF] Executing endpoint 'GestaoArmazem.API.Controllers.ProdutosController.Listar (GestaoArmazem.API)'
2026-08-15 07:44:14.129 -03:00 [INF] Executing endpoint 'GestaoArmazem.API.Controllers.ArmazensController.Listar (GestaoArmazem.API)'
2026-08-15 07:44:14.131 -03:00 [INF] Executing endpoint 'GestaoArmazem.API.Controllers.LocalizacoesController.Listar (GestaoArmazem.API)'
2026-08-15 07:44:14.137 -03:00 [INF] Route matched with {action = "Listar", controller = "Produtos"}. Executing controller action with signature System.Threading.Tasks.Task`1[Microsoft.AspNetCore.Mvc.ActionResult`1[System.Collections.Generic.IEnumerable`1[GestaoArmazem.Application.DTOs.ProdutoDto]]] Listar(Int32, Int32) on controller GestaoArmazem.API.Controllers.ProdutosController (GestaoArmazem.API).
2026-08-15 07:44:14.141 -03:00 [INF] Route matched with {action = "Listar", controller = "Armazens"}. Executing controller action with signature System.Threading.Tasks.Task`1[Microsoft.AspNetCore.Mvc.ActionResult`1[System.Collections.Generic.IEnumerable`1[GestaoArmazem.Application.DTOs.ArmazemDto]]] Listar() on controller GestaoArmazem.API.Controllers.ArmazensController (GestaoArmazem.API).
2026-08-15 07:44:14.162 -03:00 [INF] Executing OkObjectResult, writing value of type 'System.Linq.Enumerable+SelectListIterator`2[[GestaoArmazem.Domain.Entities.Produto, GestaoArmazem.Domain, Version=1.0.0.0, Culture=neutral, PublicKeyToken=null],[GestaoArmazem.Application.DTOs.ProdutoDto, GestaoArmazem.Application, Version=1.0.0.0, Culture=neutral, PublicKeyToken=null]]'.
2026-08-15 07:44:14.178 -03:00 [INF] Executing OkObjectResult, writing value of type 'System.Linq.Enumerable+SelectListIterator`2[[GestaoArmazem.Domain.Entities.Armazem, GestaoArmazem.Domain, Version=1.0.0.0, Culture=neutral, PublicKeyToken=null],[GestaoArmazem.Application.DTOs.ArmazemDto, GestaoArmazem.Application, Version=1.0.0.0, Culture=neutral, PublicKeyToken=null]]'.
2026-08-15 07:44:14.184 -03:00 [INF] Executed action GestaoArmazem.API.Controllers.ProdutosController.Listar (GestaoArmazem.API) in 28.0003ms
2026-08-15 07:44:14.192 -03:00 [INF] Executed action GestaoArmazem.API.Controllers.ArmazensController.Listar (GestaoArmazem.API) in 19.5542ms
2026-08-15 07:44:14.190 -03:00 [INF] Request starting HTTP/2 GET https://localhost:7100/api/produtos?pagina=1&tamanhoPagina=20 - application/json null
2026-08-15 07:44:14.147 -03:00 [INF] Route matched with {action = "Listar", controller = "Localizacoes"}. Executing controller action with signature System.Threading.Tasks.Task`1[Microsoft.AspNetCore.Mvc.ActionResult`1[System.Collections.Generic.IEnumerable`1[GestaoArmazem.Application.DTOs.LocalizacaoDto]]] Listar() on controller GestaoArmazem.API.Controllers.LocalizacoesController (GestaoArmazem.API).
2026-08-15 07:44:14.196 -03:00 [INF] Request starting HTTP/2 GET https://localhost:7100/api/armazens - application/json null
2026-08-15 07:44:14.205 -03:00 [INF] Executed endpoint 'GestaoArmazem.API.Controllers.ArmazensController.Listar (GestaoArmazem.API)'
2026-08-15 07:44:14.198 -03:00 [INF] Executed endpoint 'GestaoArmazem.API.Controllers.ProdutosController.Listar (GestaoArmazem.API)'
2026-08-15 07:44:14.214 -03:00 [INF] CORS policy execution successful.
2026-08-15 07:44:14.225 -03:00 [INF] Executing OkObjectResult, writing value of type 'System.Linq.Enumerable+SelectListIterator`2[[GestaoArmazem.Domain.Entities.Localizacao, GestaoArmazem.Domain, Version=1.0.0.0, Culture=neutral, PublicKeyToken=null],[GestaoArmazem.Application.DTOs.LocalizacaoDto, GestaoArmazem.Application, Version=1.0.0.0, Culture=neutral, PublicKeyToken=null]]'.
2026-08-15 07:44:14.238 -03:00 [INF] CORS policy execution successful.
2026-08-15 07:44:14.243 -03:00 [INF] HTTP GET /api/armazens responded 200 in 131.2210 ms
2026-08-15 07:44:14.247 -03:00 [INF] HTTP GET /api/produtos responded 200 in 144.9243 ms
2026-08-15 07:44:14.252 -03:00 [INF] Executing endpoint 'GestaoArmazem.API.Controllers.ProdutosController.Listar (GestaoArmazem.API)'
2026-08-15 07:44:14.257 -03:00 [INF] Executed action GestaoArmazem.API.Controllers.LocalizacoesController.Listar (GestaoArmazem.API) in 36.4095ms
2026-08-15 07:44:14.262 -03:00 [INF] Request starting HTTP/2 GET https://localhost:7100/api/localizacoes - application/json null
2026-08-15 07:44:14.264 -03:00 [INF] Executing endpoint 'GestaoArmazem.API.Controllers.ArmazensController.Listar (GestaoArmazem.API)'
2026-08-15 07:44:14.271 -03:00 [INF] Request finished HTTP/2 GET https://localhost:7100/api/armazens - 200 null application/json; charset=utf-8 179.6417ms
2026-08-15 07:44:14.280 -03:00 [INF] Request finished HTTP/2 GET https://localhost:7100/api/produtos?pagina=1&tamanhoPagina=20 - 200 null application/json; charset=utf-8 193.0348ms
2026-08-15 07:44:14.286 -03:00 [INF] Route matched with {action = "Listar", controller = "Produtos"}. Executing controller action with signature System.Threading.Tasks.Task`1[Microsoft.AspNetCore.Mvc.ActionResult`1[System.Collections.Generic.IEnumerable`1[GestaoArmazem.Application.DTOs.ProdutoDto]]] Listar(Int32, Int32) on controller GestaoArmazem.API.Controllers.ProdutosController (GestaoArmazem.API).
2026-08-15 07:44:14.291 -03:00 [INF] Executed endpoint 'GestaoArmazem.API.Controllers.LocalizacoesController.Listar (GestaoArmazem.API)'
2026-08-15 07:44:14.350 -03:00 [INF] Executing OkObjectResult, writing value of type 'System.Linq.Enumerable+SelectListIterator`2[[GestaoArmazem.Domain.Entities.Produto, GestaoArmazem.Domain, Version=1.0.0.0, Culture=neutral, PublicKeyToken=null],[GestaoArmazem.Application.DTOs.ProdutoDto, GestaoArmazem.Application, Version=1.0.0.0, Culture=neutral, PublicKeyToken=null]]'.
2026-08-15 07:44:14.353 -03:00 [INF] HTTP GET /api/localizacoes responded 200 in 230.2828 ms
2026-08-15 07:44:14.307 -03:00 [INF] Route matched with {action = "Listar", controller = "Armazens"}. Executing controller action with signature System.Threading.Tasks.Task`1[Microsoft.AspNetCore.Mvc.ActionResult`1[System.Collections.Generic.IEnumerable`1[GestaoArmazem.Application.DTOs.ArmazemDto]]] Listar() on controller GestaoArmazem.API.Controllers.ArmazensController (GestaoArmazem.API).
2026-08-15 07:44:14.303 -03:00 [INF] CORS policy execution successful.
2026-08-15 07:44:14.359 -03:00 [INF] Executed action GestaoArmazem.API.Controllers.ProdutosController.Listar (GestaoArmazem.API) in 17.824ms
2026-08-15 07:44:14.367 -03:00 [INF] Request finished HTTP/2 GET https://localhost:7100/api/localizacoes - 200 null application/json; charset=utf-8 277.1537ms
2026-08-15 07:44:14.381 -03:00 [INF] Executing OkObjectResult, writing value of type 'System.Linq.Enumerable+SelectListIterator`2[[GestaoArmazem.Domain.Entities.Armazem, GestaoArmazem.Domain, Version=1.0.0.0, Culture=neutral, PublicKeyToken=null],[GestaoArmazem.Application.DTOs.ArmazemDto, GestaoArmazem.Application, Version=1.0.0.0, Culture=neutral, PublicKeyToken=null]]'.
2026-08-15 07:44:14.384 -03:00 [INF] Request starting HTTP/2 OPTIONS https://localhost:7100/api/estoque?produtoId=55c768f5-60e0-47e5-af88-acada09b197a - null null
2026-08-15 07:44:14.386 -03:00 [INF] Executing endpoint 'GestaoArmazem.API.Controllers.LocalizacoesController.Listar (GestaoArmazem.API)'
2026-08-15 07:44:14.391 -03:00 [INF] Executed endpoint 'GestaoArmazem.API.Controllers.ProdutosController.Listar (GestaoArmazem.API)'
2026-08-15 07:44:14.411 -03:00 [INF] Executed action GestaoArmazem.API.Controllers.ArmazensController.Listar (GestaoArmazem.API) in 35.589ms
2026-08-15 07:44:14.422 -03:00 [INF] CORS policy execution successful.
2026-08-15 07:44:14.426 -03:00 [INF] Route matched with {action = "Listar", controller = "Localizacoes"}. Executing controller action with signature System.Threading.Tasks.Task`1[Microsoft.AspNetCore.Mvc.ActionResult`1[System.Collections.Generic.IEnumerable`1[GestaoArmazem.Application.DTOs.LocalizacaoDto]]] Listar() on controller GestaoArmazem.API.Controllers.LocalizacoesController (GestaoArmazem.API).
2026-08-15 07:44:14.430 -03:00 [INF] HTTP GET /api/produtos responded 200 in 216.5750 ms
2026-08-15 07:44:14.436 -03:00 [INF] Executed endpoint 'GestaoArmazem.API.Controllers.ArmazensController.Listar (GestaoArmazem.API)'
2026-08-15 07:44:14.453 -03:00 [INF] Executing OkObjectResult, writing value of type 'System.Linq.Enumerable+SelectListIterator`2[[GestaoArmazem.Domain.Entities.Localizacao, GestaoArmazem.Domain, Version=1.0.0.0, Culture=neutral, PublicKeyToken=null],[GestaoArmazem.Application.DTOs.LocalizacaoDto, GestaoArmazem.Application, Version=1.0.0.0, Culture=neutral, PublicKeyToken=null]]'.
2026-08-15 07:44:14.440 -03:00 [INF] HTTP OPTIONS /api/estoque responded 204 in 17.5908 ms
2026-08-15 07:44:14.462 -03:00 [INF] Request finished HTTP/2 GET https://localhost:7100/api/produtos?pagina=1&tamanhoPagina=20 - 200 null application/json; charset=utf-8 273.2558ms
2026-08-15 07:44:14.488 -03:00 [INF] Request starting HTTP/2 GET https://localhost:7100/api/estoque?produtoId=55c768f5-60e0-47e5-af88-acada09b197a - application/json null
2026-08-15 07:44:14.467 -03:00 [INF] HTTP GET /api/armazens responded 200 in 229.0141 ms
2026-08-15 07:44:14.472 -03:00 [INF] Executed action GestaoArmazem.API.Controllers.LocalizacoesController.Listar (GestaoArmazem.API) in 25.1338ms
2026-08-15 07:44:14.480 -03:00 [INF] Request finished HTTP/2 OPTIONS https://localhost:7100/api/estoque?produtoId=55c768f5-60e0-47e5-af88-acada09b197a - 204 null null 98.0997ms
2026-08-15 07:44:14.505 -03:00 [INF] CORS policy execution successful.
2026-08-15 07:44:14.512 -03:00 [INF] Request finished HTTP/2 GET https://localhost:7100/api/armazens - 200 null application/json; charset=utf-8 317.4548ms
2026-08-15 07:44:14.518 -03:00 [INF] Executed endpoint 'GestaoArmazem.API.Controllers.LocalizacoesController.Listar (GestaoArmazem.API)'
2026-08-15 07:44:14.536 -03:00 [INF] Executing endpoint 'GestaoArmazem.API.Controllers.EstoqueController.ConsultarPorProduto (GestaoArmazem.API)'
2026-08-15 07:44:14.556 -03:00 [INF] HTTP GET /api/localizacoes responded 200 in 253.3533 ms
2026-08-15 07:44:14.560 -03:00 [INF] Route matched with {action = "ConsultarPorProduto", controller = "Estoque"}. Executing controller action with signature System.Threading.Tasks.Task`1[Microsoft.AspNetCore.Mvc.ActionResult`1[System.Collections.Generic.IEnumerable`1[GestaoArmazem.Application.DTOs.EstoqueDto]]] ConsultarPorProduto(System.Guid) on controller GestaoArmazem.API.Controllers.EstoqueController (GestaoArmazem.API).
2026-08-15 07:44:14.568 -03:00 [INF] Request finished HTTP/2 GET https://localhost:7100/api/localizacoes - 200 null application/json; charset=utf-8 306.7215ms
2026-08-15 07:44:14.586 -03:00 [INF] Executing OkObjectResult, writing value of type 'System.Linq.Enumerable+SelectListIterator`2[[GestaoArmazem.Domain.Entities.Estoque, GestaoArmazem.Domain, Version=1.0.0.0, Culture=neutral, PublicKeyToken=null],[GestaoArmazem.Application.DTOs.EstoqueDto, GestaoArmazem.Application, Version=1.0.0.0, Culture=neutral, PublicKeyToken=null]]'.
2026-08-15 07:44:14.599 -03:00 [INF] Executed action GestaoArmazem.API.Controllers.EstoqueController.ConsultarPorProduto (GestaoArmazem.API) in 24.1682ms
2026-08-15 07:44:14.605 -03:00 [INF] Executed endpoint 'GestaoArmazem.API.Controllers.EstoqueController.ConsultarPorProduto (GestaoArmazem.API)'
2026-08-15 07:44:14.609 -03:00 [INF] HTTP GET /api/estoque responded 200 in 104.6099 ms
2026-08-15 07:44:14.616 -03:00 [INF] Request finished HTTP/2 GET https://localhost:7100/api/estoque?produtoId=55c768f5-60e0-47e5-af88-acada09b197a - 200 null application/json; charset=utf-8 128.8251ms
2026-08-15 07:44:19.952 -03:00 [INF] Request starting HTTP/2 OPTIONS https://localhost:7100/api/armazens - null null
2026-08-15 07:44:19.961 -03:00 [INF] Request starting HTTP/2 OPTIONS https://localhost:7100/api/armazens - null null
2026-08-15 07:44:19.959 -03:00 [INF] Request starting HTTP/2 OPTIONS https://localhost:7100/api/localizacoes - null null
2026-08-15 07:44:19.962 -03:00 [INF] Request starting HTTP/2 OPTIONS https://localhost:7100/api/localizacoes - null null
2026-08-15 07:44:19.976 -03:00 [INF] CORS policy execution successful.
2026-08-15 07:44:19.990 -03:00 [INF] CORS policy execution successful.
2026-08-15 07:44:20.004 -03:00 [INF] CORS policy execution successful.
2026-08-15 07:44:20.013 -03:00 [INF] CORS policy execution successful.
2026-08-15 07:44:20.019 -03:00 [INF] HTTP OPTIONS /api/armazens responded 204 in 42.5868 ms
2026-08-15 07:44:20.023 -03:00 [INF] HTTP OPTIONS /api/armazens responded 204 in 32.3829 ms
2026-08-15 07:44:20.031 -03:00 [INF] HTTP OPTIONS /api/localizacoes responded 204 in 18.3400 ms
2026-08-15 07:44:20.027 -03:00 [INF] HTTP OPTIONS /api/localizacoes responded 204 in 23.0306 ms
2026-08-15 07:44:20.062 -03:00 [INF] Request finished HTTP/2 OPTIONS https://localhost:7100/api/localizacoes - 204 null null 101.0756ms
2026-08-15 07:44:20.054 -03:00 [INF] Request finished HTTP/2 OPTIONS https://localhost:7100/api/armazens - 204 null null 94.6777ms
2026-08-15 07:44:20.041 -03:00 [INF] Request finished HTTP/2 OPTIONS https://localhost:7100/api/armazens - 204 null null 89.4526ms
2026-08-15 07:44:20.053 -03:00 [INF] Request starting HTTP/2 GET https://localhost:7100/api/armazens - application/json null
2026-08-15 07:44:20.068 -03:00 [INF] Request starting HTTP/2 GET https://localhost:7100/api/localizacoes - application/json null
2026-08-15 07:44:20.072 -03:00 [INF] Request finished HTTP/2 OPTIONS https://localhost:7100/api/localizacoes - 204 null null 114.0136ms
2026-08-15 07:44:20.124 -03:00 [INF] CORS policy execution successful.
2026-08-15 07:44:20.135 -03:00 [INF] CORS policy execution successful.
2026-08-15 07:44:20.151 -03:00 [INF] Executing endpoint 'GestaoArmazem.API.Controllers.ArmazensController.Listar (GestaoArmazem.API)'
2026-08-15 07:44:20.156 -03:00 [INF] Executing endpoint 'GestaoArmazem.API.Controllers.LocalizacoesController.Listar (GestaoArmazem.API)'
2026-08-15 07:44:20.159 -03:00 [INF] Route matched with {action = "Listar", controller = "Armazens"}. Executing controller action with signature System.Threading.Tasks.Task`1[Microsoft.AspNetCore.Mvc.ActionResult`1[System.Collections.Generic.IEnumerable`1[GestaoArmazem.Application.DTOs.ArmazemDto]]] Listar() on controller GestaoArmazem.API.Controllers.ArmazensController (GestaoArmazem.API).
2026-08-15 07:44:20.164 -03:00 [INF] Route matched with {action = "Listar", controller = "Localizacoes"}. Executing controller action with signature System.Threading.Tasks.Task`1[Microsoft.AspNetCore.Mvc.ActionResult`1[System.Collections.Generic.IEnumerable`1[GestaoArmazem.Application.DTOs.LocalizacaoDto]]] Listar() on controller GestaoArmazem.API.Controllers.LocalizacoesController (GestaoArmazem.API).
2026-08-15 07:44:20.177 -03:00 [INF] Executing OkObjectResult, writing value of type 'System.Linq.Enumerable+SelectListIterator`2[[GestaoArmazem.Domain.Entities.Armazem, GestaoArmazem.Domain, Version=1.0.0.0, Culture=neutral, PublicKeyToken=null],[GestaoArmazem.Application.DTOs.ArmazemDto, GestaoArmazem.Application, Version=1.0.0.0, Culture=neutral, PublicKeyToken=null]]'.
2026-08-15 07:44:20.189 -03:00 [INF] Executing OkObjectResult, writing value of type 'System.Linq.Enumerable+SelectListIterator`2[[GestaoArmazem.Domain.Entities.Localizacao, GestaoArmazem.Domain, Version=1.0.0.0, Culture=neutral, PublicKeyToken=null],[GestaoArmazem.Application.DTOs.LocalizacaoDto, GestaoArmazem.Application, Version=1.0.0.0, Culture=neutral, PublicKeyToken=null]]'.
2026-08-15 07:44:20.200 -03:00 [INF] Request starting HTTP/2 GET https://localhost:7100/api/armazens - application/json null
2026-08-15 07:44:20.204 -03:00 [INF] Executed action GestaoArmazem.API.Controllers.LocalizacoesController.Listar (GestaoArmazem.API) in 19.8321ms
2026-08-15 07:44:20.196 -03:00 [INF] Executed action GestaoArmazem.API.Controllers.ArmazensController.Listar (GestaoArmazem.API) in 25.2462ms
2026-08-15 07:44:20.208 -03:00 [INF] Request starting HTTP/2 GET https://localhost:7100/api/localizacoes - application/json null
2026-08-15 07:44:20.216 -03:00 [INF] CORS policy execution successful.
2026-08-15 07:44:20.221 -03:00 [INF] Executed endpoint 'GestaoArmazem.API.Controllers.LocalizacoesController.Listar (GestaoArmazem.API)'
2026-08-15 07:44:20.227 -03:00 [INF] Executed endpoint 'GestaoArmazem.API.Controllers.ArmazensController.Listar (GestaoArmazem.API)'
2026-08-15 07:44:20.238 -03:00 [INF] CORS policy execution successful.
2026-08-15 07:44:20.241 -03:00 [INF] Executing endpoint 'GestaoArmazem.API.Controllers.ArmazensController.Listar (GestaoArmazem.API)'
2026-08-15 07:44:20.245 -03:00 [INF] HTTP GET /api/localizacoes responded 200 in 110.0311 ms
2026-08-15 07:44:20.250 -03:00 [INF] HTTP GET /api/armazens responded 200 in 125.8859 ms
2026-08-15 07:44:20.254 -03:00 [INF] Executing endpoint 'GestaoArmazem.API.Controllers.LocalizacoesController.Listar (GestaoArmazem.API)'
2026-08-15 07:44:20.258 -03:00 [INF] Route matched with {action = "Listar", controller = "Armazens"}. Executing controller action with signature System.Threading.Tasks.Task`1[Microsoft.AspNetCore.Mvc.ActionResult`1[System.Collections.Generic.IEnumerable`1[GestaoArmazem.Application.DTOs.ArmazemDto]]] Listar() on controller GestaoArmazem.API.Controllers.ArmazensController (GestaoArmazem.API).
2026-08-15 07:44:20.267 -03:00 [INF] Request finished HTTP/2 GET https://localhost:7100/api/localizacoes - 200 null application/json; charset=utf-8 199.7766ms
2026-08-15 07:44:20.280 -03:00 [INF] Route matched with {action = "Listar", controller = "Localizacoes"}. Executing controller action with signature System.Threading.Tasks.Task`1[Microsoft.AspNetCore.Mvc.ActionResult`1[System.Collections.Generic.IEnumerable`1[GestaoArmazem.Application.DTOs.LocalizacaoDto]]] Listar() on controller GestaoArmazem.API.Controllers.LocalizacoesController (GestaoArmazem.API).
2026-08-15 07:44:20.275 -03:00 [INF] Request finished HTTP/2 GET https://localhost:7100/api/armazens - 200 null application/json; charset=utf-8 223.4392ms
2026-08-15 07:44:20.320 -03:00 [INF] Executing OkObjectResult, writing value of type 'System.Linq.Enumerable+SelectListIterator`2[[GestaoArmazem.Domain.Entities.Localizacao, GestaoArmazem.Domain, Version=1.0.0.0, Culture=neutral, PublicKeyToken=null],[GestaoArmazem.Application.DTOs.LocalizacaoDto, GestaoArmazem.Application, Version=1.0.0.0, Culture=neutral, PublicKeyToken=null]]'.
2026-08-15 07:44:20.294 -03:00 [INF] Executing OkObjectResult, writing value of type 'System.Linq.Enumerable+SelectListIterator`2[[GestaoArmazem.Domain.Entities.Armazem, GestaoArmazem.Domain, Version=1.0.0.0, Culture=neutral, PublicKeyToken=null],[GestaoArmazem.Application.DTOs.ArmazemDto, GestaoArmazem.Application, Version=1.0.0.0, Culture=neutral, PublicKeyToken=null]]'.
2026-08-15 07:44:20.340 -03:00 [INF] Executed action GestaoArmazem.API.Controllers.LocalizacoesController.Listar (GestaoArmazem.API) in 24.628ms
2026-08-15 07:44:20.346 -03:00 [INF] Executed action GestaoArmazem.API.Controllers.ArmazensController.Listar (GestaoArmazem.API) in 57.4215ms
2026-08-15 07:44:20.352 -03:00 [INF] Executed endpoint 'GestaoArmazem.API.Controllers.LocalizacoesController.Listar (GestaoArmazem.API)'
2026-08-15 07:44:20.358 -03:00 [INF] Executed endpoint 'GestaoArmazem.API.Controllers.ArmazensController.Listar (GestaoArmazem.API)'
2026-08-15 07:44:20.363 -03:00 [INF] HTTP GET /api/localizacoes responded 200 in 125.0916 ms
2026-08-15 07:44:20.367 -03:00 [INF] HTTP GET /api/armazens responded 200 in 151.7359 ms
2026-08-15 07:44:20.376 -03:00 [INF] Request finished HTTP/2 GET https://localhost:7100/api/localizacoes - 200 null application/json; charset=utf-8 168.829ms
2026-08-15 07:44:20.383 -03:00 [INF] Request finished HTTP/2 GET https://localhost:7100/api/armazens - 200 null application/json; charset=utf-8 183.7784ms
2026-08-15 07:44:59.903 -03:00 [INF] Request starting HTTP/2 OPTIONS https://localhost:7100/api/localizacoes - null null
2026-08-15 07:44:59.919 -03:00 [INF] CORS policy execution successful.
2026-08-15 07:44:59.929 -03:00 [INF] HTTP OPTIONS /api/localizacoes responded 204 in 9.6401 ms
2026-08-15 07:44:59.942 -03:00 [INF] Request finished HTTP/2 OPTIONS https://localhost:7100/api/localizacoes - 204 null null 39.0788ms
2026-08-15 07:44:59.948 -03:00 [INF] Request starting HTTP/2 POST https://localhost:7100/api/localizacoes - application/json 119
2026-08-15 07:44:59.967 -03:00 [INF] CORS policy execution successful.
2026-08-15 07:44:59.978 -03:00 [INF] Executing endpoint 'GestaoArmazem.API.Controllers.LocalizacoesController.Criar (GestaoArmazem.API)'
2026-08-15 07:44:59.993 -03:00 [INF] Route matched with {action = "Criar", controller = "Localizacoes"}. Executing controller action with signature System.Threading.Tasks.Task`1[Microsoft.AspNetCore.Mvc.ActionResult`1[GestaoArmazem.Application.DTOs.LocalizacaoDto]] Criar(GestaoArmazem.Application.DTOs.CriarLocalizacaoDto) on controller GestaoArmazem.API.Controllers.LocalizacoesController (GestaoArmazem.API).
2026-08-15 07:45:00.082 -03:00 [INF] Executing CreatedAtActionResult, writing value of type 'GestaoArmazem.Application.DTOs.LocalizacaoDto'.
2026-08-15 07:45:00.089 -03:00 [INF] Executed action GestaoArmazem.API.Controllers.LocalizacoesController.Criar (GestaoArmazem.API) in 88.6343ms
2026-08-15 07:45:00.095 -03:00 [INF] Executed endpoint 'GestaoArmazem.API.Controllers.LocalizacoesController.Criar (GestaoArmazem.API)'
2026-08-15 07:45:00.099 -03:00 [INF] HTTP POST /api/localizacoes responded 201 in 131.6091 ms
2026-08-15 07:45:00.107 -03:00 [INF] Request finished HTTP/2 POST https://localhost:7100/api/localizacoes - 201 null application/json; charset=utf-8 158.8138ms
2026-08-15 07:45:00.115 -03:00 [INF] Request starting HTTP/2 OPTIONS https://localhost:7100/api/armazens - null null
2026-08-15 07:45:00.117 -03:00 [INF] Request starting HTTP/2 GET https://localhost:7100/api/localizacoes - application/json null
2026-08-15 07:45:00.132 -03:00 [INF] CORS policy execution successful.
2026-08-15 07:45:00.142 -03:00 [INF] CORS policy execution successful.
2026-08-15 07:45:00.145 -03:00 [INF] HTTP OPTIONS /api/armazens responded 204 in 12.4557 ms
2026-08-15 07:45:00.148 -03:00 [INF] Executing endpoint 'GestaoArmazem.API.Controllers.LocalizacoesController.Listar (GestaoArmazem.API)'
2026-08-15 07:45:00.157 -03:00 [INF] Request finished HTTP/2 OPTIONS https://localhost:7100/api/armazens - 204 null null 41.9162ms
2026-08-15 07:45:00.161 -03:00 [INF] Route matched with {action = "Listar", controller = "Localizacoes"}. Executing controller action with signature System.Threading.Tasks.Task`1[Microsoft.AspNetCore.Mvc.ActionResult`1[System.Collections.Generic.IEnumerable`1[GestaoArmazem.Application.DTOs.LocalizacaoDto]]] Listar() on controller GestaoArmazem.API.Controllers.LocalizacoesController (GestaoArmazem.API).
2026-08-15 07:45:00.162 -03:00 [INF] Request starting HTTP/2 GET https://localhost:7100/api/armazens - application/json null
2026-08-15 07:45:00.191 -03:00 [INF] Executing OkObjectResult, writing value of type 'System.Linq.Enumerable+SelectListIterator`2[[GestaoArmazem.Domain.Entities.Localizacao, GestaoArmazem.Domain, Version=1.0.0.0, Culture=neutral, PublicKeyToken=null],[GestaoArmazem.Application.DTOs.LocalizacaoDto, GestaoArmazem.Application, Version=1.0.0.0, Culture=neutral, PublicKeyToken=null]]'.
2026-08-15 07:45:00.200 -03:00 [INF] CORS policy execution successful.
2026-08-15 07:45:00.206 -03:00 [INF] Executed action GestaoArmazem.API.Controllers.LocalizacoesController.Listar (GestaoArmazem.API) in 22.9512ms
2026-08-15 07:45:00.210 -03:00 [INF] Executing endpoint 'GestaoArmazem.API.Controllers.ArmazensController.Listar (GestaoArmazem.API)'
2026-08-15 07:45:00.216 -03:00 [INF] Executed endpoint 'GestaoArmazem.API.Controllers.LocalizacoesController.Listar (GestaoArmazem.API)'
2026-08-15 07:45:00.221 -03:00 [INF] Route matched with {action = "Listar", controller = "Armazens"}. Executing controller action with signature System.Threading.Tasks.Task`1[Microsoft.AspNetCore.Mvc.ActionResult`1[System.Collections.Generic.IEnumerable`1[GestaoArmazem.Application.DTOs.ArmazemDto]]] Listar() on controller GestaoArmazem.API.Controllers.ArmazensController (GestaoArmazem.API).
2026-08-15 07:45:00.224 -03:00 [INF] HTTP GET /api/localizacoes responded 200 in 81.8868 ms
2026-08-15 07:45:00.239 -03:00 [INF] Executing OkObjectResult, writing value of type 'System.Linq.Enumerable+SelectListIterator`2[[GestaoArmazem.Domain.Entities.Armazem, GestaoArmazem.Domain, Version=1.0.0.0, Culture=neutral, PublicKeyToken=null],[GestaoArmazem.Application.DTOs.ArmazemDto, GestaoArmazem.Application, Version=1.0.0.0, Culture=neutral, PublicKeyToken=null]]'.
2026-08-15 07:45:00.244 -03:00 [INF] Request finished HTTP/2 GET https://localhost:7100/api/localizacoes - 200 null application/json; charset=utf-8 128.403ms
2026-08-15 07:45:00.251 -03:00 [INF] Executed action GestaoArmazem.API.Controllers.ArmazensController.Listar (GestaoArmazem.API) in 20.0547ms
2026-08-15 07:45:00.270 -03:00 [INF] Executed endpoint 'GestaoArmazem.API.Controllers.ArmazensController.Listar (GestaoArmazem.API)'
2026-08-15 07:45:00.275 -03:00 [INF] HTTP GET /api/armazens responded 200 in 74.6494 ms
2026-08-15 07:45:00.283 -03:00 [INF] Request finished HTTP/2 GET https://localhost:7100/api/armazens - 200 null application/json; charset=utf-8 121.8746ms
2026-08-15 07:45:08.148 -03:00 [INF] Request starting HTTP/2 OPTIONS https://localhost:7100/api/produtos?pagina=1&tamanhoPagina=20 - null null
2026-08-15 07:45:08.162 -03:00 [INF] CORS policy execution successful.
2026-08-15 07:45:08.162 -03:00 [INF] Request starting HTTP/2 OPTIONS https://localhost:7100/api/localizacoes - null null
2026-08-15 07:45:08.172 -03:00 [INF] HTTP OPTIONS /api/produtos responded 204 in 10.7451 ms
2026-08-15 07:45:08.181 -03:00 [INF] CORS policy execution successful.
2026-08-15 07:45:08.190 -03:00 [INF] Request finished HTTP/2 OPTIONS https://localhost:7100/api/produtos?pagina=1&tamanhoPagina=20 - 204 null null 42.8462ms
2026-08-15 07:45:08.195 -03:00 [INF] Request starting HTTP/2 OPTIONS https://localhost:7100/api/produtos?pagina=1&tamanhoPagina=20 - null null
2026-08-15 07:45:08.195 -03:00 [INF] Request starting HTTP/2 OPTIONS https://localhost:7100/api/localizacoes - null null
2026-08-15 07:45:08.198 -03:00 [INF] Request starting HTTP/2 OPTIONS https://localhost:7100/api/armazens - null null
2026-08-15 07:45:08.196 -03:00 [INF] Request starting HTTP/2 OPTIONS https://localhost:7100/api/armazens - null null
2026-08-15 07:45:08.195 -03:00 [INF] HTTP OPTIONS /api/localizacoes responded 204 in 13.6822 ms
2026-08-15 07:45:08.210 -03:00 [INF] Request starting HTTP/2 GET https://localhost:7100/api/produtos?pagina=1&tamanhoPagina=20 - application/json null
2026-08-15 07:45:08.229 -03:00 [INF] CORS policy execution successful.
2026-08-15 07:45:08.240 -03:00 [INF] CORS policy execution successful.
2026-08-15 07:45:08.286 -03:00 [INF] HTTP OPTIONS /api/produtos responded 204 in 56.3405 ms
2026-08-15 07:45:08.289 -03:00 [INF] HTTP OPTIONS /api/localizacoes responded 204 in 49.1992 ms
2026-08-15 07:45:08.249 -03:00 [INF] CORS policy execution successful.
2026-08-15 07:45:08.261 -03:00 [INF] CORS policy execution successful.
2026-08-15 07:45:08.270 -03:00 [INF] Request finished HTTP/2 OPTIONS https://localhost:7100/api/localizacoes - 204 null null 108.5373ms
2026-08-15 07:45:08.302 -03:00 [INF] Request finished HTTP/2 OPTIONS https://localhost:7100/api/produtos?pagina=1&tamanhoPagina=20 - 204 null null 107.8284ms
2026-08-15 07:45:08.309 -03:00 [INF] Request finished HTTP/2 OPTIONS https://localhost:7100/api/localizacoes - 204 null null 114.5204ms
2026-08-15 07:45:08.312 -03:00 [INF] HTTP OPTIONS /api/armazens responded 204 in 63.3625 ms
2026-08-15 07:45:08.316 -03:00 [INF] HTTP OPTIONS /api/armazens responded 204 in 54.9088 ms
2026-08-15 07:45:08.370 -03:00 [INF] Request finished HTTP/2 OPTIONS https://localhost:7100/api/armazens - 204 null null 172.5235ms
2026-08-15 07:45:08.282 -03:00 [INF] CORS policy execution successful.
2026-08-15 07:45:08.294 -03:00 [INF] Request starting HTTP/2 GET https://localhost:7100/api/localizacoes - application/json null
2026-08-15 07:45:08.375 -03:00 [INF] Request starting HTTP/2 GET https://localhost:7100/api/armazens - application/json null
2026-08-15 07:45:08.378 -03:00 [INF] Request finished HTTP/2 OPTIONS https://localhost:7100/api/armazens - 204 null null 181.2962ms
2026-08-15 07:45:08.393 -03:00 [INF] Executing endpoint 'GestaoArmazem.API.Controllers.ProdutosController.Listar (GestaoArmazem.API)'
2026-08-15 07:45:08.404 -03:00 [INF] CORS policy execution successful.
2026-08-15 07:45:08.417 -03:00 [INF] CORS policy execution successful.
2026-08-15 07:45:08.436 -03:00 [INF] Route matched with {action = "Listar", controller = "Produtos"}. Executing controller action with signature System.Threading.Tasks.Task`1[Microsoft.AspNetCore.Mvc.ActionResult`1[System.Collections.Generic.IEnumerable`1[GestaoArmazem.Application.DTOs.ProdutoDto]]] Listar(Int32, Int32) on controller GestaoArmazem.API.Controllers.ProdutosController (GestaoArmazem.API).
2026-08-15 07:45:08.447 -03:00 [INF] Executing endpoint 'GestaoArmazem.API.Controllers.LocalizacoesController.Listar (GestaoArmazem.API)'
2026-08-15 07:45:08.450 -03:00 [INF] Executing endpoint 'GestaoArmazem.API.Controllers.ArmazensController.Listar (GestaoArmazem.API)'
2026-08-15 07:45:08.468 -03:00 [INF] Executing OkObjectResult, writing value of type 'System.Linq.Enumerable+SelectListIterator`2[[GestaoArmazem.Domain.Entities.Produto, GestaoArmazem.Domain, Version=1.0.0.0, Culture=neutral, PublicKeyToken=null],[GestaoArmazem.Application.DTOs.ProdutoDto, GestaoArmazem.Application, Version=1.0.0.0, Culture=neutral, PublicKeyToken=null]]'.
2026-08-15 07:45:08.469 -03:00 [INF] Route matched with {action = "Listar", controller = "Localizacoes"}. Executing controller action with signature System.Threading.Tasks.Task`1[Microsoft.AspNetCore.Mvc.ActionResult`1[System.Collections.Generic.IEnumerable`1[GestaoArmazem.Application.DTOs.LocalizacaoDto]]] Listar() on controller GestaoArmazem.API.Controllers.LocalizacoesController (GestaoArmazem.API).
2026-08-15 07:45:08.483 -03:00 [INF] Request starting HTTP/2 GET https://localhost:7100/api/produtos?pagina=1&tamanhoPagina=20 - application/json null
2026-08-15 07:45:08.480 -03:00 [INF] Executed action GestaoArmazem.API.Controllers.ProdutosController.Listar (GestaoArmazem.API) in 20.6396ms
2026-08-15 07:45:08.474 -03:00 [INF] Route matched with {action = "Listar", controller = "Armazens"}. Executing controller action with signature System.Threading.Tasks.Task`1[Microsoft.AspNetCore.Mvc.ActionResult`1[System.Collections.Generic.IEnumerable`1[GestaoArmazem.Application.DTOs.ArmazemDto]]] Listar() on controller GestaoArmazem.API.Controllers.ArmazensController (GestaoArmazem.API).
2026-08-15 07:45:08.498 -03:00 [INF] Executing OkObjectResult, writing value of type 'System.Linq.Enumerable+SelectListIterator`2[[GestaoArmazem.Domain.Entities.Localizacao, GestaoArmazem.Domain, Version=1.0.0.0, Culture=neutral, PublicKeyToken=null],[GestaoArmazem.Application.DTOs.LocalizacaoDto, GestaoArmazem.Application, Version=1.0.0.0, Culture=neutral, PublicKeyToken=null]]'.
2026-08-15 07:45:08.506 -03:00 [INF] CORS policy execution successful.
2026-08-15 07:45:08.530 -03:00 [INF] Executed action GestaoArmazem.API.Controllers.LocalizacoesController.Listar (GestaoArmazem.API) in 40.6973ms
2026-08-15 07:45:08.511 -03:00 [INF] Executed endpoint 'GestaoArmazem.API.Controllers.ProdutosController.Listar (GestaoArmazem.API)'
2026-08-15 07:45:08.527 -03:00 [INF] Executing OkObjectResult, writing value of type 'System.Linq.Enumerable+SelectListIterator`2[[GestaoArmazem.Domain.Entities.Armazem, GestaoArmazem.Domain, Version=1.0.0.0, Culture=neutral, PublicKeyToken=null],[GestaoArmazem.Application.DTOs.ArmazemDto, GestaoArmazem.Application, Version=1.0.0.0, Culture=neutral, PublicKeyToken=null]]'.
2026-08-15 07:45:08.534 -03:00 [INF] Request starting HTTP/2 GET https://localhost:7100/api/localizacoes - application/json null
2026-08-15 07:45:08.535 -03:00 [INF] Executing endpoint 'GestaoArmazem.API.Controllers.ProdutosController.Listar (GestaoArmazem.API)'
2026-08-15 07:45:08.541 -03:00 [INF] Executed endpoint 'GestaoArmazem.API.Controllers.LocalizacoesController.Listar (GestaoArmazem.API)'
2026-08-15 07:45:08.546 -03:00 [INF] HTTP GET /api/produtos responded 200 in 264.2596 ms
2026-08-15 07:45:08.552 -03:00 [INF] Executed action GestaoArmazem.API.Controllers.ArmazensController.Listar (GestaoArmazem.API) in 33.195ms
2026-08-15 07:45:08.556 -03:00 [INF] Request starting HTTP/2 GET https://localhost:7100/api/armazens - application/json null
2026-08-15 07:45:08.564 -03:00 [INF] CORS policy execution successful.
2026-08-15 07:45:08.570 -03:00 [INF] Route matched with {action = "Listar", controller = "Produtos"}. Executing controller action with signature System.Threading.Tasks.Task`1[Microsoft.AspNetCore.Mvc.ActionResult`1[System.Collections.Generic.IEnumerable`1[GestaoArmazem.Application.DTOs.ProdutoDto]]] Listar(Int32, Int32) on controller GestaoArmazem.API.Controllers.ProdutosController (GestaoArmazem.API).
2026-08-15 07:45:08.574 -03:00 [INF] HTTP GET /api/localizacoes responded 200 in 170.0012 ms
2026-08-15 07:45:08.609 -03:00 [INF] Executing endpoint 'GestaoArmazem.API.Controllers.LocalizacoesController.Listar (GestaoArmazem.API)'
2026-08-15 07:45:08.624 -03:00 [INF] Executing OkObjectResult, writing value of type 'System.Linq.Enumerable+SelectListIterator`2[[GestaoArmazem.Domain.Entities.Produto, GestaoArmazem.Domain, Version=1.0.0.0, Culture=neutral, PublicKeyToken=null],[GestaoArmazem.Application.DTOs.ProdutoDto, GestaoArmazem.Application, Version=1.0.0.0, Culture=neutral, PublicKeyToken=null]]'.
2026-08-15 07:45:08.590 -03:00 [INF] Request finished HTTP/2 GET https://localhost:7100/api/produtos?pagina=1&tamanhoPagina=20 - 200 null application/json; charset=utf-8 379.88ms
2026-08-15 07:45:08.595 -03:00 [INF] Executed endpoint 'GestaoArmazem.API.Controllers.ArmazensController.Listar (GestaoArmazem.API)'
2026-08-15 07:45:08.606 -03:00 [INF] CORS policy execution successful.
2026-08-15 07:45:08.631 -03:00 [INF] Request finished HTTP/2 GET https://localhost:7100/api/localizacoes - 200 null application/json; charset=utf-8 336.6339ms
2026-08-15 07:45:08.635 -03:00 [INF] Route matched with {action = "Listar", controller = "Localizacoes"}. Executing controller action with signature System.Threading.Tasks.Task`1[Microsoft.AspNetCore.Mvc.ActionResult`1[System.Collections.Generic.IEnumerable`1[GestaoArmazem.Application.DTOs.LocalizacaoDto]]] Listar() on controller GestaoArmazem.API.Controllers.LocalizacoesController (GestaoArmazem.API).
2026-08-15 07:45:08.641 -03:00 [INF] Executed action GestaoArmazem.API.Controllers.ProdutosController.Listar (GestaoArmazem.API) in 22.5783ms
2026-08-15 07:45:08.691 -03:00 [INF] Executing OkObjectResult, writing value of type 'System.Linq.Enumerable+SelectListIterator`2[[GestaoArmazem.Domain.Entities.Localizacao, GestaoArmazem.Domain, Version=1.0.0.0, Culture=neutral, PublicKeyToken=null],[GestaoArmazem.Application.DTOs.LocalizacaoDto, GestaoArmazem.Application, Version=1.0.0.0, Culture=neutral, PublicKeyToken=null]]'.
2026-08-15 07:45:08.660 -03:00 [INF] HTTP GET /api/armazens responded 200 in 243.2574 ms
2026-08-15 07:45:08.664 -03:00 [INF] Executing endpoint 'GestaoArmazem.API.Controllers.ArmazensController.Listar (GestaoArmazem.API)'
2026-08-15 07:45:08.697 -03:00 [INF] Executed endpoint 'GestaoArmazem.API.Controllers.ProdutosController.Listar (GestaoArmazem.API)'
2026-08-15 07:45:08.703 -03:00 [INF] Executed action GestaoArmazem.API.Controllers.LocalizacoesController.Listar (GestaoArmazem.API) in 17.1915ms
2026-08-15 07:45:08.720 -03:00 [INF] HTTP GET /api/produtos responded 200 in 214.5368 ms
2026-08-15 07:45:08.711 -03:00 [INF] Request finished HTTP/2 GET https://localhost:7100/api/armazens - 200 null application/json; charset=utf-8 336.9497ms
2026-08-15 07:45:08.715 -03:00 [INF] Route matched with {action = "Listar", controller = "Armazens"}. Executing controller action with signature System.Threading.Tasks.Task`1[Microsoft.AspNetCore.Mvc.ActionResult`1[System.Collections.Generic.IEnumerable`1[GestaoArmazem.Application.DTOs.ArmazemDto]]] Listar() on controller GestaoArmazem.API.Controllers.ArmazensController (GestaoArmazem.API).
2026-08-15 07:45:08.724 -03:00 [INF] Request starting HTTP/2 OPTIONS https://localhost:7100/api/estoque?produtoId=55c768f5-60e0-47e5-af88-acada09b197a - null null
2026-08-15 07:45:08.728 -03:00 [INF] Executed endpoint 'GestaoArmazem.API.Controllers.LocalizacoesController.Listar (GestaoArmazem.API)'
2026-08-15 07:45:08.739 -03:00 [INF] Request finished HTTP/2 GET https://localhost:7100/api/produtos?pagina=1&tamanhoPagina=20 - 200 null application/json; charset=utf-8 257.0159ms
2026-08-15 07:45:08.775 -03:00 [INF] Executing OkObjectResult, writing value of type 'System.Linq.Enumerable+SelectListIterator`2[[GestaoArmazem.Domain.Entities.Armazem, GestaoArmazem.Domain, Version=1.0.0.0, Culture=neutral, PublicKeyToken=null],[GestaoArmazem.Application.DTOs.ArmazemDto, GestaoArmazem.Application, Version=1.0.0.0, Culture=neutral, PublicKeyToken=null]]'.
2026-08-15 07:45:08.782 -03:00 [INF] CORS policy execution successful.
2026-08-15 07:45:08.786 -03:00 [INF] HTTP GET /api/localizacoes responded 200 in 221.7400 ms
2026-08-15 07:45:08.802 -03:00 [INF] Executed action GestaoArmazem.API.Controllers.ArmazensController.Listar (GestaoArmazem.API) in 31.5317ms
2026-08-15 07:45:08.804 -03:00 [INF] HTTP OPTIONS /api/estoque responded 204 in 21.9326 ms
2026-08-15 07:45:08.811 -03:00 [INF] Request finished HTTP/2 GET https://localhost:7100/api/localizacoes - 200 null application/json; charset=utf-8 277.8266ms
2026-08-15 07:45:08.826 -03:00 [INF] Request finished HTTP/2 OPTIONS https://localhost:7100/api/estoque?produtoId=55c768f5-60e0-47e5-af88-acada09b197a - 204 null null 102.8998ms
2026-08-15 07:45:08.816 -03:00 [INF] Executed endpoint 'GestaoArmazem.API.Controllers.ArmazensController.Listar (GestaoArmazem.API)'
2026-08-15 07:45:08.836 -03:00 [INF] Request starting HTTP/2 GET https://localhost:7100/api/estoque?produtoId=55c768f5-60e0-47e5-af88-acada09b197a - application/json null
2026-08-15 07:45:08.873 -03:00 [INF] HTTP GET /api/armazens responded 200 in 267.7057 ms
2026-08-15 07:45:08.886 -03:00 [INF] CORS policy execution successful.
2026-08-15 07:45:08.895 -03:00 [INF] Request finished HTTP/2 GET https://localhost:7100/api/armazens - 200 null application/json; charset=utf-8 339.1858ms
2026-08-15 07:45:08.898 -03:00 [INF] Executing endpoint 'GestaoArmazem.API.Controllers.EstoqueController.ConsultarPorProduto (GestaoArmazem.API)'
2026-08-15 07:45:08.916 -03:00 [INF] Route matched with {action = "ConsultarPorProduto", controller = "Estoque"}. Executing controller action with signature System.Threading.Tasks.Task`1[Microsoft.AspNetCore.Mvc.ActionResult`1[System.Collections.Generic.IEnumerable`1[GestaoArmazem.Application.DTOs.EstoqueDto]]] ConsultarPorProduto(System.Guid) on controller GestaoArmazem.API.Controllers.EstoqueController (GestaoArmazem.API).
2026-08-15 07:45:08.936 -03:00 [INF] Executing OkObjectResult, writing value of type 'System.Linq.Enumerable+SelectListIterator`2[[GestaoArmazem.Domain.Entities.Estoque, GestaoArmazem.Domain, Version=1.0.0.0, Culture=neutral, PublicKeyToken=null],[GestaoArmazem.Application.DTOs.EstoqueDto, GestaoArmazem.Application, Version=1.0.0.0, Culture=neutral, PublicKeyToken=null]]'.
2026-08-15 07:45:08.942 -03:00 [INF] Executed action GestaoArmazem.API.Controllers.EstoqueController.ConsultarPorProduto (GestaoArmazem.API) in 17.4995ms
2026-08-15 07:45:08.948 -03:00 [INF] Executed endpoint 'GestaoArmazem.API.Controllers.EstoqueController.ConsultarPorProduto (GestaoArmazem.API)'
2026-08-15 07:45:08.953 -03:00 [INF] HTTP GET /api/estoque responded 200 in 67.1638 ms
2026-08-15 07:45:08.962 -03:00 [INF] Request finished HTTP/2 GET https://localhost:7100/api/estoque?produtoId=55c768f5-60e0-47e5-af88-acada09b197a - 200 null application/json; charset=utf-8 127.2125ms
2026-08-15 07:45:09.413 -03:00 [INF] Request starting HTTP/2 GET https://localhost:7100/api/produtos?pagina=1&tamanhoPagina=20 - application/json null
2026-08-15 07:45:09.418 -03:00 [INF] Request starting HTTP/2 GET https://localhost:7100/api/localizacoes - application/json null
2026-08-15 07:45:09.422 -03:00 [INF] Request starting HTTP/2 GET https://localhost:7100/api/armazens - application/json null
2026-08-15 07:45:09.449 -03:00 [INF] CORS policy execution successful.
2026-08-15 07:45:09.490 -03:00 [INF] CORS policy execution successful.
2026-08-15 07:45:09.510 -03:00 [INF] CORS policy execution successful.
2026-08-15 07:45:09.513 -03:00 [INF] Executing endpoint 'GestaoArmazem.API.Controllers.ProdutosController.Listar (GestaoArmazem.API)'
2026-08-15 07:45:09.516 -03:00 [INF] Executing endpoint 'GestaoArmazem.API.Controllers.LocalizacoesController.Listar (GestaoArmazem.API)'
2026-08-15 07:45:09.526 -03:00 [INF] Executing endpoint 'GestaoArmazem.API.Controllers.ArmazensController.Listar (GestaoArmazem.API)'
2026-08-15 07:45:09.530 -03:00 [INF] Route matched with {action = "Listar", controller = "Produtos"}. Executing controller action with signature System.Threading.Tasks.Task`1[Microsoft.AspNetCore.Mvc.ActionResult`1[System.Collections.Generic.IEnumerable`1[GestaoArmazem.Application.DTOs.ProdutoDto]]] Listar(Int32, Int32) on controller GestaoArmazem.API.Controllers.ProdutosController (GestaoArmazem.API).
2026-08-15 07:45:09.533 -03:00 [INF] Route matched with {action = "Listar", controller = "Localizacoes"}. Executing controller action with signature System.Threading.Tasks.Task`1[Microsoft.AspNetCore.Mvc.ActionResult`1[System.Collections.Generic.IEnumerable`1[GestaoArmazem.Application.DTOs.LocalizacaoDto]]] Listar() on controller GestaoArmazem.API.Controllers.LocalizacoesController (GestaoArmazem.API).
2026-08-15 07:45:09.539 -03:00 [INF] Route matched with {action = "Listar", controller = "Armazens"}. Executing controller action with signature System.Threading.Tasks.Task`1[Microsoft.AspNetCore.Mvc.ActionResult`1[System.Collections.Generic.IEnumerable`1[GestaoArmazem.Application.DTOs.ArmazemDto]]] Listar() on controller GestaoArmazem.API.Controllers.ArmazensController (GestaoArmazem.API).
2026-08-15 07:45:09.551 -03:00 [INF] Executing OkObjectResult, writing value of type 'System.Linq.Enumerable+SelectListIterator`2[[GestaoArmazem.Domain.Entities.Produto, GestaoArmazem.Domain, Version=1.0.0.0, Culture=neutral, PublicKeyToken=null],[GestaoArmazem.Application.DTOs.ProdutoDto, GestaoArmazem.Application, Version=1.0.0.0, Culture=neutral, PublicKeyToken=null]]'.
2026-08-15 07:45:09.573 -03:00 [INF] Executing OkObjectResult, writing value of type 'System.Linq.Enumerable+SelectListIterator`2[[GestaoArmazem.Domain.Entities.Armazem, GestaoArmazem.Domain, Version=1.0.0.0, Culture=neutral, PublicKeyToken=null],[GestaoArmazem.Application.DTOs.ArmazemDto, GestaoArmazem.Application, Version=1.0.0.0, Culture=neutral, PublicKeyToken=null]]'.
2026-08-15 07:45:09.578 -03:00 [INF] Executed action GestaoArmazem.API.Controllers.ProdutosController.Listar (GestaoArmazem.API) in 30.8671ms
2026-08-15 07:45:09.581 -03:00 [INF] Request starting HTTP/2 GET https://localhost:7100/api/produtos?pagina=1&tamanhoPagina=20 - application/json null
2026-08-15 07:45:09.583 -03:00 [INF] Executed action GestaoArmazem.API.Controllers.ArmazensController.Listar (GestaoArmazem.API) in 14.9816ms
2026-08-15 07:45:09.562 -03:00 [INF] Executing OkObjectResult, writing value of type 'System.Linq.Enumerable+SelectListIterator`2[[GestaoArmazem.Domain.Entities.Localizacao, GestaoArmazem.Domain, Version=1.0.0.0, Culture=neutral, PublicKeyToken=null],[GestaoArmazem.Application.DTOs.LocalizacaoDto, GestaoArmazem.Application, Version=1.0.0.0, Culture=neutral, PublicKeyToken=null]]'.
2026-08-15 07:45:09.587 -03:00 [INF] Request starting HTTP/2 GET https://localhost:7100/api/armazens - application/json null
2026-08-15 07:45:09.606 -03:00 [INF] CORS policy execution successful.
2026-08-15 07:45:09.613 -03:00 [INF] Executed endpoint 'GestaoArmazem.API.Controllers.ArmazensController.Listar (GestaoArmazem.API)'
2026-08-15 07:45:09.590 -03:00 [INF] Executed endpoint 'GestaoArmazem.API.Controllers.ProdutosController.Listar (GestaoArmazem.API)'
2026-08-15 07:45:09.619 -03:00 [INF] Executed action GestaoArmazem.API.Controllers.LocalizacoesController.Listar (GestaoArmazem.API) in 62.264ms
2026-08-15 07:45:09.623 -03:00 [INF] Request starting HTTP/2 GET https://localhost:7100/api/localizacoes - application/json null
2026-08-15 07:45:09.632 -03:00 [INF] CORS policy execution successful.
2026-08-15 07:45:09.636 -03:00 [INF] Executing endpoint 'GestaoArmazem.API.Controllers.ProdutosController.Listar (GestaoArmazem.API)'
2026-08-15 07:45:09.640 -03:00 [INF] HTTP GET /api/armazens responded 200 in 130.7666 ms
2026-08-15 07:45:09.645 -03:00 [INF] HTTP GET /api/produtos responded 200 in 195.5775 ms
2026-08-15 07:45:09.651 -03:00 [INF] Executed endpoint 'GestaoArmazem.API.Controllers.LocalizacoesController.Listar (GestaoArmazem.API)'
2026-08-15 07:45:09.661 -03:00 [INF] CORS policy execution successful.
2026-08-15 07:45:09.663 -03:00 [INF] Executing endpoint 'GestaoArmazem.API.Controllers.ArmazensController.Listar (GestaoArmazem.API)'
2026-08-15 07:45:09.669 -03:00 [INF] Route matched with {action = "Listar", controller = "Produtos"}. Executing controller action with signature System.Threading.Tasks.Task`1[Microsoft.AspNetCore.Mvc.ActionResult`1[System.Collections.Generic.IEnumerable`1[GestaoArmazem.Application.DTOs.ProdutoDto]]] Listar(Int32, Int32) on controller GestaoArmazem.API.Controllers.ProdutosController (GestaoArmazem.API).
2026-08-15 07:45:09.676 -03:00 [INF] Request finished HTTP/2 GET https://localhost:7100/api/armazens - 200 null application/json; charset=utf-8 256.6613ms
2026-08-15 07:45:09.711 -03:00 [INF] Executing OkObjectResult, writing value of type 'System.Linq.Enumerable+SelectListIterator`2[[GestaoArmazem.Domain.Entities.Produto, GestaoArmazem.Domain, Version=1.0.0.0, Culture=neutral, PublicKeyToken=null],[GestaoArmazem.Application.DTOs.ProdutoDto, GestaoArmazem.Application, Version=1.0.0.0, Culture=neutral, PublicKeyToken=null]]'.
2026-08-15 07:45:09.685 -03:00 [INF] Request finished HTTP/2 GET https://localhost:7100/api/produtos?pagina=1&tamanhoPagina=20 - 200 null application/json; charset=utf-8 273.7358ms
2026-08-15 07:45:09.696 -03:00 [INF] Route matched with {action = "Listar", controller = "Armazens"}. Executing controller action with signature System.Threading.Tasks.Task`1[Microsoft.AspNetCore.Mvc.ActionResult`1[System.Collections.Generic.IEnumerable`1[GestaoArmazem.Application.DTOs.ArmazemDto]]] Listar() on controller GestaoArmazem.API.Controllers.ArmazensController (GestaoArmazem.API).
2026-08-15 07:45:09.689 -03:00 [INF] HTTP GET /api/localizacoes responded 200 in 198.5458 ms
2026-08-15 07:45:09.727 -03:00 [INF] Executed action GestaoArmazem.API.Controllers.ProdutosController.Listar (GestaoArmazem.API) in 22.3859ms
2026-08-15 07:45:09.752 -03:00 [INF] Executing OkObjectResult, writing value of type 'System.Linq.Enumerable+SelectListIterator`2[[GestaoArmazem.Domain.Entities.Armazem, GestaoArmazem.Domain, Version=1.0.0.0, Culture=neutral, PublicKeyToken=null],[GestaoArmazem.Application.DTOs.ArmazemDto, GestaoArmazem.Application, Version=1.0.0.0, Culture=neutral, PublicKeyToken=null]]'.
2026-08-15 07:45:09.692 -03:00 [INF] Executing endpoint 'GestaoArmazem.API.Controllers.LocalizacoesController.Listar (GestaoArmazem.API)'
2026-08-15 07:45:09.762 -03:00 [INF] Request finished HTTP/2 GET https://localhost:7100/api/localizacoes - 200 null application/json; charset=utf-8 345.7555ms
2026-08-15 07:45:09.767 -03:00 [INF] Executed endpoint 'GestaoArmazem.API.Controllers.ProdutosController.Listar (GestaoArmazem.API)'
2026-08-15 07:45:09.774 -03:00 [INF] Executed action GestaoArmazem.API.Controllers.ArmazensController.Listar (GestaoArmazem.API) in 26.6025ms
2026-08-15 07:45:09.780 -03:00 [INF] Route matched with {action = "Listar", controller = "Localizacoes"}. Executing controller action with signature System.Threading.Tasks.Task`1[Microsoft.AspNetCore.Mvc.ActionResult`1[System.Collections.Generic.IEnumerable`1[GestaoArmazem.Application.DTOs.LocalizacaoDto]]] Listar() on controller GestaoArmazem.API.Controllers.LocalizacoesController (GestaoArmazem.API).
2026-08-15 07:45:09.807 -03:00 [INF] HTTP GET /api/produtos responded 200 in 201.0137 ms
2026-08-15 07:45:09.811 -03:00 [INF] Executed endpoint 'GestaoArmazem.API.Controllers.ArmazensController.Listar (GestaoArmazem.API)'
2026-08-15 07:45:09.825 -03:00 [INF] Executing OkObjectResult, writing value of type 'System.Linq.Enumerable+SelectListIterator`2[[GestaoArmazem.Domain.Entities.Localizacao, GestaoArmazem.Domain, Version=1.0.0.0, Culture=neutral, PublicKeyToken=null],[GestaoArmazem.Application.DTOs.LocalizacaoDto, GestaoArmazem.Application, Version=1.0.0.0, Culture=neutral, PublicKeyToken=null]]'.
2026-08-15 07:45:09.832 -03:00 [INF] Request finished HTTP/2 GET https://localhost:7100/api/produtos?pagina=1&tamanhoPagina=20 - 200 null application/json; charset=utf-8 251.8935ms
2026-08-15 07:45:09.836 -03:00 [INF] HTTP GET /api/armazens responded 200 in 204.1836 ms
2026-08-15 07:45:09.841 -03:00 [INF] Executed action GestaoArmazem.API.Controllers.LocalizacoesController.Listar (GestaoArmazem.API) in 22.1347ms
2026-08-15 07:45:09.869 -03:00 [INF] Request finished HTTP/2 GET https://localhost:7100/api/armazens - 200 null application/json; charset=utf-8 282.7389ms
2026-08-15 07:45:09.874 -03:00 [INF] Executed endpoint 'GestaoArmazem.API.Controllers.LocalizacoesController.Listar (GestaoArmazem.API)'
2026-08-15 07:45:09.891 -03:00 [INF] HTTP GET /api/localizacoes responded 200 in 230.6761 ms
2026-08-15 07:45:09.899 -03:00 [INF] Request finished HTTP/2 GET https://localhost:7100/api/localizacoes - 200 null application/json; charset=utf-8 277.1425ms
2026-08-15 07:45:32.426 -03:00 [INF] Request starting HTTP/2 OPTIONS https://localhost:7100/api/movimentacoes/transferencia - null null
2026-08-15 07:45:32.443 -03:00 [INF] CORS policy execution successful.
2026-08-15 07:45:32.449 -03:00 [INF] HTTP OPTIONS /api/movimentacoes/transferencia responded 204 in 6.1408 ms
2026-08-15 07:45:32.464 -03:00 [INF] Request finished HTTP/2 OPTIONS https://localhost:7100/api/movimentacoes/transferencia - 204 null null 54.819ms
2026-08-15 07:45:32.470 -03:00 [INF] Request starting HTTP/2 POST https://localhost:7100/api/movimentacoes/transferencia - application/json 242
2026-08-15 07:45:32.489 -03:00 [INF] CORS policy execution successful.
2026-08-15 07:45:32.493 -03:00 [INF] Executing endpoint 'GestaoArmazem.API.Controllers.MovimentacoesController.RegistrarTransferencia (GestaoArmazem.API)'
2026-08-15 07:45:32.504 -03:00 [INF] Route matched with {action = "RegistrarTransferencia", controller = "Movimentacoes"}. Executing controller action with signature System.Threading.Tasks.Task`1[Microsoft.AspNetCore.Mvc.IActionResult] RegistrarTransferencia(GestaoArmazem.Application.DTOs.MovimentacaoTransferenciaDto) on controller GestaoArmazem.API.Controllers.MovimentacoesController (GestaoArmazem.API).
2026-08-15 07:45:32.586 -03:00 [INF] Executing StatusCodeResult, setting HTTP status code 204
2026-08-15 07:45:32.590 -03:00 [INF] Executed action GestaoArmazem.API.Controllers.MovimentacoesController.RegistrarTransferencia (GestaoArmazem.API) in 77.7073ms
2026-08-15 07:45:32.595 -03:00 [INF] Executed endpoint 'GestaoArmazem.API.Controllers.MovimentacoesController.RegistrarTransferencia (GestaoArmazem.API)'
2026-08-15 07:45:32.600 -03:00 [INF] HTTP POST /api/movimentacoes/transferencia responded 204 in 110.9561 ms
2026-08-15 07:45:32.607 -03:00 [INF] Request finished HTTP/2 POST https://localhost:7100/api/movimentacoes/transferencia - 204 null null 138.2627ms
2026-08-15 07:45:37.920 -03:00 [INF] Request starting HTTP/2 OPTIONS https://localhost:7100/api/produtos?pagina=1&tamanhoPagina=20 - null null
2026-08-15 07:45:37.929 -03:00 [INF] Request starting HTTP/2 OPTIONS https://localhost:7100/api/localizacoes - null null
2026-08-15 07:45:37.966 -03:00 [INF] Request starting HTTP/2 OPTIONS https://localhost:7100/api/armazens - null null
2026-08-15 07:45:37.929 -03:00 [INF] Request starting HTTP/2 OPTIONS https://localhost:7100/api/armazens - null null
2026-08-15 07:45:37.965 -03:00 [INF] Request starting HTTP/2 OPTIONS https://localhost:7100/api/localizacoes - null null
2026-08-15 07:45:37.929 -03:00 [INF] Request starting HTTP/2 OPTIONS https://localhost:7100/api/produtos?pagina=1&tamanhoPagina=20 - null null
2026-08-15 07:45:37.988 -03:00 [INF] CORS policy execution successful.
2026-08-15 07:45:38.004 -03:00 [INF] CORS policy execution successful.
2026-08-15 07:45:38.021 -03:00 [INF] CORS policy execution successful.
2026-08-15 07:45:38.035 -03:00 [INF] CORS policy execution successful.
2026-08-15 07:45:38.051 -03:00 [INF] CORS policy execution successful.
2026-08-15 07:45:37.967 -03:00 [INF] CORS policy execution successful.
2026-08-15 07:45:38.056 -03:00 [INF] HTTP OPTIONS /api/localizacoes responded 204 in 67.7759 ms
2026-08-15 07:45:38.059 -03:00 [INF] HTTP OPTIONS /api/armazens responded 204 in 54.8333 ms
2026-08-15 07:45:38.080 -03:00 [INF] Request finished HTTP/2 OPTIONS https://localhost:7100/api/localizacoes - 204 null null 152.0987ms
2026-08-15 07:45:38.062 -03:00 [INF] HTTP OPTIONS /api/armazens responded 204 in 41.1536 ms
2026-08-15 07:45:38.110 -03:00 [INF] Request starting HTTP/2 GET https://localhost:7100/api/localizacoes - application/json null
2026-08-15 07:45:38.090 -03:00 [INF] Request finished HTTP/2 OPTIONS https://localhost:7100/api/armazens - 204 null null 124.6013ms
2026-08-15 07:45:38.131 -03:00 [INF] Request finished HTTP/2 OPTIONS https://localhost:7100/api/armazens - 204 null null 202.2819ms
2026-08-15 07:45:38.065 -03:00 [INF] HTTP OPTIONS /api/localizacoes responded 204 in 29.6310 ms
2026-08-15 07:45:38.068 -03:00 [INF] HTTP OPTIONS /api/produtos responded 204 in 17.2362 ms
2026-08-15 07:45:38.071 -03:00 [INF] HTTP OPTIONS /api/produtos responded 204 in 103.8193 ms
2026-08-15 07:45:38.146 -03:00 [INF] CORS policy execution successful.
2026-08-15 07:45:38.179 -03:00 [INF] Request finished HTTP/2 OPTIONS https://localhost:7100/api/localizacoes - 204 null null 214.652ms
2026-08-15 07:45:38.186 -03:00 [INF] Request finished HTTP/2 OPTIONS https://localhost:7100/api/produtos?pagina=1&tamanhoPagina=20 - 204 null null 256.6849ms
2026-08-15 07:45:38.121 -03:00 [INF] Request starting HTTP/2 GET https://localhost:7100/api/armazens - application/json null
2026-08-15 07:45:38.191 -03:00 [INF] Request starting HTTP/2 GET https://localhost:7100/api/produtos?pagina=1&tamanhoPagina=20 - application/json null
2026-08-15 07:45:38.194 -03:00 [INF] Request finished HTTP/2 OPTIONS https://localhost:7100/api/produtos?pagina=1&tamanhoPagina=20 - 204 null null 275.5782ms
2026-08-15 07:45:38.198 -03:00 [INF] Executing endpoint 'GestaoArmazem.API.Controllers.LocalizacoesController.Listar (GestaoArmazem.API)'
2026-08-15 07:45:38.231 -03:00 [INF] CORS policy execution successful.
2026-08-15 07:45:38.241 -03:00 [INF] CORS policy execution successful.
2026-08-15 07:45:38.258 -03:00 [INF] Route matched with {action = "Listar", controller = "Localizacoes"}. Executing controller action with signature System.Threading.Tasks.Task`1[Microsoft.AspNetCore.Mvc.ActionResult`1[System.Collections.Generic.IEnumerable`1[GestaoArmazem.Application.DTOs.LocalizacaoDto]]] Listar() on controller GestaoArmazem.API.Controllers.LocalizacoesController (GestaoArmazem.API).
2026-08-15 07:45:38.262 -03:00 [INF] Executing endpoint 'GestaoArmazem.API.Controllers.ArmazensController.Listar (GestaoArmazem.API)'
2026-08-15 07:45:38.265 -03:00 [INF] Executing endpoint 'GestaoArmazem.API.Controllers.ProdutosController.Listar (GestaoArmazem.API)'
2026-08-15 07:45:38.281 -03:00 [INF] Executing OkObjectResult, writing value of type 'System.Linq.Enumerable+SelectListIterator`2[[GestaoArmazem.Domain.Entities.Localizacao, GestaoArmazem.Domain, Version=1.0.0.0, Culture=neutral, PublicKeyToken=null],[GestaoArmazem.Application.DTOs.LocalizacaoDto, GestaoArmazem.Application, Version=1.0.0.0, Culture=neutral, PublicKeyToken=null]]'.
2026-08-15 07:45:38.282 -03:00 [INF] Route matched with {action = "Listar", controller = "Armazens"}. Executing controller action with signature System.Threading.Tasks.Task`1[Microsoft.AspNetCore.Mvc.ActionResult`1[System.Collections.Generic.IEnumerable`1[GestaoArmazem.Application.DTOs.ArmazemDto]]] Listar() on controller GestaoArmazem.API.Controllers.ArmazensController (GestaoArmazem.API).
2026-08-15 07:45:38.288 -03:00 [INF] Route matched with {action = "Listar", controller = "Produtos"}. Executing controller action with signature System.Threading.Tasks.Task`1[Microsoft.AspNetCore.Mvc.ActionResult`1[System.Collections.Generic.IEnumerable`1[GestaoArmazem.Application.DTOs.ProdutoDto]]] Listar(Int32, Int32) on controller GestaoArmazem.API.Controllers.ProdutosController (GestaoArmazem.API).
2026-08-15 07:45:38.296 -03:00 [INF] Executed action GestaoArmazem.API.Controllers.LocalizacoesController.Listar (GestaoArmazem.API) in 23.2902ms
2026-08-15 07:45:38.313 -03:00 [INF] Executing OkObjectResult, writing value of type 'System.Linq.Enumerable+SelectListIterator`2[[GestaoArmazem.Domain.Entities.Armazem, GestaoArmazem.Domain, Version=1.0.0.0, Culture=neutral, PublicKeyToken=null],[GestaoArmazem.Application.DTOs.ArmazemDto, GestaoArmazem.Application, Version=1.0.0.0, Culture=neutral, PublicKeyToken=null]]'.
2026-08-15 07:45:38.301 -03:00 [INF] Request starting HTTP/2 GET https://localhost:7100/api/localizacoes - application/json null
2026-08-15 07:45:38.325 -03:00 [INF] Executing OkObjectResult, writing value of type 'System.Linq.Enumerable+SelectListIterator`2[[GestaoArmazem.Domain.Entities.Produto, GestaoArmazem.Domain, Version=1.0.0.0, Culture=neutral, PublicKeyToken=null],[GestaoArmazem.Application.DTOs.ProdutoDto, GestaoArmazem.Application, Version=1.0.0.0, Culture=neutral, PublicKeyToken=null]]'.
2026-08-15 07:45:38.334 -03:00 [INF] Executed action GestaoArmazem.API.Controllers.ArmazensController.Listar (GestaoArmazem.API) in 28.2296ms
2026-08-15 07:45:38.339 -03:00 [INF] Request starting HTTP/2 GET https://localhost:7100/api/armazens - application/json null
2026-08-15 07:45:38.358 -03:00 [INF] Request starting HTTP/2 GET https://localhost:7100/api/produtos?pagina=1&tamanhoPagina=20 - application/json null
2026-08-15 07:45:38.355 -03:00 [INF] Executed action GestaoArmazem.API.Controllers.ProdutosController.Listar (GestaoArmazem.API) in 38.8486ms
2026-08-15 07:45:38.327 -03:00 [INF] Executed endpoint 'GestaoArmazem.API.Controllers.LocalizacoesController.Listar (GestaoArmazem.API)'
2026-08-15 07:45:38.349 -03:00 [INF] CORS policy execution successful.
2026-08-15 07:45:38.367 -03:00 [INF] Executed endpoint 'GestaoArmazem.API.Controllers.ArmazensController.Listar (GestaoArmazem.API)'
2026-08-15 07:45:38.378 -03:00 [INF] CORS policy execution successful.
2026-08-15 07:45:38.388 -03:00 [INF] CORS policy execution successful.
2026-08-15 07:45:38.393 -03:00 [INF] Executed endpoint 'GestaoArmazem.API.Controllers.ProdutosController.Listar (GestaoArmazem.API)'
2026-08-15 07:45:38.397 -03:00 [INF] HTTP GET /api/localizacoes responded 200 in 251.0167 ms
2026-08-15 07:45:38.400 -03:00 [INF] Executing endpoint 'GestaoArmazem.API.Controllers.LocalizacoesController.Listar (GestaoArmazem.API)'
2026-08-15 07:45:38.404 -03:00 [INF] HTTP GET /api/armazens responded 200 in 172.2775 ms
2026-08-15 07:45:38.407 -03:00 [INF] Executing endpoint 'GestaoArmazem.API.Controllers.ArmazensController.Listar (GestaoArmazem.API)'
2026-08-15 07:45:38.409 -03:00 [INF] Executing endpoint 'GestaoArmazem.API.Controllers.ProdutosController.Listar (GestaoArmazem.API)'
2026-08-15 07:45:38.414 -03:00 [INF] HTTP GET /api/produtos responded 200 in 173.3884 ms
2026-08-15 07:45:38.423 -03:00 [INF] Request finished HTTP/2 GET https://localhost:7100/api/localizacoes - 200 null application/json; charset=utf-8 312.8854ms
2026-08-15 07:45:38.434 -03:00 [INF] Route matched with {action = "Listar", controller = "Localizacoes"}. Executing controller action with signature System.Threading.Tasks.Task`1[Microsoft.AspNetCore.Mvc.ActionResult`1[System.Collections.Generic.IEnumerable`1[GestaoArmazem.Application.DTOs.LocalizacaoDto]]] Listar() on controller GestaoArmazem.API.Controllers.LocalizacoesController (GestaoArmazem.API).
2026-08-15 07:45:38.447 -03:00 [INF] Request finished HTTP/2 GET https://localhost:7100/api/armazens - 200 null application/json; charset=utf-8 325.9636ms
2026-08-15 07:45:38.452 -03:00 [INF] Route matched with {action = "Listar", controller = "Armazens"}. Executing controller action with signature System.Threading.Tasks.Task`1[Microsoft.AspNetCore.Mvc.ActionResult`1[System.Collections.Generic.IEnumerable`1[GestaoArmazem.Application.DTOs.ArmazemDto]]] Listar() on controller GestaoArmazem.API.Controllers.ArmazensController (GestaoArmazem.API).
2026-08-15 07:45:38.457 -03:00 [INF] Route matched with {action = "Listar", controller = "Produtos"}. Executing controller action with signature System.Threading.Tasks.Task`1[Microsoft.AspNetCore.Mvc.ActionResult`1[System.Collections.Generic.IEnumerable`1[GestaoArmazem.Application.DTOs.ProdutoDto]]] Listar(Int32, Int32) on controller GestaoArmazem.API.Controllers.ProdutosController (GestaoArmazem.API).
2026-08-15 07:45:38.465 -03:00 [INF] Request finished HTTP/2 GET https://localhost:7100/api/produtos?pagina=1&tamanhoPagina=20 - 200 null application/json; charset=utf-8 274.4134ms
2026-08-15 07:45:38.523 -03:00 [INF] Executing OkObjectResult, writing value of type 'System.Linq.Enumerable+SelectListIterator`2[[GestaoArmazem.Domain.Entities.Produto, GestaoArmazem.Domain, Version=1.0.0.0, Culture=neutral, PublicKeyToken=null],[GestaoArmazem.Application.DTOs.ProdutoDto, GestaoArmazem.Application, Version=1.0.0.0, Culture=neutral, PublicKeyToken=null]]'.
2026-08-15 07:45:38.511 -03:00 [INF] Executing OkObjectResult, writing value of type 'System.Linq.Enumerable+SelectListIterator`2[[GestaoArmazem.Domain.Entities.Armazem, GestaoArmazem.Domain, Version=1.0.0.0, Culture=neutral, PublicKeyToken=null],[GestaoArmazem.Application.DTOs.ArmazemDto, GestaoArmazem.Application, Version=1.0.0.0, Culture=neutral, PublicKeyToken=null]]'.
2026-08-15 07:45:38.488 -03:00 [INF] Executing OkObjectResult, writing value of type 'System.Linq.Enumerable+SelectListIterator`2[[GestaoArmazem.Domain.Entities.Localizacao, GestaoArmazem.Domain, Version=1.0.0.0, Culture=neutral, PublicKeyToken=null],[GestaoArmazem.Application.DTOs.LocalizacaoDto, GestaoArmazem.Application, Version=1.0.0.0, Culture=neutral, PublicKeyToken=null]]'.
2026-08-15 07:45:38.539 -03:00 [INF] Executed action GestaoArmazem.API.Controllers.ProdutosController.Listar (GestaoArmazem.API) in 21.4726ms
2026-08-15 07:45:38.546 -03:00 [INF] Executed action GestaoArmazem.API.Controllers.ArmazensController.Listar (GestaoArmazem.API) in 38.7597ms
2026-08-15 07:45:38.552 -03:00 [INF] Executed action GestaoArmazem.API.Controllers.LocalizacoesController.Listar (GestaoArmazem.API) in 68.3325ms
2026-08-15 07:45:38.559 -03:00 [INF] Executed endpoint 'GestaoArmazem.API.Controllers.ProdutosController.Listar (GestaoArmazem.API)'
2026-08-15 07:45:38.565 -03:00 [INF] Executed endpoint 'GestaoArmazem.API.Controllers.ArmazensController.Listar (GestaoArmazem.API)'
2026-08-15 07:45:38.571 -03:00 [INF] Executed endpoint 'GestaoArmazem.API.Controllers.LocalizacoesController.Listar (GestaoArmazem.API)'
2026-08-15 07:45:38.576 -03:00 [INF] HTTP GET /api/produtos responded 200 in 187.8043 ms
2026-08-15 07:45:38.581 -03:00 [INF] HTTP GET /api/armazens responded 200 in 203.1654 ms
2026-08-15 07:45:38.586 -03:00 [INF] HTTP GET /api/localizacoes responded 200 in 237.0008 ms
2026-08-15 07:45:38.595 -03:00 [INF] Request finished HTTP/2 GET https://localhost:7100/api/produtos?pagina=1&tamanhoPagina=20 - 200 null application/json; charset=utf-8 237.0642ms
2026-08-15 07:45:38.604 -03:00 [INF] Request finished HTTP/2 GET https://localhost:7100/api/armazens - 200 null application/json; charset=utf-8 266.2082ms
2026-08-15 07:45:38.614 -03:00 [INF] Request finished HTTP/2 GET https://localhost:7100/api/localizacoes - 200 null application/json; charset=utf-8 314.2257ms
2026-08-15 07:45:38.620 -03:00 [INF] Request starting HTTP/2 OPTIONS https://localhost:7100/api/estoque?produtoId=55c768f5-60e0-47e5-af88-acada09b197a - null null
2026-08-15 07:45:38.668 -03:00 [INF] CORS policy execution successful.
2026-08-15 07:45:38.671 -03:00 [INF] HTTP OPTIONS /api/estoque responded 204 in 3.0495 ms
2026-08-15 07:45:38.680 -03:00 [INF] Request finished HTTP/2 OPTIONS https://localhost:7100/api/estoque?produtoId=55c768f5-60e0-47e5-af88-acada09b197a - 204 null null 60.9669ms
2026-08-15 07:45:38.685 -03:00 [INF] Request starting HTTP/2 GET https://localhost:7100/api/estoque?produtoId=55c768f5-60e0-47e5-af88-acada09b197a - application/json null
2026-08-15 07:45:38.703 -03:00 [INF] CORS policy execution successful.
2026-08-15 07:45:38.707 -03:00 [INF] Executing endpoint 'GestaoArmazem.API.Controllers.EstoqueController.ConsultarPorProduto (GestaoArmazem.API)'
2026-08-15 07:45:38.712 -03:00 [INF] Route matched with {action = "ConsultarPorProduto", controller = "Estoque"}. Executing controller action with signature System.Threading.Tasks.Task`1[Microsoft.AspNetCore.Mvc.ActionResult`1[System.Collections.Generic.IEnumerable`1[GestaoArmazem.Application.DTOs.EstoqueDto]]] ConsultarPorProduto(System.Guid) on controller GestaoArmazem.API.Controllers.EstoqueController (GestaoArmazem.API).
2026-08-15 07:45:38.730 -03:00 [INF] Executing OkObjectResult, writing value of type 'System.Linq.Enumerable+SelectListIterator`2[[GestaoArmazem.Domain.Entities.Estoque, GestaoArmazem.Domain, Version=1.0.0.0, Culture=neutral, PublicKeyToken=null],[GestaoArmazem.Application.DTOs.EstoqueDto, GestaoArmazem.Application, Version=1.0.0.0, Culture=neutral, PublicKeyToken=null]]'.
2026-08-15 07:45:38.737 -03:00 [INF] Executed action GestaoArmazem.API.Controllers.EstoqueController.ConsultarPorProduto (GestaoArmazem.API) in 16.2834ms
2026-08-15 07:45:38.748 -03:00 [INF] Executed endpoint 'GestaoArmazem.API.Controllers.EstoqueController.ConsultarPorProduto (GestaoArmazem.API)'
2026-08-15 07:45:38.753 -03:00 [INF] HTTP GET /api/estoque responded 200 in 50.1467 ms
2026-08-15 07:45:38.764 -03:00 [INF] Request finished HTTP/2 GET https://localhost:7100/api/estoque?produtoId=55c768f5-60e0-47e5-af88-acada09b197a - 200 null application/json; charset=utf-8 79.3688ms
2026-08-15 07:45:41.552 -03:00 [INF] Request starting HTTP/2 OPTIONS https://localhost:7100/api/estoque?produtoId=dfa21826-d39c-4a31-9b22-1e583164e475 - null null
2026-08-15 07:45:41.581 -03:00 [INF] CORS policy execution successful.
2026-08-15 07:45:41.587 -03:00 [INF] HTTP OPTIONS /api/estoque responded 204 in 6.1949 ms
2026-08-15 07:45:41.602 -03:00 [INF] Request finished HTTP/2 OPTIONS https://localhost:7100/api/estoque?produtoId=dfa21826-d39c-4a31-9b22-1e583164e475 - 204 null null 55.202ms
2026-08-15 07:45:41.614 -03:00 [INF] Request starting HTTP/2 GET https://localhost:7100/api/estoque?produtoId=dfa21826-d39c-4a31-9b22-1e583164e475 - application/json null
2026-08-15 07:45:41.651 -03:00 [INF] CORS policy execution successful.
2026-08-15 07:45:41.657 -03:00 [INF] Executing endpoint 'GestaoArmazem.API.Controllers.EstoqueController.ConsultarPorProduto (GestaoArmazem.API)'
2026-08-15 07:45:41.666 -03:00 [INF] Route matched with {action = "ConsultarPorProduto", controller = "Estoque"}. Executing controller action with signature System.Threading.Tasks.Task`1[Microsoft.AspNetCore.Mvc.ActionResult`1[System.Collections.Generic.IEnumerable`1[GestaoArmazem.Application.DTOs.EstoqueDto]]] ConsultarPorProduto(System.Guid) on controller GestaoArmazem.API.Controllers.EstoqueController (GestaoArmazem.API).
2026-08-15 07:45:41.693 -03:00 [INF] Executing OkObjectResult, writing value of type 'System.Linq.Enumerable+SelectListIterator`2[[GestaoArmazem.Domain.Entities.Estoque, GestaoArmazem.Domain, Version=1.0.0.0, Culture=neutral, PublicKeyToken=null],[GestaoArmazem.Application.DTOs.EstoqueDto, GestaoArmazem.Application, Version=1.0.0.0, Culture=neutral, PublicKeyToken=null]]'.
2026-08-15 07:45:41.708 -03:00 [INF] Executed action GestaoArmazem.API.Controllers.EstoqueController.ConsultarPorProduto (GestaoArmazem.API) in 26.5969ms
2026-08-15 07:45:41.721 -03:00 [INF] Executed endpoint 'GestaoArmazem.API.Controllers.EstoqueController.ConsultarPorProduto (GestaoArmazem.API)'
2026-08-15 07:45:41.730 -03:00 [INF] HTTP GET /api/estoque responded 200 in 79.1485 ms
2026-08-15 07:45:41.742 -03:00 [INF] Request finished HTTP/2 GET https://localhost:7100/api/estoque?produtoId=dfa21826-d39c-4a31-9b22-1e583164e475 - 200 null application/json; charset=utf-8 130.3012ms
2026-08-15 07:45:51.801 -03:00 [INF] Request starting HTTP/2 OPTIONS https://localhost:7100/api/relatorios/estoque-baixo - null null
2026-08-15 07:45:51.802 -03:00 [INF] Request starting HTTP/2 OPTIONS https://localhost:7100/api/relatorios/estoque-baixo - null null
2026-08-15 07:45:51.885 -03:00 [INF] CORS policy execution successful.
2026-08-15 07:45:51.933 -03:00 [INF] HTTP OPTIONS /api/relatorios/estoque-baixo responded 204 in 48.2508 ms
2026-08-15 07:45:51.923 -03:00 [INF] CORS policy execution successful.
2026-08-15 07:45:51.946 -03:00 [INF] Request finished HTTP/2 OPTIONS https://localhost:7100/api/relatorios/estoque-baixo - 204 null null 146.2822ms
2026-08-15 07:45:51.954 -03:00 [INF] HTTP OPTIONS /api/relatorios/estoque-baixo responded 204 in 30.9459 ms
2026-08-15 07:45:51.971 -03:00 [INF] Request starting HTTP/2 GET https://localhost:7100/api/relatorios/estoque-baixo - application/json null
2026-08-15 07:45:52.035 -03:00 [INF] Request finished HTTP/2 OPTIONS https://localhost:7100/api/relatorios/estoque-baixo - 204 null null 232.6602ms
2026-08-15 07:45:52.049 -03:00 [INF] CORS policy execution successful.
2026-08-15 07:45:52.075 -03:00 [INF] Executing endpoint 'GestaoArmazem.API.Controllers.RelatoriosController.EstoqueBaixo (GestaoArmazem.API)'
2026-08-15 07:45:52.093 -03:00 [INF] Route matched with {action = "EstoqueBaixo", controller = "Relatorios"}. Executing controller action with signature System.Threading.Tasks.Task`1[Microsoft.AspNetCore.Mvc.ActionResult`1[System.Collections.Generic.IEnumerable`1[GestaoArmazem.Application.DTOs.EstoqueBaixoDto]]] EstoqueBaixo() on controller GestaoArmazem.API.Controllers.RelatoriosController (GestaoArmazem.API).
2026-08-15 07:45:52.174 -03:00 [INF] Executing OkObjectResult, writing value of type 'System.Linq.Enumerable+SelectListIterator`2[[GestaoArmazem.Domain.Interfaces.EstoqueBaixoResumo, GestaoArmazem.Domain, Version=1.0.0.0, Culture=neutral, PublicKeyToken=null],[GestaoArmazem.Application.DTOs.EstoqueBaixoDto, GestaoArmazem.Application, Version=1.0.0.0, Culture=neutral, PublicKeyToken=null]]'.
2026-08-15 07:45:52.188 -03:00 [INF] Executed action GestaoArmazem.API.Controllers.RelatoriosController.EstoqueBaixo (GestaoArmazem.API) in 83.2213ms
2026-08-15 07:45:52.191 -03:00 [INF] Request starting HTTP/2 GET https://localhost:7100/api/relatorios/estoque-baixo - application/json null
2026-08-15 07:45:52.195 -03:00 [INF] Executed endpoint 'GestaoArmazem.API.Controllers.RelatoriosController.EstoqueBaixo (GestaoArmazem.API)'
2026-08-15 07:45:52.206 -03:00 [INF] CORS policy execution successful.
2026-08-15 07:45:52.210 -03:00 [INF] HTTP GET /api/relatorios/estoque-baixo responded 200 in 161.9471 ms
2026-08-15 07:45:52.214 -03:00 [INF] Executing endpoint 'GestaoArmazem.API.Controllers.RelatoriosController.EstoqueBaixo (GestaoArmazem.API)'
2026-08-15 07:45:52.223 -03:00 [INF] Request finished HTTP/2 GET https://localhost:7100/api/relatorios/estoque-baixo - 200 null application/json; charset=utf-8 251.5799ms
2026-08-15 07:45:52.229 -03:00 [INF] Route matched with {action = "EstoqueBaixo", controller = "Relatorios"}. Executing controller action with signature System.Threading.Tasks.Task`1[Microsoft.AspNetCore.Mvc.ActionResult`1[System.Collections.Generic.IEnumerable`1[GestaoArmazem.Application.DTOs.EstoqueBaixoDto]]] EstoqueBaixo() on controller GestaoArmazem.API.Controllers.RelatoriosController (GestaoArmazem.API).
2026-08-15 07:45:52.256 -03:00 [INF] Executing OkObjectResult, writing value of type 'System.Linq.Enumerable+SelectListIterator`2[[GestaoArmazem.Domain.Interfaces.EstoqueBaixoResumo, GestaoArmazem.Domain, Version=1.0.0.0, Culture=neutral, PublicKeyToken=null],[GestaoArmazem.Application.DTOs.EstoqueBaixoDto, GestaoArmazem.Application, Version=1.0.0.0, Culture=neutral, PublicKeyToken=null]]'.
2026-08-15 07:45:52.265 -03:00 [INF] Executed action GestaoArmazem.API.Controllers.RelatoriosController.EstoqueBaixo (GestaoArmazem.API) in 15.1898ms
2026-08-15 07:45:52.273 -03:00 [INF] Executed endpoint 'GestaoArmazem.API.Controllers.RelatoriosController.EstoqueBaixo (GestaoArmazem.API)'
2026-08-15 07:45:52.279 -03:00 [INF] HTTP GET /api/relatorios/estoque-baixo responded 200 in 73.2205 ms
2026-08-15 07:45:52.287 -03:00 [INF] Request finished HTTP/2 GET https://localhost:7100/api/relatorios/estoque-baixo - 200 null application/json; charset=utf-8 96.2061ms
2026-08-15 07:45:53.857 -03:00 [INF] Request starting HTTP/2 OPTIONS https://localhost:7100/api/produtos?pagina=1&tamanhoPagina=20 - null null
2026-08-15 07:45:53.869 -03:00 [INF] Request starting HTTP/2 OPTIONS https://localhost:7100/api/relatorios/movimentacoes?pagina=1&tamanhoPagina=50 - null null
2026-08-15 07:45:53.905 -03:00 [INF] Request starting HTTP/2 OPTIONS https://localhost:7100/api/armazens - null null
2026-08-15 07:45:53.880 -03:00 [INF] Request starting HTTP/2 OPTIONS https://localhost:7100/api/relatorios/movimentacoes?pagina=1&tamanhoPagina=50 - null null
2026-08-15 07:45:53.896 -03:00 [INF] CORS policy execution successful.
2026-08-15 07:45:53.879 -03:00 [INF] Request starting HTTP/2 OPTIONS https://localhost:7100/api/localizacoes - null null
2026-08-15 07:45:53.880 -03:00 [INF] Request starting HTTP/2 OPTIONS https://localhost:7100/api/produtos?pagina=1&tamanhoPagina=20 - null null
2026-08-15 07:45:53.866 -03:00 [INF] Request starting HTTP/2 OPTIONS https://localhost:7100/api/localizacoes - null null
2026-08-15 07:45:53.872 -03:00 [INF] Request starting HTTP/2 OPTIONS https://localhost:7100/api/armazens - null null
2026-08-15 07:45:53.918 -03:00 [INF] CORS policy execution successful.
2026-08-15 07:45:53.930 -03:00 [INF] CORS policy execution successful.
2026-08-15 07:45:53.940 -03:00 [INF] CORS policy execution successful.
2026-08-15 07:45:53.944 -03:00 [INF] HTTP OPTIONS /api/produtos responded 204 in 47.3359 ms
2026-08-15 07:45:53.954 -03:00 [INF] CORS policy execution successful.
2026-08-15 07:45:53.964 -03:00 [INF] CORS policy execution successful.
2026-08-15 07:45:53.985 -03:00 [INF] HTTP OPTIONS /api/armazens responded 204 in 55.0005 ms
2026-08-15 07:45:53.987 -03:00 [INF] HTTP OPTIONS /api/relatorios/movimentacoes responded 204 in 46.9839 ms
2026-08-15 07:45:54.006 -03:00 [INF] Request finished HTTP/2 OPTIONS https://localhost:7100/api/armazens - 204 null null 101.2778ms
2026-08-15 07:45:53.994 -03:00 [INF] Request finished HTTP/2 OPTIONS https://localhost:7100/api/produtos?pagina=1&tamanhoPagina=20 - 204 null null 137.9021ms
2026-08-15 07:45:54.031 -03:00 [INF] Request starting HTTP/2 GET https://localhost:7100/api/relatorios/movimentacoes?pagina=1&tamanhoPagina=50 - application/json null
2026-08-15 07:45:54.014 -03:00 [INF] Request finished HTTP/2 OPTIONS https://localhost:7100/api/relatorios/movimentacoes?pagina=1&tamanhoPagina=50 - 204 null null 134.721ms
2026-08-15 07:45:53.997 -03:00 [INF] HTTP OPTIONS /api/localizacoes responded 204 in 42.6234 ms
2026-08-15 07:45:53.982 -03:00 [INF] HTTP OPTIONS /api/relatorios/movimentacoes responded 204 in 64.6179 ms
2026-08-15 07:45:54.048 -03:00 [INF] CORS policy execution successful.
2026-08-15 07:45:54.063 -03:00 [INF] Request finished HTTP/2 OPTIONS https://localhost:7100/api/localizacoes - 204 null null 191.1973ms
2026-08-15 07:45:54.012 -03:00 [INF] Request starting HTTP/2 GET https://localhost:7100/api/armazens - application/json null
2026-08-15 07:45:54.000 -03:00 [INF] HTTP OPTIONS /api/produtos responded 204 in 36.3165 ms
2026-08-15 07:45:53.971 -03:00 [INF] CORS policy execution successful.
2026-08-15 07:45:53.980 -03:00 [INF] CORS policy execution successful.
2026-08-15 07:45:54.000 -03:00 [INF] Request starting HTTP/2 GET https://localhost:7100/api/produtos?pagina=1&tamanhoPagina=20 - application/json null
2026-08-15 07:45:54.068 -03:00 [INF] Request starting HTTP/2 GET https://localhost:7100/api/localizacoes - application/json null
2026-08-15 07:45:54.070 -03:00 [INF] Request finished HTTP/2 OPTIONS https://localhost:7100/api/relatorios/movimentacoes?pagina=1&tamanhoPagina=50 - 204 null null 201.2368ms
2026-08-15 07:45:54.073 -03:00 [INF] Executing endpoint 'GestaoArmazem.API.Controllers.RelatoriosController.Movimentacoes (GestaoArmazem.API)'
2026-08-15 07:45:54.090 -03:00 [INF] CORS policy execution successful.
2026-08-15 07:45:54.096 -03:00 [INF] Request finished HTTP/2 OPTIONS https://localhost:7100/api/produtos?pagina=1&tamanhoPagina=20 - 204 null null 226.4247ms
2026-08-15 07:45:54.098 -03:00 [INF] HTTP OPTIONS /api/localizacoes responded 204 in 126.7775 ms
2026-08-15 07:45:54.101 -03:00 [INF] HTTP OPTIONS /api/armazens responded 204 in 120.8536 ms
2026-08-15 07:45:54.109 -03:00 [INF] CORS policy execution successful.
2026-08-15 07:45:54.118 -03:00 [INF] CORS policy execution successful.
2026-08-15 07:45:54.133 -03:00 [INF] Executing endpoint 'GestaoArmazem.API.Controllers.ArmazensController.Listar (GestaoArmazem.API)'
2026-08-15 07:45:54.142 -03:00 [INF] Route matched with {action = "Movimentacoes", controller = "Relatorios"}. Executing controller action with signature System.Threading.Tasks.Task`1[Microsoft.AspNetCore.Mvc.ActionResult`1[System.Collections.Generic.IEnumerable`1[GestaoArmazem.Application.DTOs.MovimentacaoRelatorioDto]]] Movimentacoes(System.Nullable`1[System.Guid], System.String, System.Nullable`1[System.DateTime], System.Nullable`1[System.DateTime], Int32, Int32) on controller GestaoArmazem.API.Controllers.RelatoriosController (GestaoArmazem.API).
2026-08-15 07:45:54.150 -03:00 [INF] Request finished HTTP/2 OPTIONS https://localhost:7100/api/localizacoes - 204 null null 283.6908ms
2026-08-15 07:45:54.157 -03:00 [INF] Request finished HTTP/2 OPTIONS https://localhost:7100/api/armazens - 204 null null 290.3777ms
2026-08-15 07:45:54.167 -03:00 [INF] Route matched with {action = "Listar", controller = "Armazens"}. Executing controller action with signature System.Threading.Tasks.Task`1[Microsoft.AspNetCore.Mvc.ActionResult`1[System.Collections.Generic.IEnumerable`1[GestaoArmazem.Application.DTOs.ArmazemDto]]] Listar() on controller GestaoArmazem.API.Controllers.ArmazensController (GestaoArmazem.API).
2026-08-15 07:45:54.161 -03:00 [INF] Executing endpoint 'GestaoArmazem.API.Controllers.ProdutosController.Listar (GestaoArmazem.API)'
2026-08-15 07:45:54.164 -03:00 [INF] Executing endpoint 'GestaoArmazem.API.Controllers.LocalizacoesController.Listar (GestaoArmazem.API)'
2026-08-15 07:45:54.211 -03:00 [INF] Executing OkObjectResult, writing value of type 'System.Linq.Enumerable+SelectListIterator`2[[GestaoArmazem.Domain.Entities.Armazem, GestaoArmazem.Domain, Version=1.0.0.0, Culture=neutral, PublicKeyToken=null],[GestaoArmazem.Application.DTOs.ArmazemDto, GestaoArmazem.Application, Version=1.0.0.0, Culture=neutral, PublicKeyToken=null]]'.
2026-08-15 07:45:54.212 -03:00 [INF] Route matched with {action = "Listar", controller = "Produtos"}. Executing controller action with signature System.Threading.Tasks.Task`1[Microsoft.AspNetCore.Mvc.ActionResult`1[System.Collections.Generic.IEnumerable`1[GestaoArmazem.Application.DTOs.ProdutoDto]]] Listar(Int32, Int32) on controller GestaoArmazem.API.Controllers.ProdutosController (GestaoArmazem.API).
2026-08-15 07:45:54.220 -03:00 [INF] Executed action GestaoArmazem.API.Controllers.ArmazensController.Listar (GestaoArmazem.API) in 16.1487ms
2026-08-15 07:45:54.224 -03:00 [INF] Request starting HTTP/2 GET https://localhost:7100/api/armazens - application/json null
2026-08-15 07:45:54.227 -03:00 [INF] Executing OkObjectResult, writing value of type 'System.Linq.Enumerable+SelectListIterator`2[[GestaoArmazem.Domain.Entities.MovimentacaoEstoque, GestaoArmazem.Domain, Version=1.0.0.0, Culture=neutral, PublicKeyToken=null],[GestaoArmazem.Application.DTOs.MovimentacaoRelatorioDto, GestaoArmazem.Application, Version=1.0.0.0, Culture=neutral, PublicKeyToken=null]]'.
2026-08-15 07:45:54.215 -03:00 [INF] Route matched with {action = "Listar", controller = "Localizacoes"}. Executing controller action with signature System.Threading.Tasks.Task`1[Microsoft.AspNetCore.Mvc.ActionResult`1[System.Collections.Generic.IEnumerable`1[GestaoArmazem.Application.DTOs.LocalizacaoDto]]] Listar() on controller GestaoArmazem.API.Controllers.LocalizacoesController (GestaoArmazem.API).
2026-08-15 07:45:54.235 -03:00 [INF] Executing OkObjectResult, writing value of type 'System.Linq.Enumerable+SelectListIterator`2[[GestaoArmazem.Domain.Entities.Produto, GestaoArmazem.Domain, Version=1.0.0.0, Culture=neutral, PublicKeyToken=null],[GestaoArmazem.Application.DTOs.ProdutoDto, GestaoArmazem.Application, Version=1.0.0.0, Culture=neutral, PublicKeyToken=null]]'.
2026-08-15 07:45:54.245 -03:00 [INF] CORS policy execution successful.
2026-08-15 07:45:54.267 -03:00 [INF] Executed action GestaoArmazem.API.Controllers.ProdutosController.Listar (GestaoArmazem.API) in 38.8368ms
2026-08-15 07:45:54.265 -03:00 [INF] Executing OkObjectResult, writing value of type 'System.Linq.Enumerable+SelectListIterator`2[[GestaoArmazem.Domain.Entities.Localizacao, GestaoArmazem.Domain, Version=1.0.0.0, Culture=neutral, PublicKeyToken=null],[GestaoArmazem.Application.DTOs.LocalizacaoDto, GestaoArmazem.Application, Version=1.0.0.0, Culture=neutral, PublicKeyToken=null]]'.
2026-08-15 07:45:54.271 -03:00 [INF] Executing endpoint 'GestaoArmazem.API.Controllers.ArmazensController.Listar (GestaoArmazem.API)'
2026-08-15 07:45:54.276 -03:00 [INF] Executed endpoint 'GestaoArmazem.API.Controllers.ProdutosController.Listar (GestaoArmazem.API)'
2026-08-15 07:45:54.285 -03:00 [INF] Route matched with {action = "Listar", controller = "Armazens"}. Executing controller action with signature System.Threading.Tasks.Task`1[Microsoft.AspNetCore.Mvc.ActionResult`1[System.Collections.Generic.IEnumerable`1[GestaoArmazem.Application.DTOs.ArmazemDto]]] Listar() on controller GestaoArmazem.API.Controllers.ArmazensController (GestaoArmazem.API).
2026-08-15 07:45:54.281 -03:00 [INF] Executed action GestaoArmazem.API.Controllers.LocalizacoesController.Listar (GestaoArmazem.API) in 22.5532ms
2026-08-15 07:45:54.299 -03:00 [INF] Executing OkObjectResult, writing value of type 'System.Linq.Enumerable+SelectListIterator`2[[GestaoArmazem.Domain.Entities.Armazem, GestaoArmazem.Domain, Version=1.0.0.0, Culture=neutral, PublicKeyToken=null],[GestaoArmazem.Application.DTOs.ArmazemDto, GestaoArmazem.Application, Version=1.0.0.0, Culture=neutral, PublicKeyToken=null]]'.
2026-08-15 07:45:54.286 -03:00 [INF] Request starting HTTP/2 GET https://localhost:7100/api/relatorios/movimentacoes?pagina=1&tamanhoPagina=50 - application/json null
2026-08-15 07:45:54.289 -03:00 [INF] HTTP GET /api/produtos responded 200 in 179.7229 ms
2026-08-15 07:45:54.237 -03:00 [INF] Executed endpoint 'GestaoArmazem.API.Controllers.ArmazensController.Listar (GestaoArmazem.API)'
2026-08-15 07:45:54.286 -03:00 [INF] Executed action GestaoArmazem.API.Controllers.RelatoriosController.Movimentacoes (GestaoArmazem.API) in 113.0241ms
2026-08-15 07:45:54.270 -03:00 [INF] Request starting HTTP/2 GET https://localhost:7100/api/produtos?pagina=1&tamanhoPagina=20 - application/json null
2026-08-15 07:45:54.286 -03:00 [INF] Request starting HTTP/2 GET https://localhost:7100/api/localizacoes - application/json null
2026-08-15 07:45:54.303 -03:00 [INF] Executed endpoint 'GestaoArmazem.API.Controllers.LocalizacoesController.Listar (GestaoArmazem.API)'
2026-08-15 07:45:54.307 -03:00 [INF] Executed action GestaoArmazem.API.Controllers.ArmazensController.Listar (GestaoArmazem.API) in 11.6471ms
2026-08-15 07:45:54.316 -03:00 [INF] CORS policy execution successful.
2026-08-15 07:45:54.321 -03:00 [INF] Request finished HTTP/2 GET https://localhost:7100/api/produtos?pagina=1&tamanhoPagina=20 - 200 null application/json; charset=utf-8 322.128ms
2026-08-15 07:45:54.326 -03:00 [INF] HTTP GET /api/armazens responded 200 in 236.2028 ms
2026-08-15 07:45:54.330 -03:00 [INF] Executed endpoint 'GestaoArmazem.API.Controllers.RelatoriosController.Movimentacoes (GestaoArmazem.API)'
2026-08-15 07:45:54.341 -03:00 [INF] CORS policy execution successful.
2026-08-15 07:45:54.348 -03:00 [INF] CORS policy execution successful.
2026-08-15 07:45:54.350 -03:00 [INF] HTTP GET /api/localizacoes responded 200 in 232.7959 ms
2026-08-15 07:45:54.354 -03:00 [INF] Executed endpoint 'GestaoArmazem.API.Controllers.ArmazensController.Listar (GestaoArmazem.API)'
2026-08-15 07:45:54.356 -03:00 [INF] Executing endpoint 'GestaoArmazem.API.Controllers.RelatoriosController.Movimentacoes (GestaoArmazem.API)'
2026-08-15 07:45:54.373 -03:00 [INF] Request finished HTTP/2 GET https://localhost:7100/api/armazens - 200 null application/json; charset=utf-8 360.3926ms
2026-08-15 07:45:54.377 -03:00 [INF] HTTP GET /api/relatorios/movimentacoes responded 200 in 328.4070 ms
2026-08-15 07:45:54.379 -03:00 [INF] Executing endpoint 'GestaoArmazem.API.Controllers.ProdutosController.Listar (GestaoArmazem.API)'
2026-08-15 07:45:54.382 -03:00 [INF] Executing endpoint 'GestaoArmazem.API.Controllers.LocalizacoesController.Listar (GestaoArmazem.API)'
2026-08-15 07:45:54.388 -03:00 [INF] Request finished HTTP/2 GET https://localhost:7100/api/localizacoes - 200 null application/json; charset=utf-8 320.3247ms
2026-08-15 07:45:54.392 -03:00 [INF] HTTP GET /api/armazens responded 200 in 147.1753 ms
2026-08-15 07:45:54.396 -03:00 [INF] Route matched with {action = "Movimentacoes", controller = "Relatorios"}. Executing controller action with signature System.Threading.Tasks.Task`1[Microsoft.AspNetCore.Mvc.ActionResult`1[System.Collections.Generic.IEnumerable`1[GestaoArmazem.Application.DTOs.MovimentacaoRelatorioDto]]] Movimentacoes(System.Nullable`1[System.Guid], System.String, System.Nullable`1[System.DateTime], System.Nullable`1[System.DateTime], Int32, Int32) on controller GestaoArmazem.API.Controllers.RelatoriosController (GestaoArmazem.API).
2026-08-15 07:45:54.412 -03:00 [INF] Request finished HTTP/2 GET https://localhost:7100/api/relatorios/movimentacoes?pagina=1&tamanhoPagina=50 - 200 null application/json; charset=utf-8 382.2054ms
2026-08-15 07:45:54.434 -03:00 [INF] Request finished HTTP/2 GET https://localhost:7100/api/armazens - 200 null application/json; charset=utf-8 211.8616ms
2026-08-15 07:45:54.447 -03:00 [INF] Executing OkObjectResult, writing value of type 'System.Linq.Enumerable+SelectListIterator`2[[GestaoArmazem.Domain.Entities.MovimentacaoEstoque, GestaoArmazem.Domain, Version=1.0.0.0, Culture=neutral, PublicKeyToken=null],[GestaoArmazem.Application.DTOs.MovimentacaoRelatorioDto, GestaoArmazem.Application, Version=1.0.0.0, Culture=neutral, PublicKeyToken=null]]'.
2026-08-15 07:45:54.416 -03:00 [INF] Route matched with {action = "Listar", controller = "Produtos"}. Executing controller action with signature System.Threading.Tasks.Task`1[Microsoft.AspNetCore.Mvc.ActionResult`1[System.Collections.Generic.IEnumerable`1[GestaoArmazem.Application.DTOs.ProdutoDto]]] Listar(Int32, Int32) on controller GestaoArmazem.API.Controllers.ProdutosController (GestaoArmazem.API).
2026-08-15 07:45:54.419 -03:00 [INF] Route matched with {action = "Listar", controller = "Localizacoes"}. Executing controller action with signature System.Threading.Tasks.Task`1[Microsoft.AspNetCore.Mvc.ActionResult`1[System.Collections.Generic.IEnumerable`1[GestaoArmazem.Application.DTOs.LocalizacaoDto]]] Listar() on controller GestaoArmazem.API.Controllers.LocalizacoesController (GestaoArmazem.API).
2026-08-15 07:45:54.483 -03:00 [INF] Executing OkObjectResult, writing value of type 'System.Linq.Enumerable+SelectListIterator`2[[GestaoArmazem.Domain.Entities.Produto, GestaoArmazem.Domain, Version=1.0.0.0, Culture=neutral, PublicKeyToken=null],[GestaoArmazem.Application.DTOs.ProdutoDto, GestaoArmazem.Application, Version=1.0.0.0, Culture=neutral, PublicKeyToken=null]]'.
2026-08-15 07:45:54.494 -03:00 [INF] Executing OkObjectResult, writing value of type 'System.Linq.Enumerable+SelectListIterator`2[[GestaoArmazem.Domain.Entities.Localizacao, GestaoArmazem.Domain, Version=1.0.0.0, Culture=neutral, PublicKeyToken=null],[GestaoArmazem.Application.DTOs.LocalizacaoDto, GestaoArmazem.Application, Version=1.0.0.0, Culture=neutral, PublicKeyToken=null]]'.
2026-08-15 07:45:54.479 -03:00 [INF] Executed action GestaoArmazem.API.Controllers.RelatoriosController.Movimentacoes (GestaoArmazem.API) in 37.679ms
2026-08-15 07:45:54.498 -03:00 [INF] Executed action GestaoArmazem.API.Controllers.ProdutosController.Listar (GestaoArmazem.API) in 18.9243ms
2026-08-15 07:45:54.502 -03:00 [INF] Executed action GestaoArmazem.API.Controllers.LocalizacoesController.Listar (GestaoArmazem.API) in 13.2051ms
2026-08-15 07:45:54.508 -03:00 [INF] Executed endpoint 'GestaoArmazem.API.Controllers.RelatoriosController.Movimentacoes (GestaoArmazem.API)'
2026-08-15 07:45:54.514 -03:00 [INF] Executed endpoint 'GestaoArmazem.API.Controllers.ProdutosController.Listar (GestaoArmazem.API)'
2026-08-15 07:45:54.518 -03:00 [INF] Executed endpoint 'GestaoArmazem.API.Controllers.LocalizacoesController.Listar (GestaoArmazem.API)'
2026-08-15 07:45:54.521 -03:00 [INF] HTTP GET /api/relatorios/movimentacoes responded 200 in 205.6752 ms
2026-08-15 07:45:54.525 -03:00 [INF] HTTP GET /api/produtos responded 200 in 184.1134 ms
2026-08-15 07:45:54.528 -03:00 [INF] HTTP GET /api/localizacoes responded 200 in 180.2866 ms
2026-08-15 07:45:54.534 -03:00 [INF] Request finished HTTP/2 GET https://localhost:7100/api/relatorios/movimentacoes?pagina=1&tamanhoPagina=50 - 200 null application/json; charset=utf-8 248.3288ms
2026-08-15 07:45:54.542 -03:00 [INF] Request finished HTTP/2 GET https://localhost:7100/api/produtos?pagina=1&tamanhoPagina=20 - 200 null application/json; charset=utf-8 273.1905ms
2026-08-15 07:45:54.549 -03:00 [INF] Request finished HTTP/2 GET https://localhost:7100/api/localizacoes - 200 null application/json; charset=utf-8 263.419ms
2026-08-15 07:46:01.929 -03:00 [INF] Request starting HTTP/2 OPTIONS https://localhost:7100/api/relatorios/movimentacoes?produtoId=dfa21826-d39c-4a31-9b22-1e583164e475&pagina=1&tamanhoPagina=50 - null null
2026-08-15 07:46:01.942 -03:00 [INF] CORS policy execution successful.
2026-08-15 07:46:01.948 -03:00 [INF] HTTP OPTIONS /api/relatorios/movimentacoes responded 204 in 5.7594 ms
2026-08-15 07:46:01.955 -03:00 [INF] Request finished HTTP/2 OPTIONS https://localhost:7100/api/relatorios/movimentacoes?produtoId=dfa21826-d39c-4a31-9b22-1e583164e475&pagina=1&tamanhoPagina=50 - 204 null null 27.2454ms
2026-08-15 07:46:01.961 -03:00 [INF] Request starting HTTP/2 GET https://localhost:7100/api/relatorios/movimentacoes?produtoId=dfa21826-d39c-4a31-9b22-1e583164e475&pagina=1&tamanhoPagina=50 - application/json null
2026-08-15 07:46:01.980 -03:00 [INF] CORS policy execution successful.
2026-08-15 07:46:01.984 -03:00 [INF] Executing endpoint 'GestaoArmazem.API.Controllers.RelatoriosController.Movimentacoes (GestaoArmazem.API)'
2026-08-15 07:46:01.991 -03:00 [INF] Route matched with {action = "Movimentacoes", controller = "Relatorios"}. Executing controller action with signature System.Threading.Tasks.Task`1[Microsoft.AspNetCore.Mvc.ActionResult`1[System.Collections.Generic.IEnumerable`1[GestaoArmazem.Application.DTOs.MovimentacaoRelatorioDto]]] Movimentacoes(System.Nullable`1[System.Guid], System.String, System.Nullable`1[System.DateTime], System.Nullable`1[System.DateTime], Int32, Int32) on controller GestaoArmazem.API.Controllers.RelatoriosController (GestaoArmazem.API).
2026-08-15 07:46:02.018 -03:00 [INF] Executing OkObjectResult, writing value of type 'System.Linq.Enumerable+SelectListIterator`2[[GestaoArmazem.Domain.Entities.MovimentacaoEstoque, GestaoArmazem.Domain, Version=1.0.0.0, Culture=neutral, PublicKeyToken=null],[GestaoArmazem.Application.DTOs.MovimentacaoRelatorioDto, GestaoArmazem.Application, Version=1.0.0.0, Culture=neutral, PublicKeyToken=null]]'.
2026-08-15 07:46:02.026 -03:00 [INF] Executed action GestaoArmazem.API.Controllers.RelatoriosController.Movimentacoes (GestaoArmazem.API) in 26.488ms
2026-08-15 07:46:02.031 -03:00 [INF] Executed endpoint 'GestaoArmazem.API.Controllers.RelatoriosController.Movimentacoes (GestaoArmazem.API)'
2026-08-15 07:46:02.034 -03:00 [INF] HTTP GET /api/relatorios/movimentacoes responded 200 in 53.8021 ms
2026-08-15 07:46:02.041 -03:00 [INF] Request finished HTTP/2 GET https://localhost:7100/api/relatorios/movimentacoes?produtoId=dfa21826-d39c-4a31-9b22-1e583164e475&pagina=1&tamanhoPagina=50 - 200 null application/json; charset=utf-8 80.5193ms
2026-08-15 07:46:15.781 -03:00 [INF] Request starting HTTP/2 OPTIONS https://localhost:7100/api/pedidos-expedicao?pagina=1&tamanhoPagina=21 - null null
2026-08-15 07:46:15.784 -03:00 [INF] Request starting HTTP/2 OPTIONS https://localhost:7100/api/clientes - null null
2026-08-15 07:46:15.784 -03:00 [INF] Request starting HTTP/2 OPTIONS https://localhost:7100/api/pedidos-expedicao?pagina=1&tamanhoPagina=21 - null null
2026-08-15 07:46:15.784 -03:00 [INF] Request starting HTTP/2 OPTIONS https://localhost:7100/api/clientes - null null
2026-08-15 07:46:15.795 -03:00 [INF] CORS policy execution successful.
2026-08-15 07:46:15.806 -03:00 [INF] CORS policy execution successful.
2026-08-15 07:46:15.822 -03:00 [INF] CORS policy execution successful.
2026-08-15 07:46:15.837 -03:00 [INF] CORS policy execution successful.
2026-08-15 07:46:15.840 -03:00 [INF] HTTP OPTIONS /api/pedidos-expedicao responded 204 in 45.1514 ms
2026-08-15 07:46:15.845 -03:00 [INF] HTTP OPTIONS /api/clientes responded 204 in 38.2422 ms
2026-08-15 07:46:15.853 -03:00 [INF] HTTP OPTIONS /api/clientes responded 204 in 15.7781 ms
2026-08-15 07:46:15.867 -03:00 [INF] Request finished HTTP/2 OPTIONS https://localhost:7100/api/clientes - 204 null null 85.5201ms
2026-08-15 07:46:15.866 -03:00 [INF] Request starting HTTP/2 GET https://localhost:7100/api/pedidos-expedicao?pagina=1&tamanhoPagina=21 - application/json null
2026-08-15 07:46:15.848 -03:00 [INF] HTTP OPTIONS /api/pedidos-expedicao responded 204 in 25.9734 ms
2026-08-15 07:46:15.859 -03:00 [INF] Request finished HTTP/2 OPTIONS https://localhost:7100/api/pedidos-expedicao?pagina=1&tamanhoPagina=21 - 204 null null 77.7788ms
2026-08-15 07:46:15.873 -03:00 [INF] Request starting HTTP/2 GET https://localhost:7100/api/clientes - application/json null
2026-08-15 07:46:15.877 -03:00 [INF] Request finished HTTP/2 OPTIONS https://localhost:7100/api/clientes - 204 null null 91.9304ms
2026-08-15 07:46:15.905 -03:00 [INF] CORS policy execution successful.
2026-08-15 07:46:15.913 -03:00 [INF] Request finished HTTP/2 OPTIONS https://localhost:7100/api/pedidos-expedicao?pagina=1&tamanhoPagina=21 - 204 null null 128.639ms
2026-08-15 07:46:15.962 -03:00 [INF] CORS policy execution successful.
2026-08-15 07:46:15.996 -03:00 [INF] Executing endpoint 'GestaoArmazem.API.Controllers.PedidosExpedicaoController.Listar (GestaoArmazem.API)'
2026-08-15 07:46:16.015 -03:00 [INF] Executing endpoint 'GestaoArmazem.API.Controllers.ClientesController.Listar (GestaoArmazem.API)'
2026-08-15 07:46:16.028 -03:00 [INF] Route matched with {action = "Listar", controller = "PedidosExpedicao"}. Executing controller action with signature System.Threading.Tasks.Task`1[Microsoft.AspNetCore.Mvc.ActionResult`1[System.Collections.Generic.IEnumerable`1[GestaoArmazem.Application.DTOs.PedidoExpedicaoDto]]] Listar(Int32, Int32) on controller GestaoArmazem.API.Controllers.PedidosExpedicaoController (GestaoArmazem.API).
2026-08-15 07:46:16.035 -03:00 [INF] Route matched with {action = "Listar", controller = "Clientes"}. Executing controller action with signature System.Threading.Tasks.Task`1[Microsoft.AspNetCore.Mvc.ActionResult`1[System.Collections.Generic.IEnumerable`1[GestaoArmazem.Application.DTOs.ClienteDto]]] Listar() on controller GestaoArmazem.API.Controllers.ClientesController (GestaoArmazem.API).
2026-08-15 07:46:16.057 -03:00 [INF] Executing OkObjectResult, writing value of type 'System.Collections.Generic.List`1[[GestaoArmazem.Application.DTOs.PedidoExpedicaoDto, GestaoArmazem.Application, Version=1.0.0.0, Culture=neutral, PublicKeyToken=null]]'.
2026-08-15 07:46:16.064 -03:00 [INF] Executing OkObjectResult, writing value of type 'System.Linq.Enumerable+SelectListIterator`2[[GestaoArmazem.Domain.Entities.Cliente, GestaoArmazem.Domain, Version=1.0.0.0, Culture=neutral, PublicKeyToken=null],[GestaoArmazem.Application.DTOs.ClienteDto, GestaoArmazem.Application, Version=1.0.0.0, Culture=neutral, PublicKeyToken=null]]'.
2026-08-15 07:46:16.068 -03:00 [INF] Executed action GestaoArmazem.API.Controllers.PedidosExpedicaoController.Listar (GestaoArmazem.API) in 26.0328ms
2026-08-15 07:46:16.081 -03:00 [INF] Executed action GestaoArmazem.API.Controllers.ClientesController.Listar (GestaoArmazem.API) in 23.7108ms
2026-08-15 07:46:16.076 -03:00 [INF] Request starting HTTP/2 GET https://localhost:7100/api/pedidos-expedicao?pagina=1&tamanhoPagina=21 - application/json null
2026-08-15 07:46:16.085 -03:00 [INF] Request starting HTTP/2 GET https://localhost:7100/api/clientes - application/json null
2026-08-15 07:46:16.088 -03:00 [INF] Executed endpoint 'GestaoArmazem.API.Controllers.PedidosExpedicaoController.Listar (GestaoArmazem.API)'
2026-08-15 07:46:16.093 -03:00 [INF] Executed endpoint 'GestaoArmazem.API.Controllers.ClientesController.Listar (GestaoArmazem.API)'
2026-08-15 07:46:16.104 -03:00 [INF] CORS policy execution successful.
2026-08-15 07:46:16.114 -03:00 [INF] CORS policy execution successful.
2026-08-15 07:46:16.118 -03:00 [INF] HTTP GET /api/pedidos-expedicao responded 200 in 212.9793 ms
2026-08-15 07:46:16.122 -03:00 [INF] HTTP GET /api/clientes responded 200 in 160.6057 ms
2026-08-15 07:46:16.125 -03:00 [INF] Executing endpoint 'GestaoArmazem.API.Controllers.PedidosExpedicaoController.Listar (GestaoArmazem.API)'
2026-08-15 07:46:16.130 -03:00 [INF] Executing endpoint 'GestaoArmazem.API.Controllers.ClientesController.Listar (GestaoArmazem.API)'
2026-08-15 07:46:16.138 -03:00 [INF] Request finished HTTP/2 GET https://localhost:7100/api/pedidos-expedicao?pagina=1&tamanhoPagina=21 - 200 null application/json; charset=utf-8 272.1257ms
2026-08-15 07:46:16.144 -03:00 [INF] Request finished HTTP/2 GET https://localhost:7100/api/clientes - 200 null application/json; charset=utf-8 271.8983ms
2026-08-15 07:46:16.149 -03:00 [INF] Route matched with {action = "Listar", controller = "PedidosExpedicao"}. Executing controller action with signature System.Threading.Tasks.Task`1[Microsoft.AspNetCore.Mvc.ActionResult`1[System.Collections.Generic.IEnumerable`1[GestaoArmazem.Application.DTOs.PedidoExpedicaoDto]]] Listar(Int32, Int32) on controller GestaoArmazem.API.Controllers.PedidosExpedicaoController (GestaoArmazem.API).
2026-08-15 07:46:16.154 -03:00 [INF] Route matched with {action = "Listar", controller = "Clientes"}. Executing controller action with signature System.Threading.Tasks.Task`1[Microsoft.AspNetCore.Mvc.ActionResult`1[System.Collections.Generic.IEnumerable`1[GestaoArmazem.Application.DTOs.ClienteDto]]] Listar() on controller GestaoArmazem.API.Controllers.ClientesController (GestaoArmazem.API).
2026-08-15 07:46:16.208 -03:00 [INF] Executing OkObjectResult, writing value of type 'System.Collections.Generic.List`1[[GestaoArmazem.Application.DTOs.PedidoExpedicaoDto, GestaoArmazem.Application, Version=1.0.0.0, Culture=neutral, PublicKeyToken=null]]'.
2026-08-15 07:46:16.209 -03:00 [INF] Executing OkObjectResult, writing value of type 'System.Linq.Enumerable+SelectListIterator`2[[GestaoArmazem.Domain.Entities.Cliente, GestaoArmazem.Domain, Version=1.0.0.0, Culture=neutral, PublicKeyToken=null],[GestaoArmazem.Application.DTOs.ClienteDto, GestaoArmazem.Application, Version=1.0.0.0, Culture=neutral, PublicKeyToken=null]]'.
2026-08-15 07:46:16.217 -03:00 [INF] Executed action GestaoArmazem.API.Controllers.PedidosExpedicaoController.Listar (GestaoArmazem.API) in 27.762ms
2026-08-15 07:46:16.222 -03:00 [INF] Executed action GestaoArmazem.API.Controllers.ClientesController.Listar (GestaoArmazem.API) in 18.8697ms
2026-08-15 07:46:16.228 -03:00 [INF] Executed endpoint 'GestaoArmazem.API.Controllers.PedidosExpedicaoController.Listar (GestaoArmazem.API)'
2026-08-15 07:46:16.234 -03:00 [INF] Executed endpoint 'GestaoArmazem.API.Controllers.ClientesController.Listar (GestaoArmazem.API)'
2026-08-15 07:46:16.238 -03:00 [INF] HTTP GET /api/pedidos-expedicao responded 200 in 133.5593 ms
2026-08-15 07:46:16.243 -03:00 [INF] HTTP GET /api/clientes responded 200 in 128.7632 ms
2026-08-15 07:46:16.251 -03:00 [INF] Request finished HTTP/2 GET https://localhost:7100/api/pedidos-expedicao?pagina=1&tamanhoPagina=21 - 200 null application/json; charset=utf-8 175.3734ms
2026-08-15 07:46:16.259 -03:00 [INF] Request finished HTTP/2 GET https://localhost:7100/api/clientes - 200 null application/json; charset=utf-8 176.0073ms
2026-08-15 07:46:18.575 -03:00 [INF] Request starting HTTP/2 OPTIONS https://localhost:7100/api/produtos?pagina=1&tamanhoPagina=20 - null null
2026-08-15 07:46:18.575 -03:00 [INF] Request starting HTTP/2 OPTIONS https://localhost:7100/api/produtos?pagina=1&tamanhoPagina=20 - null null
2026-08-15 07:46:18.579 -03:00 [INF] Request starting HTTP/2 GET https://localhost:7100/api/clientes - application/json null
2026-08-15 07:46:18.593 -03:00 [INF] CORS policy execution successful.
2026-08-15 07:46:18.603 -03:00 [INF] CORS policy execution successful.
2026-08-15 07:46:18.616 -03:00 [INF] CORS policy execution successful.
2026-08-15 07:46:18.620 -03:00 [INF] HTTP OPTIONS /api/produtos responded 204 in 26.5389 ms
2026-08-15 07:46:18.623 -03:00 [INF] HTTP OPTIONS /api/produtos responded 204 in 19.5781 ms
2026-08-15 07:46:18.626 -03:00 [INF] Executing endpoint 'GestaoArmazem.API.Controllers.ClientesController.Listar (GestaoArmazem.API)'
2026-08-15 07:46:18.634 -03:00 [INF] Request finished HTTP/2 OPTIONS https://localhost:7100/api/produtos?pagina=1&tamanhoPagina=20 - 204 null null 59.4708ms
2026-08-15 07:46:18.639 -03:00 [INF] Request starting HTTP/2 GET https://localhost:7100/api/produtos?pagina=1&tamanhoPagina=20 - application/json null
2026-08-15 07:46:18.641 -03:00 [INF] Request finished HTTP/2 OPTIONS https://localhost:7100/api/produtos?pagina=1&tamanhoPagina=20 - 204 null null 66.6788ms
2026-08-15 07:46:18.647 -03:00 [INF] Route matched with {action = "Listar", controller = "Clientes"}. Executing controller action with signature System.Threading.Tasks.Task`1[Microsoft.AspNetCore.Mvc.ActionResult`1[System.Collections.Generic.IEnumerable`1[GestaoArmazem.Application.DTOs.ClienteDto]]] Listar() on controller GestaoArmazem.API.Controllers.ClientesController (GestaoArmazem.API).
2026-08-15 07:46:18.674 -03:00 [INF] CORS policy execution successful.
2026-08-15 07:46:18.706 -03:00 [INF] Executing OkObjectResult, writing value of type 'System.Linq.Enumerable+SelectListIterator`2[[GestaoArmazem.Domain.Entities.Cliente, GestaoArmazem.Domain, Version=1.0.0.0, Culture=neutral, PublicKeyToken=null],[GestaoArmazem.Application.DTOs.ClienteDto, GestaoArmazem.Application, Version=1.0.0.0, Culture=neutral, PublicKeyToken=null]]'.
2026-08-15 07:46:18.706 -03:00 [INF] Executing endpoint 'GestaoArmazem.API.Controllers.ProdutosController.Listar (GestaoArmazem.API)'
2026-08-15 07:46:18.711 -03:00 [INF] Executed action GestaoArmazem.API.Controllers.ClientesController.Listar (GestaoArmazem.API) in 12.8953ms
2026-08-15 07:46:18.715 -03:00 [INF] Request starting HTTP/2 GET https://localhost:7100/api/clientes - application/json null
2026-08-15 07:46:18.720 -03:00 [INF] Route matched with {action = "Listar", controller = "Produtos"}. Executing controller action with signature System.Threading.Tasks.Task`1[Microsoft.AspNetCore.Mvc.ActionResult`1[System.Collections.Generic.IEnumerable`1[GestaoArmazem.Application.DTOs.ProdutoDto]]] Listar(Int32, Int32) on controller GestaoArmazem.API.Controllers.ProdutosController (GestaoArmazem.API).
2026-08-15 07:46:18.724 -03:00 [INF] Executed endpoint 'GestaoArmazem.API.Controllers.ClientesController.Listar (GestaoArmazem.API)'
2026-08-15 07:46:18.761 -03:00 [INF] Executing OkObjectResult, writing value of type 'System.Linq.Enumerable+SelectListIterator`2[[GestaoArmazem.Domain.Entities.Produto, GestaoArmazem.Domain, Version=1.0.0.0, Culture=neutral, PublicKeyToken=null],[GestaoArmazem.Application.DTOs.ProdutoDto, GestaoArmazem.Application, Version=1.0.0.0, Culture=neutral, PublicKeyToken=null]]'.
2026-08-15 07:46:18.739 -03:00 [INF] CORS policy execution successful.
2026-08-15 07:46:18.765 -03:00 [INF] HTTP GET /api/clientes responded 200 in 148.9802 ms
2026-08-15 07:46:18.772 -03:00 [INF] Executed action GestaoArmazem.API.Controllers.ProdutosController.Listar (GestaoArmazem.API) in 20.7341ms
2026-08-15 07:46:18.777 -03:00 [INF] Request starting HTTP/2 GET https://localhost:7100/api/produtos?pagina=1&tamanhoPagina=20 - application/json null
2026-08-15 07:46:18.778 -03:00 [INF] Executing endpoint 'GestaoArmazem.API.Controllers.ClientesController.Listar (GestaoArmazem.API)'
2026-08-15 07:46:18.787 -03:00 [INF] Request finished HTTP/2 GET https://localhost:7100/api/clientes - 200 null application/json; charset=utf-8 211.0419ms
2026-08-15 07:46:18.793 -03:00 [INF] Executed endpoint 'GestaoArmazem.API.Controllers.ProdutosController.Listar (GestaoArmazem.API)'
2026-08-15 07:46:18.804 -03:00 [INF] CORS policy execution successful.
2026-08-15 07:46:18.809 -03:00 [INF] Route matched with {action = "Listar", controller = "Clientes"}. Executing controller action with signature System.Threading.Tasks.Task`1[Microsoft.AspNetCore.Mvc.ActionResult`1[System.Collections.Generic.IEnumerable`1[GestaoArmazem.Application.DTOs.ClienteDto]]] Listar() on controller GestaoArmazem.API.Controllers.ClientesController (GestaoArmazem.API).
2026-08-15 07:46:18.832 -03:00 [INF] HTTP GET /api/produtos responded 200 in 158.0658 ms
2026-08-15 07:46:18.838 -03:00 [INF] Executing endpoint 'GestaoArmazem.API.Controllers.ProdutosController.Listar (GestaoArmazem.API)'
2026-08-15 07:46:18.858 -03:00 [INF] Executing OkObjectResult, writing value of type 'System.Linq.Enumerable+SelectListIterator`2[[GestaoArmazem.Domain.Entities.Cliente, GestaoArmazem.Domain, Version=1.0.0.0, Culture=neutral, PublicKeyToken=null],[GestaoArmazem.Application.DTOs.ClienteDto, GestaoArmazem.Application, Version=1.0.0.0, Culture=neutral, PublicKeyToken=null]]'.
2026-08-15 07:46:18.880 -03:00 [INF] Executed action GestaoArmazem.API.Controllers.ClientesController.Listar (GestaoArmazem.API) in 31.5876ms
2026-08-15 07:46:18.875 -03:00 [INF] Route matched with {action = "Listar", controller = "Produtos"}. Executing controller action with signature System.Threading.Tasks.Task`1[Microsoft.AspNetCore.Mvc.ActionResult`1[System.Collections.Generic.IEnumerable`1[GestaoArmazem.Application.DTOs.ProdutoDto]]] Listar(Int32, Int32) on controller GestaoArmazem.API.Controllers.ProdutosController (GestaoArmazem.API).
2026-08-15 07:46:18.867 -03:00 [INF] Request finished HTTP/2 GET https://localhost:7100/api/produtos?pagina=1&tamanhoPagina=20 - 200 null application/json; charset=utf-8 228.9612ms
2026-08-15 07:46:18.892 -03:00 [INF] Executed endpoint 'GestaoArmazem.API.Controllers.ClientesController.Listar (GestaoArmazem.API)'
2026-08-15 07:46:18.908 -03:00 [INF] Executing OkObjectResult, writing value of type 'System.Linq.Enumerable+SelectListIterator`2[[GestaoArmazem.Domain.Entities.Produto, GestaoArmazem.Domain, Version=1.0.0.0, Culture=neutral, PublicKeyToken=null],[GestaoArmazem.Application.DTOs.ProdutoDto, GestaoArmazem.Application, Version=1.0.0.0, Culture=neutral, PublicKeyToken=null]]'.
2026-08-15 07:46:18.927 -03:00 [INF] HTTP GET /api/clientes responded 200 in 188.6491 ms
2026-08-15 07:46:18.937 -03:00 [INF] Executed action GestaoArmazem.API.Controllers.ProdutosController.Listar (GestaoArmazem.API) in 36.052ms
2026-08-15 07:46:18.956 -03:00 [INF] Request finished HTTP/2 GET https://localhost:7100/api/clientes - 200 null application/json; charset=utf-8 241.5312ms
2026-08-15 07:46:19.006 -03:00 [INF] Executed endpoint 'GestaoArmazem.API.Controllers.ProdutosController.Listar (GestaoArmazem.API)'
2026-08-15 07:46:19.033 -03:00 [INF] HTTP GET /api/produtos responded 200 in 228.2230 ms
2026-08-15 07:46:19.040 -03:00 [INF] Request finished HTTP/2 GET https://localhost:7100/api/produtos?pagina=1&tamanhoPagina=20 - 200 null application/json; charset=utf-8 263.7846ms
2026-08-15 07:46:39.247 -03:00 [INF] Request starting HTTP/2 OPTIONS https://localhost:7100/api/pedidos-expedicao - null null
2026-08-15 07:46:39.276 -03:00 [INF] CORS policy execution successful.
2026-08-15 07:46:39.293 -03:00 [INF] HTTP OPTIONS /api/pedidos-expedicao responded 204 in 16.6963 ms
2026-08-15 07:46:39.307 -03:00 [INF] Request finished HTTP/2 OPTIONS https://localhost:7100/api/pedidos-expedicao - 204 null null 60.476ms
2026-08-15 07:46:39.314 -03:00 [INF] Request starting HTTP/2 POST https://localhost:7100/api/pedidos-expedicao - application/json 168
2026-08-15 07:46:39.356 -03:00 [INF] CORS policy execution successful.
2026-08-15 07:46:39.366 -03:00 [INF] Executing endpoint 'GestaoArmazem.API.Controllers.PedidosExpedicaoController.Criar (GestaoArmazem.API)'
2026-08-15 07:46:39.395 -03:00 [INF] Route matched with {action = "Criar", controller = "PedidosExpedicao"}. Executing controller action with signature System.Threading.Tasks.Task`1[Microsoft.AspNetCore.Mvc.ActionResult`1[GestaoArmazem.Application.DTOs.PedidoExpedicaoDto]] Criar(GestaoArmazem.Application.DTOs.CriarPedidoExpedicaoDto) on controller GestaoArmazem.API.Controllers.PedidosExpedicaoController (GestaoArmazem.API).
2026-08-15 07:46:39.508 -03:00 [INF] Executing CreatedAtActionResult, writing value of type 'GestaoArmazem.Application.DTOs.PedidoExpedicaoDto'.
2026-08-15 07:46:39.518 -03:00 [INF] Executed action GestaoArmazem.API.Controllers.PedidosExpedicaoController.Criar (GestaoArmazem.API) in 111.1504ms
2026-08-15 07:46:39.540 -03:00 [INF] Executed endpoint 'GestaoArmazem.API.Controllers.PedidosExpedicaoController.Criar (GestaoArmazem.API)'
2026-08-15 07:46:39.574 -03:00 [INF] HTTP POST /api/pedidos-expedicao responded 201 in 218.1351 ms
2026-08-15 07:46:39.586 -03:00 [INF] Request finished HTTP/2 POST https://localhost:7100/api/pedidos-expedicao - 201 null application/json; charset=utf-8 272.2607ms
2026-08-15 07:46:39.684 -03:00 [INF] Request starting HTTP/2 OPTIONS https://localhost:7100/api/pedidos-expedicao/8cb9e3b2-9f52-42c7-819f-59764437606b - null null
2026-08-15 07:46:39.685 -03:00 [INF] Request starting HTTP/2 OPTIONS https://localhost:7100/api/produtos?pagina=1&tamanhoPagina=20 - null null
2026-08-15 07:46:39.685 -03:00 [INF] Request starting HTTP/2 OPTIONS https://localhost:7100/api/clientes - null null
2026-08-15 07:46:39.708 -03:00 [INF] Request starting HTTP/2 OPTIONS https://localhost:7100/api/produtos?pagina=1&tamanhoPagina=20 - null null
2026-08-15 07:46:39.685 -03:00 [INF] Request starting HTTP/2 OPTIONS https://localhost:7100/api/localizacoes - null null
2026-08-15 07:46:39.685 -03:00 [INF] Request starting HTTP/2 OPTIONS https://localhost:7100/api/armazens - null null
2026-08-15 07:46:39.886 -03:00 [INF] CORS policy execution successful.
2026-08-15 07:46:39.737 -03:00 [INF] Request starting HTTP/2 OPTIONS https://localhost:7100/api/pedidos-expedicao/8cb9e3b2-9f52-42c7-819f-59764437606b - null null
2026-08-15 07:46:39.737 -03:00 [INF] Request starting HTTP/2 OPTIONS https://localhost:7100/api/clientes - null null
2026-08-15 07:46:39.864 -03:00 [INF] Request starting HTTP/2 OPTIONS https://localhost:7100/api/armazens - null null
2026-08-15 07:46:39.900 -03:00 [INF] Request starting HTTP/2 OPTIONS https://localhost:7100/api/localizacoes - null null
2026-08-15 07:46:40.056 -03:00 [INF] CORS policy execution successful.
2026-08-15 07:46:40.076 -03:00 [INF] CORS policy execution successful.
2026-08-15 07:46:40.093 -03:00 [INF] CORS policy execution successful.
2026-08-15 07:46:40.123 -03:00 [INF] CORS policy execution successful.
2026-08-15 07:46:40.141 -03:00 [INF] CORS policy execution successful.
2026-08-15 07:46:40.145 -03:00 [INF] HTTP OPTIONS /api/pedidos-expedicao/8cb9e3b2-9f52-42c7-819f-59764437606b responded 204 in 259.1240 ms
2026-08-15 07:46:40.159 -03:00 [INF] CORS policy execution successful.
2026-08-15 07:46:40.238 -03:00 [INF] HTTP OPTIONS /api/produtos responded 204 in 181.4726 ms
2026-08-15 07:46:40.244 -03:00 [INF] HTTP OPTIONS /api/clientes responded 204 in 167.6541 ms
2026-08-15 07:46:40.307 -03:00 [INF] Request finished HTTP/2 OPTIONS https://localhost:7100/api/produtos?pagina=1&tamanhoPagina=20 - 204 null null 622.6762ms
2026-08-15 07:46:40.339 -03:00 [INF] Request finished HTTP/2 OPTIONS https://localhost:7100/api/clientes - 204 null null 654.8537ms
2026-08-15 07:46:40.251 -03:00 [INF] HTTP OPTIONS /api/produtos responded 204 in 158.0265 ms
2026-08-15 07:46:40.255 -03:00 [INF] HTTP OPTIONS /api/localizacoes responded 204 in 132.3886 ms
2026-08-15 07:46:40.259 -03:00 [INF] HTTP OPTIONS /api/armazens responded 204 in 117.5968 ms
2026-08-15 07:46:40.275 -03:00 [INF] Request finished HTTP/2 OPTIONS https://localhost:7100/api/pedidos-expedicao/8cb9e3b2-9f52-42c7-819f-59764437606b - 204 null null 590.5173ms
2026-08-15 07:46:40.391 -03:00 [INF] Request finished HTTP/2 OPTIONS https://localhost:7100/api/produtos?pagina=1&tamanhoPagina=20 - 204 null null 683.6057ms
2026-08-15 07:46:40.416 -03:00 [INF] Request finished HTTP/2 OPTIONS https://localhost:7100/api/localizacoes - 204 null null 731.1479ms
2026-08-15 07:46:40.433 -03:00 [INF] Request finished HTTP/2 OPTIONS https://localhost:7100/api/armazens - 204 null null 748.2726ms
2026-08-15 07:46:40.285 -03:00 [INF] HTTP OPTIONS /api/pedidos-expedicao/8cb9e3b2-9f52-42c7-819f-59764437606b responded 204 in 126.2439 ms
2026-08-15 07:46:40.174 -03:00 [INF] CORS policy execution successful.
2026-08-15 07:46:40.190 -03:00 [INF] CORS policy execution successful.
2026-08-15 07:46:40.232 -03:00 [INF] CORS policy execution successful.
2026-08-15 07:46:40.342 -03:00 [INF] Request starting HTTP/2 GET https://localhost:7100/api/produtos?pagina=1&tamanhoPagina=20 - application/json null
2026-08-15 07:46:40.283 -03:00 [INF] Request starting HTTP/2 GET https://localhost:7100/api/pedidos-expedicao/8cb9e3b2-9f52-42c7-819f-59764437606b - application/json null
2026-08-15 07:46:40.345 -03:00 [INF] Request starting HTTP/2 GET https://localhost:7100/api/clientes - application/json null
2026-08-15 07:46:40.438 -03:00 [INF] Request starting HTTP/2 GET https://localhost:7100/api/localizacoes - application/json null
2026-08-15 07:46:40.464 -03:00 [INF] Request starting HTTP/2 GET https://localhost:7100/api/armazens - application/json null
2026-08-15 07:46:40.514 -03:00 [INF] Request finished HTTP/2 OPTIONS https://localhost:7100/api/pedidos-expedicao/8cb9e3b2-9f52-42c7-819f-59764437606b - 204 null null 776.2288ms
2026-08-15 07:46:40.518 -03:00 [INF] HTTP OPTIONS /api/clientes responded 204 in 343.4302 ms
2026-08-15 07:46:40.521 -03:00 [INF] HTTP OPTIONS /api/armazens responded 204 in 331.0692 ms
2026-08-15 07:46:40.524 -03:00 [INF] HTTP OPTIONS /api/localizacoes responded 204 in 291.4235 ms
2026-08-15 07:46:40.534 -03:00 [INF] CORS policy execution successful.
2026-08-15 07:46:40.545 -03:00 [INF] CORS policy execution successful.
2026-08-15 07:46:40.558 -03:00 [INF] CORS policy execution successful.
2026-08-15 07:46:40.572 -03:00 [INF] CORS policy execution successful.
2026-08-15 07:46:40.606 -03:00 [INF] CORS policy execution successful.
2026-08-15 07:46:40.608 -03:00 [INF] Request finished HTTP/2 OPTIONS https://localhost:7100/api/clientes - 204 null null 871.5014ms
2026-08-15 07:46:40.615 -03:00 [INF] Request finished HTTP/2 OPTIONS https://localhost:7100/api/armazens - 204 null null 751.5485ms
2026-08-15 07:46:40.622 -03:00 [INF] Request finished HTTP/2 OPTIONS https://localhost:7100/api/localizacoes - 204 null null 723.9592ms
2026-08-15 07:46:40.625 -03:00 [INF] Executing endpoint 'GestaoArmazem.API.Controllers.ProdutosController.Listar (GestaoArmazem.API)'
2026-08-15 07:46:40.628 -03:00 [INF] Executing endpoint 'GestaoArmazem.API.Controllers.PedidosExpedicaoController.ObterPorId (GestaoArmazem.API)'
2026-08-15 07:46:40.632 -03:00 [INF] Executing endpoint 'GestaoArmazem.API.Controllers.ClientesController.Listar (GestaoArmazem.API)'
2026-08-15 07:46:40.636 -03:00 [INF] Executing endpoint 'GestaoArmazem.API.Controllers.LocalizacoesController.Listar (GestaoArmazem.API)'
2026-08-15 07:46:40.639 -03:00 [INF] Executing endpoint 'GestaoArmazem.API.Controllers.ArmazensController.Listar (GestaoArmazem.API)'
2026-08-15 07:46:40.684 -03:00 [INF] Route matched with {action = "Listar", controller = "Produtos"}. Executing controller action with signature System.Threading.Tasks.Task`1[Microsoft.AspNetCore.Mvc.ActionResult`1[System.Collections.Generic.IEnumerable`1[GestaoArmazem.Application.DTOs.ProdutoDto]]] Listar(Int32, Int32) on controller GestaoArmazem.API.Controllers.ProdutosController (GestaoArmazem.API).
2026-08-15 07:46:40.695 -03:00 [INF] Route matched with {action = "Listar", controller = "Clientes"}. Executing controller action with signature System.Threading.Tasks.Task`1[Microsoft.AspNetCore.Mvc.ActionResult`1[System.Collections.Generic.IEnumerable`1[GestaoArmazem.Application.DTOs.ClienteDto]]] Listar() on controller GestaoArmazem.API.Controllers.ClientesController (GestaoArmazem.API).
2026-08-15 07:46:40.722 -03:00 [INF] Route matched with {action = "Listar", controller = "Armazens"}. Executing controller action with signature System.Threading.Tasks.Task`1[Microsoft.AspNetCore.Mvc.ActionResult`1[System.Collections.Generic.IEnumerable`1[GestaoArmazem.Application.DTOs.ArmazemDto]]] Listar() on controller GestaoArmazem.API.Controllers.ArmazensController (GestaoArmazem.API).
2026-08-15 07:46:40.743 -03:00 [INF] Executing OkObjectResult, writing value of type 'System.Linq.Enumerable+SelectListIterator`2[[GestaoArmazem.Domain.Entities.Produto, GestaoArmazem.Domain, Version=1.0.0.0, Culture=neutral, PublicKeyToken=null],[GestaoArmazem.Application.DTOs.ProdutoDto, GestaoArmazem.Application, Version=1.0.0.0, Culture=neutral, PublicKeyToken=null]]'.
2026-08-15 07:46:40.762 -03:00 [INF] Executing OkObjectResult, writing value of type 'System.Linq.Enumerable+SelectListIterator`2[[GestaoArmazem.Domain.Entities.Cliente, GestaoArmazem.Domain, Version=1.0.0.0, Culture=neutral, PublicKeyToken=null],[GestaoArmazem.Application.DTOs.ClienteDto, GestaoArmazem.Application, Version=1.0.0.0, Culture=neutral, PublicKeyToken=null]]'.
2026-08-15 07:46:40.777 -03:00 [INF] Executing OkObjectResult, writing value of type 'System.Linq.Enumerable+SelectListIterator`2[[GestaoArmazem.Domain.Entities.Armazem, GestaoArmazem.Domain, Version=1.0.0.0, Culture=neutral, PublicKeyToken=null],[GestaoArmazem.Application.DTOs.ArmazemDto, GestaoArmazem.Application, Version=1.0.0.0, Culture=neutral, PublicKeyToken=null]]'.
2026-08-15 07:46:40.782 -03:00 [INF] Executed action GestaoArmazem.API.Controllers.ProdutosController.Listar (GestaoArmazem.API) in 49.5647ms
2026-08-15 07:46:40.799 -03:00 [INF] Executed action GestaoArmazem.API.Controllers.ClientesController.Listar (GestaoArmazem.API) in 49.765ms
2026-08-15 07:46:40.809 -03:00 [INF] Executed action GestaoArmazem.API.Controllers.ArmazensController.Listar (GestaoArmazem.API) in 42.6192ms
2026-08-15 07:46:40.812 -03:00 [INF] Request starting HTTP/2 GET https://localhost:7100/api/clientes - application/json null
2026-08-15 07:46:40.788 -03:00 [INF] Request starting HTTP/2 GET https://localhost:7100/api/produtos?pagina=1&tamanhoPagina=20 - application/json null
2026-08-15 07:46:40.701 -03:00 [INF] Route matched with {action = "ObterPorId", controller = "PedidosExpedicao"}. Executing controller action with signature System.Threading.Tasks.Task`1[Microsoft.AspNetCore.Mvc.ActionResult`1[GestaoArmazem.Application.DTOs.PedidoExpedicaoDto]] ObterPorId(System.Guid) on controller GestaoArmazem.API.Controllers.PedidosExpedicaoController (GestaoArmazem.API).
2026-08-15 07:46:40.715 -03:00 [INF] Route matched with {action = "Listar", controller = "Localizacoes"}. Executing controller action with signature System.Threading.Tasks.Task`1[Microsoft.AspNetCore.Mvc.ActionResult`1[System.Collections.Generic.IEnumerable`1[GestaoArmazem.Application.DTOs.LocalizacaoDto]]] Listar() on controller GestaoArmazem.API.Controllers.LocalizacoesController (GestaoArmazem.API).
2026-08-15 07:46:40.837 -03:00 [INF] Executed endpoint 'GestaoArmazem.API.Controllers.ClientesController.Listar (GestaoArmazem.API)'
2026-08-15 07:46:40.817 -03:00 [INF] Request starting HTTP/2 GET https://localhost:7100/api/armazens - application/json null
2026-08-15 07:46:40.899 -03:00 [INF] HTTP GET /api/clientes responded 200 in 340.7827 ms
2026-08-15 07:46:40.846 -03:00 [INF] Executed endpoint 'GestaoArmazem.API.Controllers.ArmazensController.Listar (GestaoArmazem.API)'
2026-08-15 07:46:40.822 -03:00 [INF] Executed endpoint 'GestaoArmazem.API.Controllers.ProdutosController.Listar (GestaoArmazem.API)'
2026-08-15 07:46:40.858 -03:00 [INF] CORS policy execution successful.
2026-08-15 07:46:40.869 -03:00 [INF] CORS policy execution successful.
2026-08-15 07:46:40.911 -03:00 [INF] CORS policy execution successful.
2026-08-15 07:46:40.921 -03:00 [INF] Request finished HTTP/2 GET https://localhost:7100/api/clientes - 200 null application/json; charset=utf-8 576.3912ms
2026-08-15 07:46:40.927 -03:00 [INF] HTTP GET /api/armazens responded 200 in 320.6282 ms
2026-08-15 07:46:40.931 -03:00 [INF] HTTP GET /api/produtos responded 200 in 396.8185 ms
2026-08-15 07:46:40.942 -03:00 [INF] Executing endpoint 'GestaoArmazem.API.Controllers.ArmazensController.Listar (GestaoArmazem.API)'
2026-08-15 07:46:40.987 -03:00 [INF] Request finished HTTP/2 GET https://localhost:7100/api/armazens - 200 null application/json; charset=utf-8 522.9373ms
2026-08-15 07:46:40.936 -03:00 [INF] Executing endpoint 'GestaoArmazem.API.Controllers.ClientesController.Listar (GestaoArmazem.API)'
2026-08-15 07:46:40.939 -03:00 [INF] Executing endpoint 'GestaoArmazem.API.Controllers.ProdutosController.Listar (GestaoArmazem.API)'
2026-08-15 07:46:40.953 -03:00 [INF] Executing OkObjectResult, writing value of type 'System.Linq.Enumerable+SelectListIterator`2[[GestaoArmazem.Domain.Entities.Localizacao, GestaoArmazem.Domain, Version=1.0.0.0, Culture=neutral, PublicKeyToken=null],[GestaoArmazem.Application.DTOs.LocalizacaoDto, GestaoArmazem.Application, Version=1.0.0.0, Culture=neutral, PublicKeyToken=null]]'.
2026-08-15 07:46:41.009 -03:00 [INF] Request finished HTTP/2 GET https://localhost:7100/api/produtos?pagina=1&tamanhoPagina=20 - 200 null application/json; charset=utf-8 667.5874ms
2026-08-15 07:46:41.011 -03:00 [INF] Executing OkObjectResult, writing value of type 'GestaoArmazem.Application.DTOs.PedidoExpedicaoDto'.
2026-08-15 07:46:41.016 -03:00 [INF] Route matched with {action = "Listar", controller = "Armazens"}. Executing controller action with signature System.Threading.Tasks.Task`1[Microsoft.AspNetCore.Mvc.ActionResult`1[System.Collections.Generic.IEnumerable`1[GestaoArmazem.Application.DTOs.ArmazemDto]]] Listar() on controller GestaoArmazem.API.Controllers.ArmazensController (GestaoArmazem.API).
2026-08-15 07:46:41.161 -03:00 [INF] Executed action GestaoArmazem.API.Controllers.PedidosExpedicaoController.ObterPorId (GestaoArmazem.API) in 283.8904ms
2026-08-15 07:46:41.166 -03:00 [INF] Request starting HTTP/2 GET https://localhost:7100/api/pedidos-expedicao/8cb9e3b2-9f52-42c7-819f-59764437606b - application/json null
2026-08-15 07:46:41.034 -03:00 [INF] Route matched with {action = "Listar", controller = "Clientes"}. Executing controller action with signature System.Threading.Tasks.Task`1[Microsoft.AspNetCore.Mvc.ActionResult`1[System.Collections.Generic.IEnumerable`1[GestaoArmazem.Application.DTOs.ClienteDto]]] Listar() on controller GestaoArmazem.API.Controllers.ClientesController (GestaoArmazem.API).
2026-08-15 07:46:41.039 -03:00 [INF] Route matched with {action = "Listar", controller = "Produtos"}. Executing controller action with signature System.Threading.Tasks.Task`1[Microsoft.AspNetCore.Mvc.ActionResult`1[System.Collections.Generic.IEnumerable`1[GestaoArmazem.Application.DTOs.ProdutoDto]]] Listar(Int32, Int32) on controller GestaoArmazem.API.Controllers.ProdutosController (GestaoArmazem.API).
2026-08-15 07:46:41.207 -03:00 [INF] Executed endpoint 'GestaoArmazem.API.Controllers.PedidosExpedicaoController.ObterPorId (GestaoArmazem.API)'
2026-08-15 07:46:41.337 -03:00 [INF] Executing OkObjectResult, writing value of type 'System.Linq.Enumerable+SelectListIterator`2[[GestaoArmazem.Domain.Entities.Produto, GestaoArmazem.Domain, Version=1.0.0.0, Culture=neutral, PublicKeyToken=null],[GestaoArmazem.Application.DTOs.ProdutoDto, GestaoArmazem.Application, Version=1.0.0.0, Culture=neutral, PublicKeyToken=null]]'.
2026-08-15 07:46:41.260 -03:00 [INF] CORS policy execution successful.
2026-08-15 07:46:41.300 -03:00 [INF] Executing OkObjectResult, writing value of type 'System.Linq.Enumerable+SelectListIterator`2[[GestaoArmazem.Domain.Entities.Cliente, GestaoArmazem.Domain, Version=1.0.0.0, Culture=neutral, PublicKeyToken=null],[GestaoArmazem.Application.DTOs.ClienteDto, GestaoArmazem.Application, Version=1.0.0.0, Culture=neutral, PublicKeyToken=null]]'.
2026-08-15 07:46:41.059 -03:00 [INF] Request starting HTTP/2 GET https://localhost:7100/api/localizacoes - application/json null
2026-08-15 07:46:41.202 -03:00 [INF] Executing OkObjectResult, writing value of type 'System.Linq.Enumerable+SelectListIterator`2[[GestaoArmazem.Domain.Entities.Armazem, GestaoArmazem.Domain, Version=1.0.0.0, Culture=neutral, PublicKeyToken=null],[GestaoArmazem.Application.DTOs.ArmazemDto, GestaoArmazem.Application, Version=1.0.0.0, Culture=neutral, PublicKeyToken=null]]'.
2026-08-15 07:46:41.048 -03:00 [INF] Executed action GestaoArmazem.API.Controllers.LocalizacoesController.Listar (GestaoArmazem.API) in 161.8056ms
2026-08-15 07:46:41.360 -03:00 [INF] HTTP GET /api/pedidos-expedicao/8cb9e3b2-9f52-42c7-819f-59764437606b responded 200 in 814.8578 ms
2026-08-15 07:46:41.388 -03:00 [INF] Executed action GestaoArmazem.API.Controllers.ProdutosController.Listar (GestaoArmazem.API) in 65.5308ms
2026-08-15 07:46:41.405 -03:00 [INF] Executing endpoint 'GestaoArmazem.API.Controllers.PedidosExpedicaoController.ObterPorId (GestaoArmazem.API)'
2026-08-15 07:46:41.422 -03:00 [INF] Executed action GestaoArmazem.API.Controllers.ClientesController.Listar (GestaoArmazem.API) in 140.0384ms
2026-08-15 07:46:41.436 -03:00 [INF] CORS policy execution successful.
2026-08-15 07:46:41.445 -03:00 [INF] Executed action GestaoArmazem.API.Controllers.ArmazensController.Listar (GestaoArmazem.API) in 259.015ms
2026-08-15 07:46:41.491 -03:00 [INF] Executed endpoint 'GestaoArmazem.API.Controllers.LocalizacoesController.Listar (GestaoArmazem.API)'
2026-08-15 07:46:41.514 -03:00 [INF] Request finished HTTP/2 GET https://localhost:7100/api/pedidos-expedicao/8cb9e3b2-9f52-42c7-819f-59764437606b - 200 null application/json; charset=utf-8 1233.0659ms
2026-08-15 07:46:41.542 -03:00 [INF] Executed endpoint 'GestaoArmazem.API.Controllers.ProdutosController.Listar (GestaoArmazem.API)'
2026-08-15 07:46:41.563 -03:00 [INF] Route matched with {action = "ObterPorId", controller = "PedidosExpedicao"}. Executing controller action with signature System.Threading.Tasks.Task`1[Microsoft.AspNetCore.Mvc.ActionResult`1[GestaoArmazem.Application.DTOs.PedidoExpedicaoDto]] ObterPorId(System.Guid) on controller GestaoArmazem.API.Controllers.PedidosExpedicaoController (GestaoArmazem.API).
2026-08-15 07:46:41.597 -03:00 [INF] Executed endpoint 'GestaoArmazem.API.Controllers.ClientesController.Listar (GestaoArmazem.API)'
2026-08-15 07:46:41.706 -03:00 [INF] HTTP GET /api/produtos responded 200 in 836.5765 ms
2026-08-15 07:46:41.618 -03:00 [INF] Executing endpoint 'GestaoArmazem.API.Controllers.LocalizacoesController.Listar (GestaoArmazem.API)'
2026-08-15 07:46:41.637 -03:00 [INF] Executed endpoint 'GestaoArmazem.API.Controllers.ArmazensController.Listar (GestaoArmazem.API)'
2026-08-15 07:46:41.650 -03:00 [INF] HTTP GET /api/localizacoes responded 200 in 1078.1828 ms
2026-08-15 07:46:41.784 -03:00 [INF] Executing OkObjectResult, writing value of type 'GestaoArmazem.Application.DTOs.PedidoExpedicaoDto'.
2026-08-15 07:46:41.805 -03:00 [INF] HTTP GET /api/clientes responded 200 in 947.6146 ms
2026-08-15 07:46:41.849 -03:00 [INF] Request finished HTTP/2 GET https://localhost:7100/api/produtos?pagina=1&tamanhoPagina=20 - 200 null application/json; charset=utf-8 1061.0143ms
2026-08-15 07:46:41.862 -03:00 [INF] Route matched with {action = "Listar", controller = "Localizacoes"}. Executing controller action with signature System.Threading.Tasks.Task`1[Microsoft.AspNetCore.Mvc.ActionResult`1[System.Collections.Generic.IEnumerable`1[GestaoArmazem.Application.DTOs.LocalizacaoDto]]] Listar() on controller GestaoArmazem.API.Controllers.LocalizacoesController (GestaoArmazem.API).
2026-08-15 07:46:41.867 -03:00 [INF] HTTP GET /api/armazens responded 200 in 955.7811 ms
2026-08-15 07:46:41.907 -03:00 [INF] Executed action GestaoArmazem.API.Controllers.PedidosExpedicaoController.ObterPorId (GestaoArmazem.API) in 143.3049ms
2026-08-15 07:46:41.938 -03:00 [INF] Request finished HTTP/2 GET https://localhost:7100/api/clientes - 200 null application/json; charset=utf-8 1126.2751ms
2026-08-15 07:46:41.887 -03:00 [INF] Request finished HTTP/2 GET https://localhost:7100/api/localizacoes - 200 null application/json; charset=utf-8 1449.8973ms
2026-08-15 07:46:42.011 -03:00 [INF] Executing OkObjectResult, writing value of type 'System.Linq.Enumerable+SelectListIterator`2[[GestaoArmazem.Domain.Entities.Localizacao, GestaoArmazem.Domain, Version=1.0.0.0, Culture=neutral, PublicKeyToken=null],[GestaoArmazem.Application.DTOs.LocalizacaoDto, GestaoArmazem.Application, Version=1.0.0.0, Culture=neutral, PublicKeyToken=null]]'.
2026-08-15 07:46:42.021 -03:00 [INF] Request finished HTTP/2 GET https://localhost:7100/api/armazens - 200 null application/json; charset=utf-8 1206.3976ms
2026-08-15 07:46:42.032 -03:00 [INF] Executed endpoint 'GestaoArmazem.API.Controllers.PedidosExpedicaoController.ObterPorId (GestaoArmazem.API)'
2026-08-15 07:46:42.090 -03:00 [INF] Executed action GestaoArmazem.API.Controllers.LocalizacoesController.Listar (GestaoArmazem.API) in 91.9402ms
2026-08-15 07:46:42.118 -03:00 [INF] HTTP GET /api/pedidos-expedicao/8cb9e3b2-9f52-42c7-819f-59764437606b responded 200 in 857.6593 ms
2026-08-15 07:46:42.129 -03:00 [INF] Executed endpoint 'GestaoArmazem.API.Controllers.LocalizacoesController.Listar (GestaoArmazem.API)'
2026-08-15 07:46:42.137 -03:00 [INF] Request finished HTTP/2 GET https://localhost:7100/api/pedidos-expedicao/8cb9e3b2-9f52-42c7-819f-59764437606b - 200 null application/json; charset=utf-8 971.1351ms
2026-08-15 07:46:42.146 -03:00 [INF] HTTP GET /api/localizacoes responded 200 in 709.5981 ms
2026-08-15 07:46:42.170 -03:00 [INF] Request finished HTTP/2 GET https://localhost:7100/api/localizacoes - 200 null application/json; charset=utf-8 1113.2838ms
2026-08-15 07:46:54.369 -03:00 [INF] Request starting HTTP/2 OPTIONS https://localhost:7100/api/pedidos-expedicao/8cb9e3b2-9f52-42c7-819f-59764437606b/expedir - null null
2026-08-15 07:46:54.385 -03:00 [INF] CORS policy execution successful.
2026-08-15 07:46:54.394 -03:00 [INF] HTTP OPTIONS /api/pedidos-expedicao/8cb9e3b2-9f52-42c7-819f-59764437606b/expedir responded 204 in 8.9124 ms
2026-08-15 07:46:54.402 -03:00 [INF] Request finished HTTP/2 OPTIONS https://localhost:7100/api/pedidos-expedicao/8cb9e3b2-9f52-42c7-819f-59764437606b/expedir - 204 null null 32.9361ms
2026-08-15 07:46:54.414 -03:00 [INF] Request starting HTTP/2 POST https://localhost:7100/api/pedidos-expedicao/8cb9e3b2-9f52-42c7-819f-59764437606b/expedir - application/json 167
2026-08-15 07:46:54.469 -03:00 [INF] CORS policy execution successful.
2026-08-15 07:46:54.477 -03:00 [INF] Executing endpoint 'GestaoArmazem.API.Controllers.PedidosExpedicaoController.Expedir (GestaoArmazem.API)'
2026-08-15 07:46:54.493 -03:00 [INF] Route matched with {action = "Expedir", controller = "PedidosExpedicao"}. Executing controller action with signature System.Threading.Tasks.Task`1[Microsoft.AspNetCore.Mvc.IActionResult] Expedir(System.Guid, GestaoArmazem.Application.DTOs.ExpedirPedidoDto) on controller GestaoArmazem.API.Controllers.PedidosExpedicaoController (GestaoArmazem.API).
2026-08-15 07:46:54.793 -03:00 [INF] Executing StatusCodeResult, setting HTTP status code 204
2026-08-15 07:46:54.798 -03:00 [INF] Executed action GestaoArmazem.API.Controllers.PedidosExpedicaoController.Expedir (GestaoArmazem.API) in 297.0212ms
2026-08-15 07:46:54.804 -03:00 [INF] Executed endpoint 'GestaoArmazem.API.Controllers.PedidosExpedicaoController.Expedir (GestaoArmazem.API)'
2026-08-15 07:46:54.811 -03:00 [INF] HTTP POST /api/pedidos-expedicao/8cb9e3b2-9f52-42c7-819f-59764437606b/expedir responded 204 in 341.1849 ms
2026-08-15 07:46:54.818 -03:00 [INF] Request finished HTTP/2 POST https://localhost:7100/api/pedidos-expedicao/8cb9e3b2-9f52-42c7-819f-59764437606b/expedir - 204 null null 404.4801ms
2026-08-15 07:46:54.830 -03:00 [INF] Request starting HTTP/2 OPTIONS https://localhost:7100/api/pedidos-expedicao/8cb9e3b2-9f52-42c7-819f-59764437606b - null null
2026-08-15 07:46:54.870 -03:00 [INF] CORS policy execution successful.
2026-08-15 07:46:54.876 -03:00 [INF] HTTP OPTIONS /api/pedidos-expedicao/8cb9e3b2-9f52-42c7-819f-59764437606b responded 204 in 5.7865 ms
2026-08-15 07:46:54.884 -03:00 [INF] Request finished HTTP/2 OPTIONS https://localhost:7100/api/pedidos-expedicao/8cb9e3b2-9f52-42c7-819f-59764437606b - 204 null null 54.4652ms
2026-08-15 07:46:54.890 -03:00 [INF] Request starting HTTP/2 GET https://localhost:7100/api/pedidos-expedicao/8cb9e3b2-9f52-42c7-819f-59764437606b - application/json null
2026-08-15 07:46:54.911 -03:00 [INF] CORS policy execution successful.
2026-08-15 07:46:54.916 -03:00 [INF] Executing endpoint 'GestaoArmazem.API.Controllers.PedidosExpedicaoController.ObterPorId (GestaoArmazem.API)'
2026-08-15 07:46:54.921 -03:00 [INF] Route matched with {action = "ObterPorId", controller = "PedidosExpedicao"}. Executing controller action with signature System.Threading.Tasks.Task`1[Microsoft.AspNetCore.Mvc.ActionResult`1[GestaoArmazem.Application.DTOs.PedidoExpedicaoDto]] ObterPorId(System.Guid) on controller GestaoArmazem.API.Controllers.PedidosExpedicaoController (GestaoArmazem.API).
2026-08-15 07:46:54.943 -03:00 [INF] Executing OkObjectResult, writing value of type 'GestaoArmazem.Application.DTOs.PedidoExpedicaoDto'.
2026-08-15 07:46:54.951 -03:00 [INF] Executed action GestaoArmazem.API.Controllers.PedidosExpedicaoController.ObterPorId (GestaoArmazem.API) in 19.0749ms
2026-08-15 07:46:54.962 -03:00 [INF] Executed endpoint 'GestaoArmazem.API.Controllers.PedidosExpedicaoController.ObterPorId (GestaoArmazem.API)'
2026-08-15 07:46:54.971 -03:00 [INF] HTTP GET /api/pedidos-expedicao/8cb9e3b2-9f52-42c7-819f-59764437606b responded 200 in 59.8896 ms
2026-08-15 07:46:54.993 -03:00 [INF] Request finished HTTP/2 GET https://localhost:7100/api/pedidos-expedicao/8cb9e3b2-9f52-42c7-819f-59764437606b - 200 null application/json; charset=utf-8 104.7932ms
2026-08-15 07:46:59.882 -03:00 [INF] Request starting HTTP/2 OPTIONS https://localhost:7100/api/produtos?pagina=1&tamanhoPagina=20 - null null
2026-08-15 07:46:59.895 -03:00 [INF] Request starting HTTP/2 OPTIONS https://localhost:7100/api/produtos?pagina=1&tamanhoPagina=20 - null null
2026-08-15 07:46:59.895 -03:00 [INF] Request starting HTTP/2 OPTIONS https://localhost:7100/api/localizacoes - null null
2026-08-15 07:46:59.894 -03:00 [INF] Request starting HTTP/2 OPTIONS https://localhost:7100/api/armazens - null null
2026-08-15 07:46:59.893 -03:00 [INF] Request starting HTTP/2 OPTIONS https://localhost:7100/api/localizacoes - null null
2026-08-15 07:46:59.895 -03:00 [INF] Request starting HTTP/2 OPTIONS https://localhost:7100/api/armazens - null null
2026-08-15 07:46:59.926 -03:00 [INF] CORS policy execution successful.
2026-08-15 07:46:59.944 -03:00 [INF] CORS policy execution successful.
2026-08-15 07:46:59.967 -03:00 [INF] CORS policy execution successful.
2026-08-15 07:46:59.994 -03:00 [INF] CORS policy execution successful.
2026-08-15 07:47:00.018 -03:00 [INF] CORS policy execution successful.
2026-08-15 07:47:00.041 -03:00 [INF] CORS policy execution successful.
2026-08-15 07:47:00.047 -03:00 [INF] HTTP OPTIONS /api/produtos responded 204 in 120.9281 ms
2026-08-15 07:47:00.051 -03:00 [INF] HTTP OPTIONS /api/produtos responded 204 in 107.1495 ms
2026-08-15 07:47:00.057 -03:00 [INF] HTTP OPTIONS /api/localizacoes responded 204 in 90.4150 ms
2026-08-15 07:47:00.062 -03:00 [INF] HTTP OPTIONS /api/armazens responded 204 in 68.6253 ms
2026-08-15 07:47:00.100 -03:00 [INF] Request finished HTTP/2 OPTIONS https://localhost:7100/api/localizacoes - 204 null null 205.2174ms
2026-08-15 07:47:00.108 -03:00 [INF] Request starting HTTP/2 GET https://localhost:7100/api/localizacoes - application/json null
2026-08-15 07:47:00.109 -03:00 [INF] Request finished HTTP/2 OPTIONS https://localhost:7100/api/armazens - 204 null null 215.679ms
2026-08-15 07:47:00.085 -03:00 [INF] Request starting HTTP/2 GET https://localhost:7100/api/produtos?pagina=1&tamanhoPagina=20 - application/json null
2026-08-15 07:47:00.065 -03:00 [INF] HTTP OPTIONS /api/localizacoes responded 204 in 47.3004 ms
2026-08-15 07:47:00.068 -03:00 [INF] HTTP OPTIONS /api/armazens responded 204 in 28.2969 ms
2026-08-15 07:47:00.077 -03:00 [INF] Request finished HTTP/2 OPTIONS https://localhost:7100/api/produtos?pagina=1&tamanhoPagina=20 - 204 null null 195.5553ms
2026-08-15 07:47:00.086 -03:00 [INF] Request finished HTTP/2 OPTIONS https://localhost:7100/api/produtos?pagina=1&tamanhoPagina=20 - 204 null null 192.6089ms
2026-08-15 07:47:00.114 -03:00 [INF] Request starting HTTP/2 GET https://localhost:7100/api/armazens - application/json null
2026-08-15 07:47:00.136 -03:00 [INF] CORS policy execution successful.
2026-08-15 07:47:00.194 -03:00 [INF] CORS policy execution successful.
2026-08-15 07:47:00.216 -03:00 [INF] Request finished HTTP/2 OPTIONS https://localhost:7100/api/localizacoes - 204 null null 322.7612ms
2026-08-15 07:47:00.227 -03:00 [INF] Request finished HTTP/2 OPTIONS https://localhost:7100/api/armazens - 204 null null 331.7965ms
2026-08-15 07:47:00.271 -03:00 [INF] CORS policy execution successful.
2026-08-15 07:47:00.276 -03:00 [INF] Executing endpoint 'GestaoArmazem.API.Controllers.LocalizacoesController.Listar (GestaoArmazem.API)'
2026-08-15 07:47:00.279 -03:00 [INF] Executing endpoint 'GestaoArmazem.API.Controllers.ProdutosController.Listar (GestaoArmazem.API)'
2026-08-15 07:47:00.324 -03:00 [INF] Executing endpoint 'GestaoArmazem.API.Controllers.ArmazensController.Listar (GestaoArmazem.API)'
2026-08-15 07:47:00.327 -03:00 [INF] Route matched with {action = "Listar", controller = "Localizacoes"}. Executing controller action with signature System.Threading.Tasks.Task`1[Microsoft.AspNetCore.Mvc.ActionResult`1[System.Collections.Generic.IEnumerable`1[GestaoArmazem.Application.DTOs.LocalizacaoDto]]] Listar() on controller GestaoArmazem.API.Controllers.LocalizacoesController (GestaoArmazem.API).
2026-08-15 07:47:00.332 -03:00 [INF] Route matched with {action = "Listar", controller = "Produtos"}. Executing controller action with signature System.Threading.Tasks.Task`1[Microsoft.AspNetCore.Mvc.ActionResult`1[System.Collections.Generic.IEnumerable`1[GestaoArmazem.Application.DTOs.ProdutoDto]]] Listar(Int32, Int32) on controller GestaoArmazem.API.Controllers.ProdutosController (GestaoArmazem.API).
2026-08-15 07:47:00.337 -03:00 [INF] Route matched with {action = "Listar", controller = "Armazens"}. Executing controller action with signature System.Threading.Tasks.Task`1[Microsoft.AspNetCore.Mvc.ActionResult`1[System.Collections.Generic.IEnumerable`1[GestaoArmazem.Application.DTOs.ArmazemDto]]] Listar() on controller GestaoArmazem.API.Controllers.ArmazensController (GestaoArmazem.API).
2026-08-15 07:47:00.358 -03:00 [INF] Executing OkObjectResult, writing value of type 'System.Linq.Enumerable+SelectListIterator`2[[GestaoArmazem.Domain.Entities.Localizacao, GestaoArmazem.Domain, Version=1.0.0.0, Culture=neutral, PublicKeyToken=null],[GestaoArmazem.Application.DTOs.LocalizacaoDto, GestaoArmazem.Application, Version=1.0.0.0, Culture=neutral, PublicKeyToken=null]]'.
2026-08-15 07:47:00.369 -03:00 [INF] Executing OkObjectResult, writing value of type 'System.Linq.Enumerable+SelectListIterator`2[[GestaoArmazem.Domain.Entities.Produto, GestaoArmazem.Domain, Version=1.0.0.0, Culture=neutral, PublicKeyToken=null],[GestaoArmazem.Application.DTOs.ProdutoDto, GestaoArmazem.Application, Version=1.0.0.0, Culture=neutral, PublicKeyToken=null]]'.
2026-08-15 07:47:00.387 -03:00 [INF] Executing OkObjectResult, writing value of type 'System.Linq.Enumerable+SelectListIterator`2[[GestaoArmazem.Domain.Entities.Armazem, GestaoArmazem.Domain, Version=1.0.0.0, Culture=neutral, PublicKeyToken=null],[GestaoArmazem.Application.DTOs.ArmazemDto, GestaoArmazem.Application, Version=1.0.0.0, Culture=neutral, PublicKeyToken=null]]'.
2026-08-15 07:47:00.399 -03:00 [INF] Executed action GestaoArmazem.API.Controllers.ProdutosController.Listar (GestaoArmazem.API) in 37.8287ms
2026-08-15 07:47:00.412 -03:00 [INF] Executed action GestaoArmazem.API.Controllers.ArmazensController.Listar (GestaoArmazem.API) in 36.6212ms
2026-08-15 07:47:00.396 -03:00 [INF] Request starting HTTP/2 GET https://localhost:7100/api/localizacoes - application/json null
2026-08-15 07:47:00.403 -03:00 [INF] Request starting HTTP/2 GET https://localhost:7100/api/produtos?pagina=1&tamanhoPagina=20 - application/json null
2026-08-15 07:47:00.391 -03:00 [INF] Executed action GestaoArmazem.API.Controllers.LocalizacoesController.Listar (GestaoArmazem.API) in 42.3716ms
2026-08-15 07:47:00.416 -03:00 [INF] Request starting HTTP/2 GET https://localhost:7100/api/armazens - application/json null
2026-08-15 07:47:00.426 -03:00 [INF] Executed endpoint 'GestaoArmazem.API.Controllers.ProdutosController.Listar (GestaoArmazem.API)'
2026-08-15 07:47:00.434 -03:00 [INF] Executed endpoint 'GestaoArmazem.API.Controllers.ArmazensController.Listar (GestaoArmazem.API)'
2026-08-15 07:47:00.446 -03:00 [INF] CORS policy execution successful.
2026-08-15 07:47:00.455 -03:00 [INF] CORS policy execution successful.
2026-08-15 07:47:00.460 -03:00 [INF] Executed endpoint 'GestaoArmazem.API.Controllers.LocalizacoesController.Listar (GestaoArmazem.API)'
2026-08-15 07:47:00.470 -03:00 [INF] CORS policy execution successful.
2026-08-15 07:47:00.476 -03:00 [INF] HTTP GET /api/produtos responded 200 in 281.4763 ms
2026-08-15 07:47:00.480 -03:00 [INF] HTTP GET /api/armazens responded 200 in 208.4543 ms
2026-08-15 07:47:00.483 -03:00 [INF] Executing endpoint 'GestaoArmazem.API.Controllers.LocalizacoesController.Listar (GestaoArmazem.API)'
2026-08-15 07:47:00.486 -03:00 [INF] Executing endpoint 'GestaoArmazem.API.Controllers.ProdutosController.Listar (GestaoArmazem.API)'
2026-08-15 07:47:00.491 -03:00 [INF] HTTP GET /api/localizacoes responded 200 in 354.3480 ms
2026-08-15 07:47:00.493 -03:00 [INF] Executing endpoint 'GestaoArmazem.API.Controllers.ArmazensController.Listar (GestaoArmazem.API)'
2026-08-15 07:47:00.500 -03:00 [INF] Request finished HTTP/2 GET https://localhost:7100/api/produtos?pagina=1&tamanhoPagina=20 - 200 null application/json; charset=utf-8 415.4719ms
2026-08-15 07:47:00.509 -03:00 [INF] Request finished HTTP/2 GET https://localhost:7100/api/armazens - 200 null application/json; charset=utf-8 396.0073ms
2026-08-15 07:47:00.513 -03:00 [INF] Route matched with {action = "Listar", controller = "Localizacoes"}. Executing controller action with signature System.Threading.Tasks.Task`1[Microsoft.AspNetCore.Mvc.ActionResult`1[System.Collections.Generic.IEnumerable`1[GestaoArmazem.Application.DTOs.LocalizacaoDto]]] Listar() on controller GestaoArmazem.API.Controllers.LocalizacoesController (GestaoArmazem.API).
2026-08-15 07:47:00.517 -03:00 [INF] Route matched with {action = "Listar", controller = "Produtos"}. Executing controller action with signature System.Threading.Tasks.Task`1[Microsoft.AspNetCore.Mvc.ActionResult`1[System.Collections.Generic.IEnumerable`1[GestaoArmazem.Application.DTOs.ProdutoDto]]] Listar(Int32, Int32) on controller GestaoArmazem.API.Controllers.ProdutosController (GestaoArmazem.API).
2026-08-15 07:47:00.526 -03:00 [INF] Request finished HTTP/2 GET https://localhost:7100/api/localizacoes - 200 null application/json; charset=utf-8 418.7148ms
2026-08-15 07:47:00.590 -03:00 [INF] Executing OkObjectResult, writing value of type 'System.Linq.Enumerable+SelectListIterator`2[[GestaoArmazem.Domain.Entities.Produto, GestaoArmazem.Domain, Version=1.0.0.0, Culture=neutral, PublicKeyToken=null],[GestaoArmazem.Application.DTOs.ProdutoDto, GestaoArmazem.Application, Version=1.0.0.0, Culture=neutral, PublicKeyToken=null]]'.
2026-08-15 07:47:00.580 -03:00 [INF] Executing OkObjectResult, writing value of type 'System.Linq.Enumerable+SelectListIterator`2[[GestaoArmazem.Domain.Entities.Localizacao, GestaoArmazem.Domain, Version=1.0.0.0, Culture=neutral, PublicKeyToken=null],[GestaoArmazem.Application.DTOs.LocalizacaoDto, GestaoArmazem.Application, Version=1.0.0.0, Culture=neutral, PublicKeyToken=null]]'.
2026-08-15 07:47:00.531 -03:00 [INF] Route matched with {action = "Listar", controller = "Armazens"}. Executing controller action with signature System.Threading.Tasks.Task`1[Microsoft.AspNetCore.Mvc.ActionResult`1[System.Collections.Generic.IEnumerable`1[GestaoArmazem.Application.DTOs.ArmazemDto]]] Listar() on controller GestaoArmazem.API.Controllers.ArmazensController (GestaoArmazem.API).
2026-08-15 07:47:00.609 -03:00 [INF] Executed action GestaoArmazem.API.Controllers.ProdutosController.Listar (GestaoArmazem.API) in 24.1633ms
2026-08-15 07:47:00.615 -03:00 [INF] Executed action GestaoArmazem.API.Controllers.LocalizacoesController.Listar (GestaoArmazem.API) in 42.2809ms
2026-08-15 07:47:00.637 -03:00 [INF] Executing OkObjectResult, writing value of type 'System.Linq.Enumerable+SelectListIterator`2[[GestaoArmazem.Domain.Entities.Armazem, GestaoArmazem.Domain, Version=1.0.0.0, Culture=neutral, PublicKeyToken=null],[GestaoArmazem.Application.DTOs.ArmazemDto, GestaoArmazem.Application, Version=1.0.0.0, Culture=neutral, PublicKeyToken=null]]'.
2026-08-15 07:47:00.641 -03:00 [INF] Executed endpoint 'GestaoArmazem.API.Controllers.ProdutosController.Listar (GestaoArmazem.API)'
2026-08-15 07:47:00.646 -03:00 [INF] Executed endpoint 'GestaoArmazem.API.Controllers.LocalizacoesController.Listar (GestaoArmazem.API)'
2026-08-15 07:47:00.652 -03:00 [INF] Executed action GestaoArmazem.API.Controllers.ArmazensController.Listar (GestaoArmazem.API) in 22.6641ms
2026-08-15 07:47:00.656 -03:00 [INF] HTTP GET /api/produtos responded 200 in 200.7002 ms
2026-08-15 07:47:00.660 -03:00 [INF] HTTP GET /api/localizacoes responded 200 in 214.2414 ms
2026-08-15 07:47:00.666 -03:00 [INF] Executed endpoint 'GestaoArmazem.API.Controllers.ArmazensController.Listar (GestaoArmazem.API)'
2026-08-15 07:47:00.675 -03:00 [INF] Request finished HTTP/2 GET https://localhost:7100/api/produtos?pagina=1&tamanhoPagina=20 - 200 null application/json; charset=utf-8 273.5427ms
2026-08-15 07:47:00.691 -03:00 [INF] HTTP GET /api/armazens responded 200 in 221.1556 ms
2026-08-15 07:47:00.683 -03:00 [INF] Request finished HTTP/2 GET https://localhost:7100/api/localizacoes - 200 null application/json; charset=utf-8 289.1818ms
2026-08-15 07:47:00.711 -03:00 [INF] Request starting HTTP/2 OPTIONS https://localhost:7100/api/estoque?produtoId=55c768f5-60e0-47e5-af88-acada09b197a - null null
2026-08-15 07:47:00.728 -03:00 [INF] Request finished HTTP/2 GET https://localhost:7100/api/armazens - 200 null application/json; charset=utf-8 312.2198ms
2026-08-15 07:47:00.755 -03:00 [INF] CORS policy execution successful.
2026-08-15 07:47:00.780 -03:00 [INF] HTTP OPTIONS /api/estoque responded 204 in 25.0598 ms
2026-08-15 07:47:00.789 -03:00 [INF] Request finished HTTP/2 OPTIONS https://localhost:7100/api/estoque?produtoId=55c768f5-60e0-47e5-af88-acada09b197a - 204 null null 88.8621ms
2026-08-15 07:47:00.794 -03:00 [INF] Request starting HTTP/2 GET https://localhost:7100/api/estoque?produtoId=55c768f5-60e0-47e5-af88-acada09b197a - application/json null
2026-08-15 07:47:00.817 -03:00 [INF] CORS policy execution successful.
2026-08-15 07:47:00.823 -03:00 [INF] Executing endpoint 'GestaoArmazem.API.Controllers.EstoqueController.ConsultarPorProduto (GestaoArmazem.API)'
2026-08-15 07:47:00.828 -03:00 [INF] Route matched with {action = "ConsultarPorProduto", controller = "Estoque"}. Executing controller action with signature System.Threading.Tasks.Task`1[Microsoft.AspNetCore.Mvc.ActionResult`1[System.Collections.Generic.IEnumerable`1[GestaoArmazem.Application.DTOs.EstoqueDto]]] ConsultarPorProduto(System.Guid) on controller GestaoArmazem.API.Controllers.EstoqueController (GestaoArmazem.API).
2026-08-15 07:47:00.844 -03:00 [INF] Executing OkObjectResult, writing value of type 'System.Linq.Enumerable+SelectListIterator`2[[GestaoArmazem.Domain.Entities.Estoque, GestaoArmazem.Domain, Version=1.0.0.0, Culture=neutral, PublicKeyToken=null],[GestaoArmazem.Application.DTOs.EstoqueDto, GestaoArmazem.Application, Version=1.0.0.0, Culture=neutral, PublicKeyToken=null]]'.
2026-08-15 07:47:00.850 -03:00 [INF] Executed action GestaoArmazem.API.Controllers.EstoqueController.ConsultarPorProduto (GestaoArmazem.API) in 13.8948ms
2026-08-15 07:47:00.862 -03:00 [INF] Executed endpoint 'GestaoArmazem.API.Controllers.EstoqueController.ConsultarPorProduto (GestaoArmazem.API)'
2026-08-15 07:47:00.874 -03:00 [INF] HTTP GET /api/estoque responded 200 in 56.2241 ms
2026-08-15 07:47:00.883 -03:00 [INF] Request finished HTTP/2 GET https://localhost:7100/api/estoque?produtoId=55c768f5-60e0-47e5-af88-acada09b197a - 200 null application/json; charset=utf-8 88.8343ms
2026-08-15 07:47:04.619 -03:00 [INF] Request starting HTTP/2 OPTIONS https://localhost:7100/api/estoque?produtoId=dfa21826-d39c-4a31-9b22-1e583164e475 - null null
2026-08-15 07:47:04.634 -03:00 [INF] CORS policy execution successful.
2026-08-15 07:47:04.638 -03:00 [INF] HTTP OPTIONS /api/estoque responded 204 in 4.4937 ms
2026-08-15 07:47:04.647 -03:00 [INF] Request finished HTTP/2 OPTIONS https://localhost:7100/api/estoque?produtoId=dfa21826-d39c-4a31-9b22-1e583164e475 - 204 null null 29.3853ms
2026-08-15 07:47:04.654 -03:00 [INF] Request starting HTTP/2 GET https://localhost:7100/api/estoque?produtoId=dfa21826-d39c-4a31-9b22-1e583164e475 - application/json null
2026-08-15 07:47:04.678 -03:00 [INF] CORS policy execution successful.
2026-08-15 07:47:04.682 -03:00 [INF] Executing endpoint 'GestaoArmazem.API.Controllers.EstoqueController.ConsultarPorProduto (GestaoArmazem.API)'
2026-08-15 07:47:04.687 -03:00 [INF] Route matched with {action = "ConsultarPorProduto", controller = "Estoque"}. Executing controller action with signature System.Threading.Tasks.Task`1[Microsoft.AspNetCore.Mvc.ActionResult`1[System.Collections.Generic.IEnumerable`1[GestaoArmazem.Application.DTOs.EstoqueDto]]] ConsultarPorProduto(System.Guid) on controller GestaoArmazem.API.Controllers.EstoqueController (GestaoArmazem.API).
2026-08-15 07:47:04.704 -03:00 [INF] Executing OkObjectResult, writing value of type 'System.Linq.Enumerable+SelectListIterator`2[[GestaoArmazem.Domain.Entities.Estoque, GestaoArmazem.Domain, Version=1.0.0.0, Culture=neutral, PublicKeyToken=null],[GestaoArmazem.Application.DTOs.EstoqueDto, GestaoArmazem.Application, Version=1.0.0.0, Culture=neutral, PublicKeyToken=null]]'.
2026-08-15 07:47:04.710 -03:00 [INF] Executed action GestaoArmazem.API.Controllers.EstoqueController.ConsultarPorProduto (GestaoArmazem.API) in 14.4973ms
2026-08-15 07:47:04.716 -03:00 [INF] Executed endpoint 'GestaoArmazem.API.Controllers.EstoqueController.ConsultarPorProduto (GestaoArmazem.API)'
2026-08-15 07:47:04.721 -03:00 [INF] HTTP GET /api/estoque responded 200 in 43.5798 ms
2026-08-15 07:47:04.730 -03:00 [INF] Request finished HTTP/2 GET https://localhost:7100/api/estoque?produtoId=dfa21826-d39c-4a31-9b22-1e583164e475 - 200 null application/json; charset=utf-8 77.4478ms
2026-08-15 07:47:08.634 -03:00 [INF] Request starting HTTP/2 OPTIONS https://localhost:7100/api/clientes - null null
2026-08-15 07:47:08.644 -03:00 [INF] Request starting HTTP/2 OPTIONS https://localhost:7100/api/clientes - null null
2026-08-15 07:47:08.662 -03:00 [INF] CORS policy execution successful.
2026-08-15 07:47:08.676 -03:00 [INF] CORS policy execution successful.
2026-08-15 07:47:08.679 -03:00 [INF] HTTP OPTIONS /api/clientes responded 204 in 17.0406 ms
2026-08-15 07:47:08.683 -03:00 [INF] HTTP OPTIONS /api/clientes responded 204 in 6.5084 ms
2026-08-15 07:47:08.693 -03:00 [INF] Request finished HTTP/2 OPTIONS https://localhost:7100/api/clientes - 204 null null 59.039ms
2026-08-15 07:47:08.698 -03:00 [INF] Request starting HTTP/2 GET https://localhost:7100/api/clientes - application/json null
2026-08-15 07:47:08.701 -03:00 [INF] Request finished HTTP/2 OPTIONS https://localhost:7100/api/clientes - 204 null null 58.2883ms
2026-08-15 07:47:08.735 -03:00 [INF] CORS policy execution successful.
2026-08-15 07:47:08.760 -03:00 [INF] Executing endpoint 'GestaoArmazem.API.Controllers.ClientesController.Listar (GestaoArmazem.API)'
2026-08-15 07:47:08.767 -03:00 [INF] Route matched with {action = "Listar", controller = "Clientes"}. Executing controller action with signature System.Threading.Tasks.Task`1[Microsoft.AspNetCore.Mvc.ActionResult`1[System.Collections.Generic.IEnumerable`1[GestaoArmazem.Application.DTOs.ClienteDto]]] Listar() on controller GestaoArmazem.API.Controllers.ClientesController (GestaoArmazem.API).
2026-08-15 07:47:08.791 -03:00 [INF] Executing OkObjectResult, writing value of type 'System.Linq.Enumerable+SelectListIterator`2[[GestaoArmazem.Domain.Entities.Cliente, GestaoArmazem.Domain, Version=1.0.0.0, Culture=neutral, PublicKeyToken=null],[GestaoArmazem.Application.DTOs.ClienteDto, GestaoArmazem.Application, Version=1.0.0.0, Culture=neutral, PublicKeyToken=null]]'.
2026-08-15 07:47:08.800 -03:00 [INF] Executed action GestaoArmazem.API.Controllers.ClientesController.Listar (GestaoArmazem.API) in 22.5458ms
2026-08-15 07:47:08.805 -03:00 [INF] Request starting HTTP/2 GET https://localhost:7100/api/clientes - application/json null
2026-08-15 07:47:08.809 -03:00 [INF] Executed endpoint 'GestaoArmazem.API.Controllers.ClientesController.Listar (GestaoArmazem.API)'
2026-08-15 07:47:08.819 -03:00 [INF] CORS policy execution successful.
2026-08-15 07:47:08.824 -03:00 [INF] HTTP GET /api/clientes responded 200 in 88.7995 ms
2026-08-15 07:47:08.827 -03:00 [INF] Executing endpoint 'GestaoArmazem.API.Controllers.ClientesController.Listar (GestaoArmazem.API)'
2026-08-15 07:47:08.834 -03:00 [INF] Request finished HTTP/2 GET https://localhost:7100/api/clientes - 200 null application/json; charset=utf-8 137.4113ms
2026-08-15 07:47:08.847 -03:00 [INF] Route matched with {action = "Listar", controller = "Clientes"}. Executing controller action with signature System.Threading.Tasks.Task`1[Microsoft.AspNetCore.Mvc.ActionResult`1[System.Collections.Generic.IEnumerable`1[GestaoArmazem.Application.DTOs.ClienteDto]]] Listar() on controller GestaoArmazem.API.Controllers.ClientesController (GestaoArmazem.API).
2026-08-15 07:47:08.872 -03:00 [INF] Executing OkObjectResult, writing value of type 'System.Linq.Enumerable+SelectListIterator`2[[GestaoArmazem.Domain.Entities.Cliente, GestaoArmazem.Domain, Version=1.0.0.0, Culture=neutral, PublicKeyToken=null],[GestaoArmazem.Application.DTOs.ClienteDto, GestaoArmazem.Application, Version=1.0.0.0, Culture=neutral, PublicKeyToken=null]]'.
2026-08-15 07:47:08.880 -03:00 [INF] Executed action GestaoArmazem.API.Controllers.ClientesController.Listar (GestaoArmazem.API) in 12.1689ms
2026-08-15 07:47:08.887 -03:00 [INF] Executed endpoint 'GestaoArmazem.API.Controllers.ClientesController.Listar (GestaoArmazem.API)'
2026-08-15 07:47:08.891 -03:00 [INF] HTTP GET /api/clientes responded 200 in 72.3285 ms
2026-08-15 07:47:08.899 -03:00 [INF] Request finished HTTP/2 GET https://localhost:7100/api/clientes - 200 null application/json; charset=utf-8 96.8458ms
2026-08-15 07:47:10.992 -03:00 [INF] Request starting HTTP/2 OPTIONS https://localhost:7100/api/pedidos-expedicao?pagina=1&tamanhoPagina=21 - null null
2026-08-15 07:47:10.996 -03:00 [INF] Request starting HTTP/2 OPTIONS https://localhost:7100/api/pedidos-expedicao?pagina=1&tamanhoPagina=21 - null null
2026-08-15 07:47:10.998 -03:00 [INF] Request starting HTTP/2 GET https://localhost:7100/api/clientes - application/json null
2026-08-15 07:47:11.020 -03:00 [INF] CORS policy execution successful.
2026-08-15 07:47:11.031 -03:00 [INF] CORS policy execution successful.
2026-08-15 07:47:11.043 -03:00 [INF] CORS policy execution successful.
2026-08-15 07:47:11.046 -03:00 [INF] HTTP OPTIONS /api/pedidos-expedicao responded 204 in 26.1379 ms
2026-08-15 07:47:11.049 -03:00 [INF] HTTP OPTIONS /api/pedidos-expedicao responded 204 in 17.9029 ms
2026-08-15 07:47:11.068 -03:00 [INF] Request starting HTTP/2 GET https://localhost:7100/api/pedidos-expedicao?pagina=1&tamanhoPagina=21 - application/json null
2026-08-15 07:47:11.056 -03:00 [INF] Executing endpoint 'GestaoArmazem.API.Controllers.ClientesController.Listar (GestaoArmazem.API)'
2026-08-15 07:47:11.098 -03:00 [INF] Route matched with {action = "Listar", controller = "Clientes"}. Executing controller action with signature System.Threading.Tasks.Task`1[Microsoft.AspNetCore.Mvc.ActionResult`1[System.Collections.Generic.IEnumerable`1[GestaoArmazem.Application.DTOs.ClienteDto]]] Listar() on controller GestaoArmazem.API.Controllers.ClientesController (GestaoArmazem.API).
2026-08-15 07:47:11.072 -03:00 [INF] Request finished HTTP/2 OPTIONS https://localhost:7100/api/pedidos-expedicao?pagina=1&tamanhoPagina=21 - 204 null null 76.7377ms
2026-08-15 07:47:11.089 -03:00 [INF] CORS policy execution successful.
2026-08-15 07:47:11.062 -03:00 [INF] Request finished HTTP/2 OPTIONS https://localhost:7100/api/pedidos-expedicao?pagina=1&tamanhoPagina=21 - 204 null null 74.6311ms
2026-08-15 07:47:11.129 -03:00 [INF] Executing OkObjectResult, writing value of type 'System.Linq.Enumerable+SelectListIterator`2[[GestaoArmazem.Domain.Entities.Cliente, GestaoArmazem.Domain, Version=1.0.0.0, Culture=neutral, PublicKeyToken=null],[GestaoArmazem.Application.DTOs.ClienteDto, GestaoArmazem.Application, Version=1.0.0.0, Culture=neutral, PublicKeyToken=null]]'.
2026-08-15 07:47:11.174 -03:00 [INF] Executing endpoint 'GestaoArmazem.API.Controllers.PedidosExpedicaoController.Listar (GestaoArmazem.API)'
2026-08-15 07:47:11.196 -03:00 [INF] Executed action GestaoArmazem.API.Controllers.ClientesController.Listar (GestaoArmazem.API) in 80.4915ms
2026-08-15 07:47:11.200 -03:00 [INF] Request starting HTTP/2 GET https://localhost:7100/api/clientes - application/json null
2026-08-15 07:47:11.208 -03:00 [INF] Route matched with {action = "Listar", controller = "PedidosExpedicao"}. Executing controller action with signature System.Threading.Tasks.Task`1[Microsoft.AspNetCore.Mvc.ActionResult`1[System.Collections.Generic.IEnumerable`1[GestaoArmazem.Application.DTOs.PedidoExpedicaoDto]]] Listar(Int32, Int32) on controller GestaoArmazem.API.Controllers.PedidosExpedicaoController (GestaoArmazem.API).
2026-08-15 07:47:11.216 -03:00 [INF] Executed endpoint 'GestaoArmazem.API.Controllers.ClientesController.Listar (GestaoArmazem.API)'
2026-08-15 07:47:11.232 -03:00 [INF] CORS policy execution successful.
2026-08-15 07:47:11.250 -03:00 [INF] HTTP GET /api/clientes responded 200 in 207.1899 ms
2026-08-15 07:47:11.254 -03:00 [INF] Executing endpoint 'GestaoArmazem.API.Controllers.ClientesController.Listar (GestaoArmazem.API)'
2026-08-15 07:47:11.256 -03:00 [INF] Executing OkObjectResult, writing value of type 'System.Collections.Generic.List`1[[GestaoArmazem.Application.DTOs.PedidoExpedicaoDto, GestaoArmazem.Application, Version=1.0.0.0, Culture=neutral, PublicKeyToken=null]]'.
2026-08-15 07:47:11.261 -03:00 [INF] Request finished HTTP/2 GET https://localhost:7100/api/clientes - 200 null application/json; charset=utf-8 268.1683ms
2026-08-15 07:47:11.268 -03:00 [INF] Route matched with {action = "Listar", controller = "Clientes"}. Executing controller action with signature System.Threading.Tasks.Task`1[Microsoft.AspNetCore.Mvc.ActionResult`1[System.Collections.Generic.IEnumerable`1[GestaoArmazem.Application.DTOs.ClienteDto]]] Listar() on controller GestaoArmazem.API.Controllers.ClientesController (GestaoArmazem.API).
2026-08-15 07:47:11.275 -03:00 [INF] Executed action GestaoArmazem.API.Controllers.PedidosExpedicaoController.Listar (GestaoArmazem.API) in 34.4332ms
2026-08-15 07:47:11.279 -03:00 [INF] Request starting HTTP/2 GET https://localhost:7100/api/pedidos-expedicao?pagina=1&tamanhoPagina=21 - application/json null
2026-08-15 07:47:11.300 -03:00 [INF] Executing OkObjectResult, writing value of type 'System.Linq.Enumerable+SelectListIterator`2[[GestaoArmazem.Domain.Entities.Cliente, GestaoArmazem.Domain, Version=1.0.0.0, Culture=neutral, PublicKeyToken=null],[GestaoArmazem.Application.DTOs.ClienteDto, GestaoArmazem.Application, Version=1.0.0.0, Culture=neutral, PublicKeyToken=null]]'.
2026-08-15 07:47:11.306 -03:00 [INF] Executed endpoint 'GestaoArmazem.API.Controllers.PedidosExpedicaoController.Listar (GestaoArmazem.API)'
2026-08-15 07:47:11.316 -03:00 [INF] CORS policy execution successful.
2026-08-15 07:47:11.321 -03:00 [INF] Executed action GestaoArmazem.API.Controllers.ClientesController.Listar (GestaoArmazem.API) in 24.8032ms
2026-08-15 07:47:11.326 -03:00 [INF] HTTP GET /api/pedidos-expedicao responded 200 in 236.4877 ms
2026-08-15 07:47:11.329 -03:00 [INF] Executing endpoint 'GestaoArmazem.API.Controllers.PedidosExpedicaoController.Listar (GestaoArmazem.API)'
2026-08-15 07:47:11.334 -03:00 [INF] Executed endpoint 'GestaoArmazem.API.Controllers.ClientesController.Listar (GestaoArmazem.API)'
2026-08-15 07:47:11.342 -03:00 [INF] Request finished HTTP/2 GET https://localhost:7100/api/pedidos-expedicao?pagina=1&tamanhoPagina=21 - 200 null application/json; charset=utf-8 275.0872ms
2026-08-15 07:47:11.348 -03:00 [INF] Route matched with {action = "Listar", controller = "PedidosExpedicao"}. Executing controller action with signature System.Threading.Tasks.Task`1[Microsoft.AspNetCore.Mvc.ActionResult`1[System.Collections.Generic.IEnumerable`1[GestaoArmazem.Application.DTOs.PedidoExpedicaoDto]]] Listar(Int32, Int32) on controller GestaoArmazem.API.Controllers.PedidosExpedicaoController (GestaoArmazem.API).
2026-08-15 07:47:11.352 -03:00 [INF] HTTP GET /api/clientes responded 200 in 119.2909 ms
2026-08-15 07:47:11.387 -03:00 [INF] Executing OkObjectResult, writing value of type 'System.Collections.Generic.List`1[[GestaoArmazem.Application.DTOs.PedidoExpedicaoDto, GestaoArmazem.Application, Version=1.0.0.0, Culture=neutral, PublicKeyToken=null]]'.
2026-08-15 07:47:11.390 -03:00 [INF] Request finished HTTP/2 GET https://localhost:7100/api/clientes - 200 null application/json; charset=utf-8 189.6963ms
2026-08-15 07:47:11.397 -03:00 [INF] Executed action GestaoArmazem.API.Controllers.PedidosExpedicaoController.Listar (GestaoArmazem.API) in 21.6366ms
2026-08-15 07:47:11.413 -03:00 [INF] Executed endpoint 'GestaoArmazem.API.Controllers.PedidosExpedicaoController.Listar (GestaoArmazem.API)'
2026-08-15 07:47:11.417 -03:00 [INF] HTTP GET /api/pedidos-expedicao responded 200 in 100.8670 ms
2026-08-15 07:47:11.424 -03:00 [INF] Request finished HTTP/2 GET https://localhost:7100/api/pedidos-expedicao?pagina=1&tamanhoPagina=21 - 200 null application/json; charset=utf-8 146.6738ms
2026-08-15 07:47:16.933 -03:00 [INF] Request starting HTTP/2 OPTIONS https://localhost:7100/api/pedidos-expedicao/8cb9e3b2-9f52-42c7-819f-59764437606b - null null
2026-08-15 07:47:16.951 -03:00 [INF] Request starting HTTP/2 OPTIONS https://localhost:7100/api/clientes - null null
2026-08-15 07:47:16.947 -03:00 [INF] Request starting HTTP/2 OPTIONS https://localhost:7100/api/clientes - null null
2026-08-15 07:47:16.949 -03:00 [INF] Request starting HTTP/2 OPTIONS https://localhost:7100/api/pedidos-expedicao/8cb9e3b2-9f52-42c7-819f-59764437606b - null null
2026-08-15 07:47:16.951 -03:00 [INF] Request starting HTTP/2 OPTIONS https://localhost:7100/api/produtos?pagina=1&tamanhoPagina=20 - null null
2026-08-15 07:47:16.948 -03:00 [INF] Request starting HTTP/2 OPTIONS https://localhost:7100/api/produtos?pagina=1&tamanhoPagina=20 - null null
2026-08-15 07:47:16.948 -03:00 [INF] Request starting HTTP/2 OPTIONS https://localhost:7100/api/localizacoes - null null
2026-08-15 07:47:16.949 -03:00 [INF] Request starting HTTP/2 OPTIONS https://localhost:7100/api/armazens - null null
2026-08-15 07:47:16.952 -03:00 [INF] Request starting HTTP/2 OPTIONS https://localhost:7100/api/localizacoes - null null
2026-08-15 07:47:16.952 -03:00 [INF] Request starting HTTP/2 OPTIONS https://localhost:7100/api/armazens - null null
2026-08-15 07:47:16.954 -03:00 [INF] CORS policy execution successful.
2026-08-15 07:47:16.964 -03:00 [INF] CORS policy execution successful.
2026-08-15 07:47:17.061 -03:00 [INF] CORS policy execution successful.
2026-08-15 07:47:16.980 -03:00 [INF] CORS policy execution successful.
2026-08-15 07:47:16.990 -03:00 [INF] CORS policy execution successful.
2026-08-15 07:47:17.002 -03:00 [INF] CORS policy execution successful.
2026-08-15 07:47:17.013 -03:00 [INF] CORS policy execution successful.
2026-08-15 07:47:17.024 -03:00 [INF] CORS policy execution successful.
2026-08-15 07:47:17.047 -03:00 [INF] CORS policy execution successful.
2026-08-15 07:47:17.065 -03:00 [INF] HTTP OPTIONS /api/pedidos-expedicao/8cb9e3b2-9f52-42c7-819f-59764437606b responded 204 in 110.7302 ms
2026-08-15 07:47:17.036 -03:00 [INF] CORS policy execution successful.
2026-08-15 07:47:17.071 -03:00 [INF] HTTP OPTIONS /api/clientes responded 204 in 107.2577 ms
2026-08-15 07:47:17.074 -03:00 [INF] HTTP OPTIONS /api/armazens responded 204 in 12.9700 ms
2026-08-15 07:47:17.111 -03:00 [INF] Request starting HTTP/2 GET https://localhost:7100/api/pedidos-expedicao/8cb9e3b2-9f52-42c7-819f-59764437606b - application/json null
2026-08-15 07:47:17.123 -03:00 [INF] Request starting HTTP/2 GET https://localhost:7100/api/clientes - application/json null
2026-08-15 07:47:17.118 -03:00 [INF] Request finished HTTP/2 OPTIONS https://localhost:7100/api/clientes - 204 null null 168.1411ms
2026-08-15 07:47:17.127 -03:00 [INF] Request finished HTTP/2 OPTIONS https://localhost:7100/api/armazens - 204 null null 175.0216ms
2026-08-15 07:47:17.078 -03:00 [INF] HTTP OPTIONS /api/clientes responded 204 in 98.1464 ms
2026-08-15 07:47:17.081 -03:00 [INF] HTTP OPTIONS /api/pedidos-expedicao/8cb9e3b2-9f52-42c7-819f-59764437606b responded 204 in 91.2342 ms
2026-08-15 07:47:17.087 -03:00 [INF] HTTP OPTIONS /api/produtos responded 204 in 85.1824 ms
2026-08-15 07:47:17.091 -03:00 [INF] HTTP OPTIONS /api/produtos responded 204 in 77.5175 ms
2026-08-15 07:47:17.139 -03:00 [INF] CORS policy execution successful.
2026-08-15 07:47:17.150 -03:00 [INF] CORS policy execution successful.
2026-08-15 07:47:17.132 -03:00 [INF] Request starting HTTP/2 GET https://localhost:7100/api/armazens - application/json null
2026-08-15 07:47:17.186 -03:00 [INF] Request finished HTTP/2 OPTIONS https://localhost:7100/api/clientes - 204 null null 240.1617ms
2026-08-15 07:47:17.194 -03:00 [INF] Request finished HTTP/2 OPTIONS https://localhost:7100/api/pedidos-expedicao/8cb9e3b2-9f52-42c7-819f-59764437606b - 204 null null 245.7767ms
2026-08-15 07:47:17.205 -03:00 [INF] Request finished HTTP/2 OPTIONS https://localhost:7100/api/produtos?pagina=1&tamanhoPagina=20 - 204 null null 255.6535ms
2026-08-15 07:47:17.094 -03:00 [INF] HTTP OPTIONS /api/localizacoes responded 204 in 69.6810 ms
2026-08-15 07:47:17.097 -03:00 [INF] HTTP OPTIONS /api/localizacoes responded 204 in 50.4668 ms
2026-08-15 07:47:17.216 -03:00 [INF] Executing endpoint 'GestaoArmazem.API.Controllers.PedidosExpedicaoController.ObterPorId (GestaoArmazem.API)'
2026-08-15 07:47:17.219 -03:00 [INF] Executing endpoint 'GestaoArmazem.API.Controllers.ClientesController.Listar (GestaoArmazem.API)'
2026-08-15 07:47:17.229 -03:00 [INF] CORS policy execution successful.
2026-08-15 07:47:17.210 -03:00 [INF] Request starting HTTP/2 GET https://localhost:7100/api/produtos?pagina=1&tamanhoPagina=20 - application/json null
2026-08-15 07:47:17.213 -03:00 [INF] Request finished HTTP/2 OPTIONS https://localhost:7100/api/produtos?pagina=1&tamanhoPagina=20 - 204 null null 265.7414ms
2026-08-15 07:47:17.288 -03:00 [INF] Request finished HTTP/2 OPTIONS https://localhost:7100/api/localizacoes - 204 null null 341.1104ms
2026-08-15 07:47:17.105 -03:00 [INF] Request finished HTTP/2 OPTIONS https://localhost:7100/api/pedidos-expedicao/8cb9e3b2-9f52-42c7-819f-59764437606b - 204 null null 172.7529ms
2026-08-15 07:47:17.109 -03:00 [INF] HTTP OPTIONS /api/armazens responded 204 in 72.8139 ms
2026-08-15 07:47:17.293 -03:00 [INF] Request starting HTTP/2 GET https://localhost:7100/api/localizacoes - application/json null
2026-08-15 07:47:17.296 -03:00 [INF] Request finished HTTP/2 OPTIONS https://localhost:7100/api/localizacoes - 204 null null 344.5732ms
2026-08-15 07:47:17.300 -03:00 [INF] Route matched with {action = "ObterPorId", controller = "PedidosExpedicao"}. Executing controller action with signature System.Threading.Tasks.Task`1[Microsoft.AspNetCore.Mvc.ActionResult`1[GestaoArmazem.Application.DTOs.PedidoExpedicaoDto]] ObterPorId(System.Guid) on controller GestaoArmazem.API.Controllers.PedidosExpedicaoController (GestaoArmazem.API).
2026-08-15 07:47:17.306 -03:00 [INF] Route matched with {action = "Listar", controller = "Clientes"}. Executing controller action with signature System.Threading.Tasks.Task`1[Microsoft.AspNetCore.Mvc.ActionResult`1[System.Collections.Generic.IEnumerable`1[GestaoArmazem.Application.DTOs.ClienteDto]]] Listar() on controller GestaoArmazem.API.Controllers.ClientesController (GestaoArmazem.API).
2026-08-15 07:47:17.309 -03:00 [INF] Executing endpoint 'GestaoArmazem.API.Controllers.ArmazensController.Listar (GestaoArmazem.API)'
2026-08-15 07:47:17.417 -03:00 [INF] Executing OkObjectResult, writing value of type 'GestaoArmazem.Application.DTOs.PedidoExpedicaoDto'.
2026-08-15 07:47:17.320 -03:00 [INF] CORS policy execution successful.
2026-08-15 07:47:17.431 -03:00 [INF] Executed action GestaoArmazem.API.Controllers.PedidosExpedicaoController.ObterPorId (GestaoArmazem.API) in 30.4254ms
2026-08-15 07:47:17.435 -03:00 [INF] Request starting HTTP/2 GET https://localhost:7100/api/pedidos-expedicao/8cb9e3b2-9f52-42c7-819f-59764437606b - application/json null
2026-08-15 07:47:17.425 -03:00 [INF] Route matched with {action = "Listar", controller = "Armazens"}. Executing controller action with signature System.Threading.Tasks.Task`1[Microsoft.AspNetCore.Mvc.ActionResult`1[System.Collections.Generic.IEnumerable`1[GestaoArmazem.Application.DTOs.ArmazemDto]]] Listar() on controller GestaoArmazem.API.Controllers.ArmazensController (GestaoArmazem.API).
2026-08-15 07:47:17.380 -03:00 [INF] CORS policy execution successful.
2026-08-15 07:47:17.442 -03:00 [INF] Executed endpoint 'GestaoArmazem.API.Controllers.PedidosExpedicaoController.ObterPorId (GestaoArmazem.API)'
2026-08-15 07:47:17.453 -03:00 [INF] CORS policy execution successful.
2026-08-15 07:47:17.437 -03:00 [INF] Executing endpoint 'GestaoArmazem.API.Controllers.ProdutosController.Listar (GestaoArmazem.API)'
2026-08-15 07:47:17.424 -03:00 [INF] Executing OkObjectResult, writing value of type 'System.Linq.Enumerable+SelectListIterator`2[[GestaoArmazem.Domain.Entities.Cliente, GestaoArmazem.Domain, Version=1.0.0.0, Culture=neutral, PublicKeyToken=null],[GestaoArmazem.Application.DTOs.ClienteDto, GestaoArmazem.Application, Version=1.0.0.0, Culture=neutral, PublicKeyToken=null]]'.
2026-08-15 07:47:17.371 -03:00 [INF] Request finished HTTP/2 OPTIONS https://localhost:7100/api/armazens - 204 null null 422.5748ms
2026-08-15 07:47:17.471 -03:00 [INF] HTTP GET /api/pedidos-expedicao/8cb9e3b2-9f52-42c7-819f-59764437606b responded 200 in 331.8012 ms
2026-08-15 07:47:17.474 -03:00 [INF] Executing endpoint 'GestaoArmazem.API.Controllers.PedidosExpedicaoController.ObterPorId (GestaoArmazem.API)'
2026-08-15 07:47:17.478 -03:00 [INF] Route matched with {action = "Listar", controller = "Produtos"}. Executing controller action with signature System.Threading.Tasks.Task`1[Microsoft.AspNetCore.Mvc.ActionResult`1[System.Collections.Generic.IEnumerable`1[GestaoArmazem.Application.DTOs.ProdutoDto]]] Listar(Int32, Int32) on controller GestaoArmazem.API.Controllers.ProdutosController (GestaoArmazem.API).
2026-08-15 07:47:17.467 -03:00 [INF] Executing endpoint 'GestaoArmazem.API.Controllers.LocalizacoesController.Listar (GestaoArmazem.API)'
2026-08-15 07:47:17.507 -03:00 [INF] Request finished HTTP/2 GET https://localhost:7100/api/pedidos-expedicao/8cb9e3b2-9f52-42c7-819f-59764437606b - 200 null application/json; charset=utf-8 396.6294ms
2026-08-15 07:47:17.511 -03:00 [INF] Route matched with {action = "ObterPorId", controller = "PedidosExpedicao"}. Executing controller action with signature System.Threading.Tasks.Task`1[Microsoft.AspNetCore.Mvc.ActionResult`1[GestaoArmazem.Application.DTOs.PedidoExpedicaoDto]] ObterPorId(System.Guid) on controller GestaoArmazem.API.Controllers.PedidosExpedicaoController (GestaoArmazem.API).
2026-08-15 07:47:17.488 -03:00 [INF] Request starting HTTP/2 GET https://localhost:7100/api/clientes - application/json null
2026-08-15 07:47:17.526 -03:00 [INF] Route matched with {action = "Listar", controller = "Localizacoes"}. Executing controller action with signature System.Threading.Tasks.Task`1[Microsoft.AspNetCore.Mvc.ActionResult`1[System.Collections.Generic.IEnumerable`1[GestaoArmazem.Application.DTOs.LocalizacaoDto]]] Listar() on controller GestaoArmazem.API.Controllers.LocalizacoesController (GestaoArmazem.API).
2026-08-15 07:47:17.467 -03:00 [INF] Executing OkObjectResult, writing value of type 'System.Linq.Enumerable+SelectListIterator`2[[GestaoArmazem.Domain.Entities.Armazem, GestaoArmazem.Domain, Version=1.0.0.0, Culture=neutral, PublicKeyToken=null],[GestaoArmazem.Application.DTOs.ArmazemDto, GestaoArmazem.Application, Version=1.0.0.0, Culture=neutral, PublicKeyToken=null]]'.
2026-08-15 07:47:17.560 -03:00 [INF] Executing OkObjectResult, writing value of type 'GestaoArmazem.Application.DTOs.PedidoExpedicaoDto'.
2026-08-15 07:47:17.580 -03:00 [INF] Executing OkObjectResult, writing value of type 'System.Linq.Enumerable+SelectListIterator`2[[GestaoArmazem.Domain.Entities.Localizacao, GestaoArmazem.Domain, Version=1.0.0.0, Culture=neutral, PublicKeyToken=null],[GestaoArmazem.Application.DTOs.LocalizacaoDto, GestaoArmazem.Application, Version=1.0.0.0, Culture=neutral, PublicKeyToken=null]]'.
2026-08-15 07:47:17.564 -03:00 [INF] CORS policy execution successful.
2026-08-15 07:47:17.593 -03:00 [INF] Executed action GestaoArmazem.API.Controllers.LocalizacoesController.Listar (GestaoArmazem.API) in 21.8445ms
2026-08-15 07:47:17.588 -03:00 [INF] Executed action GestaoArmazem.API.Controllers.PedidosExpedicaoController.ObterPorId (GestaoArmazem.API) in 42.136ms
2026-08-15 07:47:17.586 -03:00 [INF] Request starting HTTP/2 GET https://localhost:7100/api/armazens - application/json null
2026-08-15 07:47:17.597 -03:00 [INF] Request starting HTTP/2 GET https://localhost:7100/api/localizacoes - application/json null
2026-08-15 07:47:17.582 -03:00 [INF] Executed action GestaoArmazem.API.Controllers.ArmazensController.Listar (GestaoArmazem.API) in 121.5644ms
2026-08-15 07:47:17.484 -03:00 [INF] Executed action GestaoArmazem.API.Controllers.ClientesController.Listar (GestaoArmazem.API) in 68.4309ms
2026-08-15 07:47:17.526 -03:00 [INF] Executing OkObjectResult, writing value of type 'System.Linq.Enumerable+SelectListIterator`2[[GestaoArmazem.Domain.Entities.Produto, GestaoArmazem.Domain, Version=1.0.0.0, Culture=neutral, PublicKeyToken=null],[GestaoArmazem.Application.DTOs.ProdutoDto, GestaoArmazem.Application, Version=1.0.0.0, Culture=neutral, PublicKeyToken=null]]'.
2026-08-15 07:47:17.598 -03:00 [INF] Executing endpoint 'GestaoArmazem.API.Controllers.ClientesController.Listar (GestaoArmazem.API)'
2026-08-15 07:47:17.603 -03:00 [INF] Executed endpoint 'GestaoArmazem.API.Controllers.LocalizacoesController.Listar (GestaoArmazem.API)'
2026-08-15 07:47:17.608 -03:00 [INF] Executed endpoint 'GestaoArmazem.API.Controllers.PedidosExpedicaoController.ObterPorId (GestaoArmazem.API)'
2026-08-15 07:47:17.621 -03:00 [INF] CORS policy execution successful.
2026-08-15 07:47:17.633 -03:00 [INF] CORS policy execution successful.
2026-08-15 07:47:17.639 -03:00 [INF] Executed endpoint 'GestaoArmazem.API.Controllers.ArmazensController.Listar (GestaoArmazem.API)'
2026-08-15 07:47:17.646 -03:00 [INF] Executed endpoint 'GestaoArmazem.API.Controllers.ClientesController.Listar (GestaoArmazem.API)'
2026-08-15 07:47:17.653 -03:00 [INF] Executed action GestaoArmazem.API.Controllers.ProdutosController.Listar (GestaoArmazem.API) in 134.9603ms
2026-08-15 07:47:17.658 -03:00 [INF] Route matched with {action = "Listar", controller = "Clientes"}. Executing controller action with signature System.Threading.Tasks.Task`1[Microsoft.AspNetCore.Mvc.ActionResult`1[System.Collections.Generic.IEnumerable`1[GestaoArmazem.Application.DTOs.ClienteDto]]] Listar() on controller GestaoArmazem.API.Controllers.ClientesController (GestaoArmazem.API).
2026-08-15 07:47:17.663 -03:00 [INF] HTTP GET /api/localizacoes responded 200 in 282.8899 ms
2026-08-15 07:47:17.668 -03:00 [INF] HTTP GET /api/pedidos-expedicao/8cb9e3b2-9f52-42c7-819f-59764437606b responded 200 in 214.5263 ms
2026-08-15 07:47:17.672 -03:00 [INF] Executing endpoint 'GestaoArmazem.API.Controllers.ArmazensController.Listar (GestaoArmazem.API)'
2026-08-15 07:47:17.676 -03:00 [INF] Executing endpoint 'GestaoArmazem.API.Controllers.LocalizacoesController.Listar (GestaoArmazem.API)'
2026-08-15 07:47:17.681 -03:00 [INF] HTTP GET /api/armazens responded 200 in 451.8569 ms
2026-08-15 07:47:17.687 -03:00 [INF] HTTP GET /api/clientes responded 200 in 536.8391 ms
2026-08-15 07:47:17.694 -03:00 [INF] Executed endpoint 'GestaoArmazem.API.Controllers.ProdutosController.Listar (GestaoArmazem.API)'
2026-08-15 07:47:17.712 -03:00 [INF] Executing OkObjectResult, writing value of type 'System.Linq.Enumerable+SelectListIterator`2[[GestaoArmazem.Domain.Entities.Cliente, GestaoArmazem.Domain, Version=1.0.0.0, Culture=neutral, PublicKeyToken=null],[GestaoArmazem.Application.DTOs.ClienteDto, GestaoArmazem.Application, Version=1.0.0.0, Culture=neutral, PublicKeyToken=null]]'.
2026-08-15 07:47:17.715 -03:00 [INF] Request finished HTTP/2 GET https://localhost:7100/api/localizacoes - 200 null application/json; charset=utf-8 422.9965ms
2026-08-15 07:47:17.724 -03:00 [INF] Request finished HTTP/2 GET https://localhost:7100/api/pedidos-expedicao/8cb9e3b2-9f52-42c7-819f-59764437606b - 200 null application/json; charset=utf-8 289.1673ms
2026-08-15 07:47:17.729 -03:00 [INF] Route matched with {action = "Listar", controller = "Armazens"}. Executing controller action with signature System.Threading.Tasks.Task`1[Microsoft.AspNetCore.Mvc.ActionResult`1[System.Collections.Generic.IEnumerable`1[GestaoArmazem.Application.DTOs.ArmazemDto]]] Listar() on controller GestaoArmazem.API.Controllers.ArmazensController (GestaoArmazem.API).
2026-08-15 07:47:17.757 -03:00 [INF] Executed action GestaoArmazem.API.Controllers.ClientesController.Listar (GestaoArmazem.API) in 54.4771ms
2026-08-15 07:47:17.775 -03:00 [INF] Request starting HTTP/2 GET https://localhost:7100/api/produtos?pagina=1&tamanhoPagina=20 - application/json null
2026-08-15 07:47:17.734 -03:00 [INF] Route matched with {action = "Listar", controller = "Localizacoes"}. Executing controller action with signature System.Threading.Tasks.Task`1[Microsoft.AspNetCore.Mvc.ActionResult`1[System.Collections.Generic.IEnumerable`1[GestaoArmazem.Application.DTOs.LocalizacaoDto]]] Listar() on controller GestaoArmazem.API.Controllers.LocalizacoesController (GestaoArmazem.API).
2026-08-15 07:47:17.741 -03:00 [INF] Request finished HTTP/2 GET https://localhost:7100/api/armazens - 200 null application/json; charset=utf-8 610.2744ms
2026-08-15 07:47:17.842 -03:00 [INF] CORS policy execution successful.
2026-08-15 07:47:17.816 -03:00 [INF] Executing OkObjectResult, writing value of type 'System.Linq.Enumerable+SelectListIterator`2[[GestaoArmazem.Domain.Entities.Armazem, GestaoArmazem.Domain, Version=1.0.0.0, Culture=neutral, PublicKeyToken=null],[GestaoArmazem.Application.DTOs.ArmazemDto, GestaoArmazem.Application, Version=1.0.0.0, Culture=neutral, PublicKeyToken=null]]'.
2026-08-15 07:47:17.821 -03:00 [INF] Executed endpoint 'GestaoArmazem.API.Controllers.ClientesController.Listar (GestaoArmazem.API)'
2026-08-15 07:47:17.748 -03:00 [INF] Request finished HTTP/2 GET https://localhost:7100/api/clientes - 200 null application/json; charset=utf-8 625.8762ms
2026-08-15 07:47:17.752 -03:00 [INF] HTTP GET /api/produtos responded 200 in 432.3629 ms
2026-08-15 07:47:17.874 -03:00 [INF] Executing OkObjectResult, writing value of type 'System.Linq.Enumerable+SelectListIterator`2[[GestaoArmazem.Domain.Entities.Localizacao, GestaoArmazem.Domain, Version=1.0.0.0, Culture=neutral, PublicKeyToken=null],[GestaoArmazem.Application.DTOs.LocalizacaoDto, GestaoArmazem.Application, Version=1.0.0.0, Culture=neutral, PublicKeyToken=null]]'.
2026-08-15 07:47:17.892 -03:00 [INF] Executing endpoint 'GestaoArmazem.API.Controllers.ProdutosController.Listar (GestaoArmazem.API)'
2026-08-15 07:47:17.900 -03:00 [INF] Executed action GestaoArmazem.API.Controllers.ArmazensController.Listar (GestaoArmazem.API) in 92.2088ms
2026-08-15 07:47:17.906 -03:00 [INF] HTTP GET /api/clientes responded 200 in 342.0533 ms
2026-08-15 07:47:17.957 -03:00 [INF] Request finished HTTP/2 GET https://localhost:7100/api/produtos?pagina=1&tamanhoPagina=20 - 200 null application/json; charset=utf-8 747.8571ms
2026-08-15 07:47:17.964 -03:00 [INF] Executed action GestaoArmazem.API.Controllers.LocalizacoesController.Listar (GestaoArmazem.API) in 102.4237ms
2026-08-15 07:47:17.968 -03:00 [INF] Route matched with {action = "Listar", controller = "Produtos"}. Executing controller action with signature System.Threading.Tasks.Task`1[Microsoft.AspNetCore.Mvc.ActionResult`1[System.Collections.Generic.IEnumerable`1[GestaoArmazem.Application.DTOs.ProdutoDto]]] Listar(Int32, Int32) on controller GestaoArmazem.API.Controllers.ProdutosController (GestaoArmazem.API).
2026-08-15 07:47:17.974 -03:00 [INF] Executed endpoint 'GestaoArmazem.API.Controllers.ArmazensController.Listar (GestaoArmazem.API)'
2026-08-15 07:47:18.005 -03:00 [INF] Executed endpoint 'GestaoArmazem.API.Controllers.LocalizacoesController.Listar (GestaoArmazem.API)'
2026-08-15 07:47:17.983 -03:00 [INF] Request finished HTTP/2 GET https://localhost:7100/api/clientes - 200 null application/json; charset=utf-8 495.3729ms
2026-08-15 07:47:18.022 -03:00 [INF] Executing OkObjectResult, writing value of type 'System.Linq.Enumerable+SelectListIterator`2[[GestaoArmazem.Domain.Entities.Produto, GestaoArmazem.Domain, Version=1.0.0.0, Culture=neutral, PublicKeyToken=null],[GestaoArmazem.Application.DTOs.ProdutoDto, GestaoArmazem.Application, Version=1.0.0.0, Culture=neutral, PublicKeyToken=null]]'.
2026-08-15 07:47:18.022 -03:00 [INF] HTTP GET /api/armazens responded 200 in 401.1816 ms
2026-08-15 07:47:18.027 -03:00 [INF] HTTP GET /api/localizacoes responded 200 in 394.4508 ms
2026-08-15 07:47:18.050 -03:00 [INF] Executed action GestaoArmazem.API.Controllers.ProdutosController.Listar (GestaoArmazem.API) in 36.7627ms
2026-08-15 07:47:18.060 -03:00 [INF] Request finished HTTP/2 GET https://localhost:7100/api/armazens - 200 null application/json; charset=utf-8 474.6746ms
2026-08-15 07:47:18.070 -03:00 [INF] Request finished HTTP/2 GET https://localhost:7100/api/localizacoes - 200 null application/json; charset=utf-8 473.9761ms
2026-08-15 07:47:18.079 -03:00 [INF] Executed endpoint 'GestaoArmazem.API.Controllers.ProdutosController.Listar (GestaoArmazem.API)'
2026-08-15 07:47:18.122 -03:00 [INF] HTTP GET /api/produtos responded 200 in 279.5496 ms
2026-08-15 07:47:18.131 -03:00 [INF] Request finished HTTP/2 GET https://localhost:7100/api/produtos?pagina=1&tamanhoPagina=20 - 200 null application/json; charset=utf-8 356.8822ms
2026-08-15 07:47:20.581 -03:00 [INF] Request starting HTTP/2 OPTIONS https://localhost:7100/api/pedidos-expedicao?pagina=1&tamanhoPagina=21 - null null
2026-08-15 07:47:20.594 -03:00 [INF] Request starting HTTP/2 OPTIONS https://localhost:7100/api/pedidos-expedicao?pagina=1&tamanhoPagina=21 - null null
2026-08-15 07:47:20.596 -03:00 [INF] Request starting HTTP/2 GET https://localhost:7100/api/clientes - application/json null
2026-08-15 07:47:20.607 -03:00 [INF] CORS policy execution successful.
2026-08-15 07:47:20.619 -03:00 [INF] CORS policy execution successful.
2026-08-15 07:47:20.630 -03:00 [INF] CORS policy execution successful.
2026-08-15 07:47:20.633 -03:00 [INF] HTTP OPTIONS /api/pedidos-expedicao responded 204 in 26.5580 ms
2026-08-15 07:47:20.637 -03:00 [INF] HTTP OPTIONS /api/pedidos-expedicao responded 204 in 17.0774 ms
2026-08-15 07:47:20.641 -03:00 [INF] Executing endpoint 'GestaoArmazem.API.Controllers.ClientesController.Listar (GestaoArmazem.API)'
2026-08-15 07:47:20.648 -03:00 [INF] Request finished HTTP/2 OPTIONS https://localhost:7100/api/pedidos-expedicao?pagina=1&tamanhoPagina=21 - 204 null null 67.5027ms
2026-08-15 07:47:20.673 -03:00 [INF] Request starting HTTP/2 GET https://localhost:7100/api/pedidos-expedicao?pagina=1&tamanhoPagina=21 - application/json null
2026-08-15 07:47:20.660 -03:00 [INF] Route matched with {action = "Listar", controller = "Clientes"}. Executing controller action with signature System.Threading.Tasks.Task`1[Microsoft.AspNetCore.Mvc.ActionResult`1[System.Collections.Generic.IEnumerable`1[GestaoArmazem.Application.DTOs.ClienteDto]]] Listar() on controller GestaoArmazem.API.Controllers.ClientesController (GestaoArmazem.API).
2026-08-15 07:47:20.656 -03:00 [INF] Request finished HTTP/2 OPTIONS https://localhost:7100/api/pedidos-expedicao?pagina=1&tamanhoPagina=21 - 204 null null 61.9167ms
2026-08-15 07:47:20.711 -03:00 [INF] Executing OkObjectResult, writing value of type 'System.Linq.Enumerable+SelectListIterator`2[[GestaoArmazem.Domain.Entities.Cliente, GestaoArmazem.Domain, Version=1.0.0.0, Culture=neutral, PublicKeyToken=null],[GestaoArmazem.Application.DTOs.ClienteDto, GestaoArmazem.Application, Version=1.0.0.0, Culture=neutral, PublicKeyToken=null]]'.
2026-08-15 07:47:20.692 -03:00 [INF] CORS policy execution successful.
2026-08-15 07:47:20.729 -03:00 [INF] Executed action GestaoArmazem.API.Controllers.ClientesController.Listar (GestaoArmazem.API) in 25.9818ms
2026-08-15 07:47:20.735 -03:00 [INF] Request starting HTTP/2 GET https://localhost:7100/api/clientes - application/json null
2026-08-15 07:47:20.736 -03:00 [INF] Executing endpoint 'GestaoArmazem.API.Controllers.PedidosExpedicaoController.Listar (GestaoArmazem.API)'
2026-08-15 07:47:20.741 -03:00 [INF] Executed endpoint 'GestaoArmazem.API.Controllers.ClientesController.Listar (GestaoArmazem.API)'
2026-08-15 07:47:20.752 -03:00 [INF] CORS policy execution successful.
2026-08-15 07:47:20.758 -03:00 [INF] Route matched with {action = "Listar", controller = "PedidosExpedicao"}. Executing controller action with signature System.Threading.Tasks.Task`1[Microsoft.AspNetCore.Mvc.ActionResult`1[System.Collections.Generic.IEnumerable`1[GestaoArmazem.Application.DTOs.PedidoExpedicaoDto]]] Listar(Int32, Int32) on controller GestaoArmazem.API.Controllers.PedidosExpedicaoController (GestaoArmazem.API).
2026-08-15 07:47:20.763 -03:00 [INF] HTTP GET /api/clientes responded 200 in 133.4895 ms
2026-08-15 07:47:20.768 -03:00 [INF] Executing endpoint 'GestaoArmazem.API.Controllers.ClientesController.Listar (GestaoArmazem.API)'
2026-08-15 07:47:20.793 -03:00 [INF] Executing OkObjectResult, writing value of type 'System.Collections.Generic.List`1[[GestaoArmazem.Application.DTOs.PedidoExpedicaoDto, GestaoArmazem.Application, Version=1.0.0.0, Culture=neutral, PublicKeyToken=null]]'.
2026-08-15 07:47:20.793 -03:00 [INF] Request finished HTTP/2 GET https://localhost:7100/api/clientes - 200 null application/json; charset=utf-8 198.215ms
2026-08-15 07:47:20.799 -03:00 [INF] Route matched with {action = "Listar", controller = "Clientes"}. Executing controller action with signature System.Threading.Tasks.Task`1[Microsoft.AspNetCore.Mvc.ActionResult`1[System.Collections.Generic.IEnumerable`1[GestaoArmazem.Application.DTOs.ClienteDto]]] Listar() on controller GestaoArmazem.API.Controllers.ClientesController (GestaoArmazem.API).
2026-08-15 07:47:20.807 -03:00 [INF] Executed action GestaoArmazem.API.Controllers.PedidosExpedicaoController.Listar (GestaoArmazem.API) in 29.5609ms
2026-08-15 07:47:20.811 -03:00 [INF] Request starting HTTP/2 GET https://localhost:7100/api/pedidos-expedicao?pagina=1&tamanhoPagina=21 - application/json null
2026-08-15 07:47:20.847 -03:00 [INF] Executing OkObjectResult, writing value of type 'System.Linq.Enumerable+SelectListIterator`2[[GestaoArmazem.Domain.Entities.Cliente, GestaoArmazem.Domain, Version=1.0.0.0, Culture=neutral, PublicKeyToken=null],[GestaoArmazem.Application.DTOs.ClienteDto, GestaoArmazem.Application, Version=1.0.0.0, Culture=neutral, PublicKeyToken=null]]'.
2026-08-15 07:47:20.850 -03:00 [INF] Executed endpoint 'GestaoArmazem.API.Controllers.PedidosExpedicaoController.Listar (GestaoArmazem.API)'
2026-08-15 07:47:20.862 -03:00 [INF] CORS policy execution successful.
2026-08-15 07:47:20.868 -03:00 [INF] Executed action GestaoArmazem.API.Controllers.ClientesController.Listar (GestaoArmazem.API) in 29.2524ms
2026-08-15 07:47:20.873 -03:00 [INF] HTTP GET /api/pedidos-expedicao responded 200 in 181.7396 ms
2026-08-15 07:47:20.877 -03:00 [INF] Executing endpoint 'GestaoArmazem.API.Controllers.PedidosExpedicaoController.Listar (GestaoArmazem.API)'
2026-08-15 07:47:20.884 -03:00 [INF] Executed endpoint 'GestaoArmazem.API.Controllers.ClientesController.Listar (GestaoArmazem.API)'
2026-08-15 07:47:20.893 -03:00 [INF] Request finished HTTP/2 GET https://localhost:7100/api/pedidos-expedicao?pagina=1&tamanhoPagina=21 - 200 null application/json; charset=utf-8 220.4833ms
2026-08-15 07:47:20.897 -03:00 [INF] Route matched with {action = "Listar", controller = "PedidosExpedicao"}. Executing controller action with signature System.Threading.Tasks.Task`1[Microsoft.AspNetCore.Mvc.ActionResult`1[System.Collections.Generic.IEnumerable`1[GestaoArmazem.Application.DTOs.PedidoExpedicaoDto]]] Listar(Int32, Int32) on controller GestaoArmazem.API.Controllers.PedidosExpedicaoController (GestaoArmazem.API).
2026-08-15 07:47:20.904 -03:00 [INF] HTTP GET /api/clientes responded 200 in 151.6687 ms
2026-08-15 07:47:20.943 -03:00 [INF] Request finished HTTP/2 GET https://localhost:7100/api/clientes - 200 null application/json; charset=utf-8 211.2929ms
2026-08-15 07:47:20.949 -03:00 [INF] Executing OkObjectResult, writing value of type 'System.Collections.Generic.List`1[[GestaoArmazem.Application.DTOs.PedidoExpedicaoDto, GestaoArmazem.Application, Version=1.0.0.0, Culture=neutral, PublicKeyToken=null]]'.
2026-08-15 07:47:20.966 -03:00 [INF] Executed action GestaoArmazem.API.Controllers.PedidosExpedicaoController.Listar (GestaoArmazem.API) in 37.6315ms
2026-08-15 07:47:20.973 -03:00 [INF] Executed endpoint 'GestaoArmazem.API.Controllers.PedidosExpedicaoController.Listar (GestaoArmazem.API)'
2026-08-15 07:47:20.977 -03:00 [INF] HTTP GET /api/pedidos-expedicao responded 200 in 115.0974 ms
2026-08-15 07:47:20.987 -03:00 [INF] Request finished HTTP/2 GET https://localhost:7100/api/pedidos-expedicao?pagina=1&tamanhoPagina=21 - 200 null application/json; charset=utf-8 177.5487ms
2026-08-15 07:47:22.643 -03:00 [INF] Request starting HTTP/2 OPTIONS https://localhost:7100/api/relatorios/estoque-baixo - null null
2026-08-15 07:47:22.655 -03:00 [INF] Request starting HTTP/2 OPTIONS https://localhost:7100/api/relatorios/estoque-baixo - null null
2026-08-15 07:47:22.669 -03:00 [INF] CORS policy execution successful.
2026-08-15 07:47:22.680 -03:00 [INF] CORS policy execution successful.
2026-08-15 07:47:22.688 -03:00 [INF] HTTP OPTIONS /api/relatorios/estoque-baixo responded 204 in 19.3680 ms
2026-08-15 07:47:22.690 -03:00 [INF] HTTP OPTIONS /api/relatorios/estoque-baixo responded 204 in 10.4882 ms
2026-08-15 07:47:22.702 -03:00 [INF] Request finished HTTP/2 OPTIONS https://localhost:7100/api/relatorios/estoque-baixo - 204 null null 59.9588ms
2026-08-15 07:47:22.710 -03:00 [INF] Request finished HTTP/2 OPTIONS https://localhost:7100/api/relatorios/estoque-baixo - 204 null null 55.0398ms
2026-08-15 07:47:22.728 -03:00 [INF] Request starting HTTP/2 GET https://localhost:7100/api/relatorios/estoque-baixo - application/json null
2026-08-15 07:47:22.756 -03:00 [INF] CORS policy execution successful.
2026-08-15 07:47:22.762 -03:00 [INF] Executing endpoint 'GestaoArmazem.API.Controllers.RelatoriosController.EstoqueBaixo (GestaoArmazem.API)'
2026-08-15 07:47:22.769 -03:00 [INF] Route matched with {action = "EstoqueBaixo", controller = "Relatorios"}. Executing controller action with signature System.Threading.Tasks.Task`1[Microsoft.AspNetCore.Mvc.ActionResult`1[System.Collections.Generic.IEnumerable`1[GestaoArmazem.Application.DTOs.EstoqueBaixoDto]]] EstoqueBaixo() on controller GestaoArmazem.API.Controllers.RelatoriosController (GestaoArmazem.API).
2026-08-15 07:47:22.796 -03:00 [INF] Executing OkObjectResult, writing value of type 'System.Linq.Enumerable+SelectListIterator`2[[GestaoArmazem.Domain.Interfaces.EstoqueBaixoResumo, GestaoArmazem.Domain, Version=1.0.0.0, Culture=neutral, PublicKeyToken=null],[GestaoArmazem.Application.DTOs.EstoqueBaixoDto, GestaoArmazem.Application, Version=1.0.0.0, Culture=neutral, PublicKeyToken=null]]'.
2026-08-15 07:47:22.803 -03:00 [INF] Executed action GestaoArmazem.API.Controllers.RelatoriosController.EstoqueBaixo (GestaoArmazem.API) in 25.5457ms
2026-08-15 07:47:22.806 -03:00 [INF] Request starting HTTP/2 GET https://localhost:7100/api/relatorios/estoque-baixo - application/json null
2026-08-15 07:47:22.811 -03:00 [INF] Executed endpoint 'GestaoArmazem.API.Controllers.RelatoriosController.EstoqueBaixo (GestaoArmazem.API)'
2026-08-15 07:47:22.820 -03:00 [INF] CORS policy execution successful.
2026-08-15 07:47:22.825 -03:00 [INF] HTTP GET /api/relatorios/estoque-baixo responded 200 in 68.6806 ms
2026-08-15 07:47:22.829 -03:00 [INF] Executing endpoint 'GestaoArmazem.API.Controllers.RelatoriosController.EstoqueBaixo (GestaoArmazem.API)'
2026-08-15 07:47:22.838 -03:00 [INF] Request finished HTTP/2 GET https://localhost:7100/api/relatorios/estoque-baixo - 200 null application/json; charset=utf-8 111.0805ms
2026-08-15 07:47:22.845 -03:00 [INF] Route matched with {action = "EstoqueBaixo", controller = "Relatorios"}. Executing controller action with signature System.Threading.Tasks.Task`1[Microsoft.AspNetCore.Mvc.ActionResult`1[System.Collections.Generic.IEnumerable`1[GestaoArmazem.Application.DTOs.EstoqueBaixoDto]]] EstoqueBaixo() on controller GestaoArmazem.API.Controllers.RelatoriosController (GestaoArmazem.API).
2026-08-15 07:47:22.876 -03:00 [INF] Executing OkObjectResult, writing value of type 'System.Linq.Enumerable+SelectListIterator`2[[GestaoArmazem.Domain.Interfaces.EstoqueBaixoResumo, GestaoArmazem.Domain, Version=1.0.0.0, Culture=neutral, PublicKeyToken=null],[GestaoArmazem.Application.DTOs.EstoqueBaixoDto, GestaoArmazem.Application, Version=1.0.0.0, Culture=neutral, PublicKeyToken=null]]'.
2026-08-15 07:47:22.885 -03:00 [INF] Executed action GestaoArmazem.API.Controllers.RelatoriosController.EstoqueBaixo (GestaoArmazem.API) in 14.9529ms
2026-08-15 07:47:22.892 -03:00 [INF] Executed endpoint 'GestaoArmazem.API.Controllers.RelatoriosController.EstoqueBaixo (GestaoArmazem.API)'
2026-08-15 07:47:22.898 -03:00 [INF] HTTP GET /api/relatorios/estoque-baixo responded 200 in 77.3134 ms
2026-08-15 07:47:22.908 -03:00 [INF] Request finished HTTP/2 GET https://localhost:7100/api/relatorios/estoque-baixo - 200 null application/json; charset=utf-8 102.9178ms
2026-08-15 07:47:26.740 -03:00 [INF] Request starting HTTP/2 OPTIONS https://localhost:7100/api/produtos?pagina=1&tamanhoPagina=20 - null null
2026-08-15 07:47:26.758 -03:00 [INF] Request starting HTTP/2 OPTIONS https://localhost:7100/api/armazens - null null
2026-08-15 07:47:26.759 -03:00 [INF] Request starting HTTP/2 OPTIONS https://localhost:7100/api/relatorios/movimentacoes?pagina=1&tamanhoPagina=50 - null null
2026-08-15 07:47:26.758 -03:00 [INF] Request starting HTTP/2 OPTIONS https://localhost:7100/api/produtos?pagina=1&tamanhoPagina=20 - null null
2026-08-15 07:47:26.758 -03:00 [INF] Request starting HTTP/2 OPTIONS https://localhost:7100/api/localizacoes - null null
2026-08-15 07:47:26.758 -03:00 [INF] Request starting HTTP/2 OPTIONS https://localhost:7100/api/relatorios/movimentacoes?pagina=1&tamanhoPagina=50 - null null
2026-08-15 07:47:26.759 -03:00 [INF] Request starting HTTP/2 OPTIONS https://localhost:7100/api/armazens - null null
2026-08-15 07:47:26.759 -03:00 [INF] Request starting HTTP/2 OPTIONS https://localhost:7100/api/localizacoes - null null
2026-08-15 07:47:26.773 -03:00 [INF] CORS policy execution successful.
2026-08-15 07:47:26.782 -03:00 [INF] CORS policy execution successful.
2026-08-15 07:47:26.793 -03:00 [INF] CORS policy execution successful.
2026-08-15 07:47:26.806 -03:00 [INF] CORS policy execution successful.
2026-08-15 07:47:26.824 -03:00 [INF] CORS policy execution successful.
2026-08-15 07:47:26.836 -03:00 [INF] CORS policy execution successful.
2026-08-15 07:47:26.847 -03:00 [INF] CORS policy execution successful.
2026-08-15 07:47:26.860 -03:00 [INF] CORS policy execution successful.
2026-08-15 07:47:26.863 -03:00 [INF] HTTP OPTIONS /api/produtos responded 204 in 90.3990 ms
2026-08-15 07:47:26.867 -03:00 [INF] HTTP OPTIONS /api/armazens responded 204 in 85.1435 ms
2026-08-15 07:47:26.871 -03:00 [INF] HTTP OPTIONS /api/relatorios/movimentacoes responded 204 in 78.2822 ms
2026-08-15 07:47:26.910 -03:00 [INF] Request finished HTTP/2 OPTIONS https://localhost:7100/api/armazens - 204 null null 151.7528ms
2026-08-15 07:47:26.919 -03:00 [INF] Request finished HTTP/2 OPTIONS https://localhost:7100/api/relatorios/movimentacoes?pagina=1&tamanhoPagina=50 - 204 null null 160.7524ms
2026-08-15 07:47:26.899 -03:00 [INF] Request finished HTTP/2 OPTIONS https://localhost:7100/api/produtos?pagina=1&tamanhoPagina=20 - 204 null null 161.3966ms
2026-08-15 07:47:26.888 -03:00 [INF] HTTP OPTIONS /api/armazens responded 204 in 41.5514 ms
2026-08-15 07:47:26.907 -03:00 [INF] Request starting HTTP/2 GET https://localhost:7100/api/produtos?pagina=1&tamanhoPagina=20 - application/json null
2026-08-15 07:47:26.916 -03:00 [INF] Request starting HTTP/2 GET https://localhost:7100/api/armazens - application/json null
2026-08-15 07:47:26.874 -03:00 [INF] HTTP OPTIONS /api/produtos responded 204 in 68.2883 ms
2026-08-15 07:47:26.892 -03:00 [INF] HTTP OPTIONS /api/localizacoes responded 204 in 31.5430 ms
2026-08-15 07:47:26.877 -03:00 [INF] HTTP OPTIONS /api/localizacoes responded 204 in 53.7907 ms
2026-08-15 07:47:26.926 -03:00 [INF] Request starting HTTP/2 GET https://localhost:7100/api/relatorios/movimentacoes?pagina=1&tamanhoPagina=50 - application/json null
2026-08-15 07:47:27.021 -03:00 [INF] Request starting HTTP/2 GET https://localhost:7100/api/localizacoes - application/json null
2026-08-15 07:47:26.970 -03:00 [INF] Request finished HTTP/2 OPTIONS https://localhost:7100/api/armazens - 204 null null 211.3224ms
2026-08-15 07:47:26.985 -03:00 [INF] CORS policy execution successful.
2026-08-15 07:47:26.997 -03:00 [INF] CORS policy execution successful.
2026-08-15 07:47:27.006 -03:00 [INF] Request finished HTTP/2 OPTIONS https://localhost:7100/api/produtos?pagina=1&tamanhoPagina=20 - 204 null null 247.3587ms
2026-08-15 07:47:27.016 -03:00 [INF] Request finished HTTP/2 OPTIONS https://localhost:7100/api/localizacoes - 204 null null 257.1637ms
2026-08-15 07:47:26.880 -03:00 [INF] HTTP OPTIONS /api/relatorios/movimentacoes responded 204 in 43.7753 ms
2026-08-15 07:47:27.024 -03:00 [INF] Request finished HTTP/2 OPTIONS https://localhost:7100/api/localizacoes - 204 null null 266.6635ms
2026-08-15 07:47:27.038 -03:00 [INF] CORS policy execution successful.
2026-08-15 07:47:27.049 -03:00 [INF] CORS policy execution successful.
2026-08-15 07:47:27.068 -03:00 [INF] Executing endpoint 'GestaoArmazem.API.Controllers.ProdutosController.Listar (GestaoArmazem.API)'
2026-08-15 07:47:27.071 -03:00 [INF] Executing endpoint 'GestaoArmazem.API.Controllers.ArmazensController.Listar (GestaoArmazem.API)'
2026-08-15 07:47:27.108 -03:00 [INF] Request finished HTTP/2 OPTIONS https://localhost:7100/api/relatorios/movimentacoes?pagina=1&tamanhoPagina=50 - 204 null null 350.0208ms
2026-08-15 07:47:27.127 -03:00 [INF] Executing endpoint 'GestaoArmazem.API.Controllers.RelatoriosController.Movimentacoes (GestaoArmazem.API)'
2026-08-15 07:47:27.131 -03:00 [INF] Executing endpoint 'GestaoArmazem.API.Controllers.LocalizacoesController.Listar (GestaoArmazem.API)'
2026-08-15 07:47:27.137 -03:00 [INF] Route matched with {action = "Listar", controller = "Produtos"}. Executing controller action with signature System.Threading.Tasks.Task`1[Microsoft.AspNetCore.Mvc.ActionResult`1[System.Collections.Generic.IEnumerable`1[GestaoArmazem.Application.DTOs.ProdutoDto]]] Listar(Int32, Int32) on controller GestaoArmazem.API.Controllers.ProdutosController (GestaoArmazem.API).
2026-08-15 07:47:27.141 -03:00 [INF] Route matched with {action = "Listar", controller = "Armazens"}. Executing controller action with signature System.Threading.Tasks.Task`1[Microsoft.AspNetCore.Mvc.ActionResult`1[System.Collections.Generic.IEnumerable`1[GestaoArmazem.Application.DTOs.ArmazemDto]]] Listar() on controller GestaoArmazem.API.Controllers.ArmazensController (GestaoArmazem.API).
2026-08-15 07:47:27.161 -03:00 [INF] Route matched with {action = "Movimentacoes", controller = "Relatorios"}. Executing controller action with signature System.Threading.Tasks.Task`1[Microsoft.AspNetCore.Mvc.ActionResult`1[System.Collections.Generic.IEnumerable`1[GestaoArmazem.Application.DTOs.MovimentacaoRelatorioDto]]] Movimentacoes(System.Nullable`1[System.Guid], System.String, System.Nullable`1[System.DateTime], System.Nullable`1[System.DateTime], Int32, Int32) on controller GestaoArmazem.API.Controllers.RelatoriosController (GestaoArmazem.API).
2026-08-15 07:47:27.181 -03:00 [INF] Executing OkObjectResult, writing value of type 'System.Linq.Enumerable+SelectListIterator`2[[GestaoArmazem.Domain.Entities.Produto, GestaoArmazem.Domain, Version=1.0.0.0, Culture=neutral, PublicKeyToken=null],[GestaoArmazem.Application.DTOs.ProdutoDto, GestaoArmazem.Application, Version=1.0.0.0, Culture=neutral, PublicKeyToken=null]]'.
2026-08-15 07:47:27.165 -03:00 [INF] Route matched with {action = "Listar", controller = "Localizacoes"}. Executing controller action with signature System.Threading.Tasks.Task`1[Microsoft.AspNetCore.Mvc.ActionResult`1[System.Collections.Generic.IEnumerable`1[GestaoArmazem.Application.DTOs.LocalizacaoDto]]] Listar() on controller GestaoArmazem.API.Controllers.LocalizacoesController (GestaoArmazem.API).
2026-08-15 07:47:27.209 -03:00 [INF] Executing OkObjectResult, writing value of type 'System.Linq.Enumerable+SelectListIterator`2[[GestaoArmazem.Domain.Entities.Armazem, GestaoArmazem.Domain, Version=1.0.0.0, Culture=neutral, PublicKeyToken=null],[GestaoArmazem.Application.DTOs.ArmazemDto, GestaoArmazem.Application, Version=1.0.0.0, Culture=neutral, PublicKeyToken=null]]'.
2026-08-15 07:47:27.212 -03:00 [INF] Executed action GestaoArmazem.API.Controllers.ProdutosController.Listar (GestaoArmazem.API) in 39.1554ms
2026-08-15 07:47:27.237 -03:00 [INF] Executed action GestaoArmazem.API.Controllers.ArmazensController.Listar (GestaoArmazem.API) in 50.8516ms
2026-08-15 07:47:27.232 -03:00 [INF] Executing OkObjectResult, writing value of type 'System.Linq.Enumerable+SelectListIterator`2[[GestaoArmazem.Domain.Entities.Localizacao, GestaoArmazem.Domain, Version=1.0.0.0, Culture=neutral, PublicKeyToken=null],[GestaoArmazem.Application.DTOs.LocalizacaoDto, GestaoArmazem.Application, Version=1.0.0.0, Culture=neutral, PublicKeyToken=null]]'.
2026-08-15 07:47:27.220 -03:00 [INF] Request starting HTTP/2 GET https://localhost:7100/api/produtos?pagina=1&tamanhoPagina=20 - application/json null
2026-08-15 07:47:27.252 -03:00 [INF] Executed endpoint 'GestaoArmazem.API.Controllers.ArmazensController.Listar (GestaoArmazem.API)'
2026-08-15 07:47:27.244 -03:00 [INF] Executed endpoint 'GestaoArmazem.API.Controllers.ProdutosController.Listar (GestaoArmazem.API)'
2026-08-15 07:47:27.261 -03:00 [INF] Request starting HTTP/2 GET https://localhost:7100/api/localizacoes - application/json null
2026-08-15 07:47:27.258 -03:00 [INF] Executed action GestaoArmazem.API.Controllers.LocalizacoesController.Listar (GestaoArmazem.API) in 33.2216ms
2026-08-15 07:47:27.242 -03:00 [INF] Request starting HTTP/2 GET https://localhost:7100/api/armazens - application/json null
2026-08-15 07:47:27.220 -03:00 [INF] Executing OkObjectResult, writing value of type 'System.Linq.Enumerable+SelectListIterator`2[[GestaoArmazem.Domain.Entities.MovimentacaoEstoque, GestaoArmazem.Domain, Version=1.0.0.0, Culture=neutral, PublicKeyToken=null],[GestaoArmazem.Application.DTOs.MovimentacaoRelatorioDto, GestaoArmazem.Application, Version=1.0.0.0, Culture=neutral, PublicKeyToken=null]]'.
2026-08-15 07:47:27.271 -03:00 [INF] CORS policy execution successful.
2026-08-15 07:47:27.276 -03:00 [INF] HTTP GET /api/armazens responded 200 in 278.9785 ms
2026-08-15 07:47:27.280 -03:00 [INF] HTTP GET /api/produtos responded 200 in 295.1552 ms
2026-08-15 07:47:27.291 -03:00 [INF] CORS policy execution successful.
2026-08-15 07:47:27.312 -03:00 [INF] Executed action GestaoArmazem.API.Controllers.RelatoriosController.Movimentacoes (GestaoArmazem.API) in 112.7971ms
2026-08-15 07:47:27.296 -03:00 [INF] Executed endpoint 'GestaoArmazem.API.Controllers.LocalizacoesController.Listar (GestaoArmazem.API)'
2026-08-15 07:47:27.314 -03:00 [INF] Executing endpoint 'GestaoArmazem.API.Controllers.ProdutosController.Listar (GestaoArmazem.API)'
2026-08-15 07:47:27.305 -03:00 [INF] CORS policy execution successful.
2026-08-15 07:47:27.317 -03:00 [INF] Request starting HTTP/2 GET https://localhost:7100/api/relatorios/movimentacoes?pagina=1&tamanhoPagina=50 - application/json null
2026-08-15 07:47:27.323 -03:00 [INF] Request finished HTTP/2 GET https://localhost:7100/api/armazens - 200 null application/json; charset=utf-8 407.1757ms
2026-08-15 07:47:27.329 -03:00 [INF] Request finished HTTP/2 GET https://localhost:7100/api/produtos?pagina=1&tamanhoPagina=20 - 200 null application/json; charset=utf-8 422.7616ms
2026-08-15 07:47:27.334 -03:00 [INF] Executing endpoint 'GestaoArmazem.API.Controllers.LocalizacoesController.Listar (GestaoArmazem.API)'
2026-08-15 07:47:27.340 -03:00 [INF] Executed endpoint 'GestaoArmazem.API.Controllers.RelatoriosController.Movimentacoes (GestaoArmazem.API)'
2026-08-15 07:47:27.344 -03:00 [INF] HTTP GET /api/localizacoes responded 200 in 294.9935 ms
2026-08-15 07:47:27.349 -03:00 [INF] Route matched with {action = "Listar", controller = "Produtos"}. Executing controller action with signature System.Threading.Tasks.Task`1[Microsoft.AspNetCore.Mvc.ActionResult`1[System.Collections.Generic.IEnumerable`1[GestaoArmazem.Application.DTOs.ProdutoDto]]] Listar(Int32, Int32) on controller GestaoArmazem.API.Controllers.ProdutosController (GestaoArmazem.API).
2026-08-15 07:47:27.353 -03:00 [INF] Executing endpoint 'GestaoArmazem.API.Controllers.ArmazensController.Listar (GestaoArmazem.API)'
2026-08-15 07:47:27.418 -03:00 [INF] Executing OkObjectResult, writing value of type 'System.Linq.Enumerable+SelectListIterator`2[[GestaoArmazem.Domain.Entities.Produto, GestaoArmazem.Domain, Version=1.0.0.0, Culture=neutral, PublicKeyToken=null],[GestaoArmazem.Application.DTOs.ProdutoDto, GestaoArmazem.Application, Version=1.0.0.0, Culture=neutral, PublicKeyToken=null]]'.
2026-08-15 07:47:27.397 -03:00 [INF] Route matched with {action = "Listar", controller = "Localizacoes"}. Executing controller action with signature System.Threading.Tasks.Task`1[Microsoft.AspNetCore.Mvc.ActionResult`1[System.Collections.Generic.IEnumerable`1[GestaoArmazem.Application.DTOs.LocalizacaoDto]]] Listar() on controller GestaoArmazem.API.Controllers.LocalizacoesController (GestaoArmazem.API).
2026-08-15 07:47:27.401 -03:00 [INF] HTTP GET /api/relatorios/movimentacoes responded 200 in 363.3020 ms
2026-08-15 07:47:27.436 -03:00 [INF] Executing OkObjectResult, writing value of type 'System.Linq.Enumerable+SelectListIterator`2[[GestaoArmazem.Domain.Entities.Localizacao, GestaoArmazem.Domain, Version=1.0.0.0, Culture=neutral, PublicKeyToken=null],[GestaoArmazem.Application.DTOs.LocalizacaoDto, GestaoArmazem.Application, Version=1.0.0.0, Culture=neutral, PublicKeyToken=null]]'.
2026-08-15 07:47:27.425 -03:00 [INF] Executed action GestaoArmazem.API.Controllers.ProdutosController.Listar (GestaoArmazem.API) in 13.1694ms
2026-08-15 07:47:27.407 -03:00 [INF] Request finished HTTP/2 GET https://localhost:7100/api/localizacoes - 200 null application/json; charset=utf-8 386.5645ms
2026-08-15 07:47:27.421 -03:00 [INF] Route matched with {action = "Listar", controller = "Armazens"}. Executing controller action with signature System.Threading.Tasks.Task`1[Microsoft.AspNetCore.Mvc.ActionResult`1[System.Collections.Generic.IEnumerable`1[GestaoArmazem.Application.DTOs.ArmazemDto]]] Listar() on controller GestaoArmazem.API.Controllers.ArmazensController (GestaoArmazem.API).
2026-08-15 07:47:27.368 -03:00 [INF] CORS policy execution successful.
2026-08-15 07:47:27.447 -03:00 [INF] Executed action GestaoArmazem.API.Controllers.LocalizacoesController.Listar (GestaoArmazem.API) in 15.4573ms
2026-08-15 07:47:27.451 -03:00 [INF] Executed endpoint 'GestaoArmazem.API.Controllers.ProdutosController.Listar (GestaoArmazem.API)'
2026-08-15 07:47:27.476 -03:00 [INF] Executing OkObjectResult, writing value of type 'System.Linq.Enumerable+SelectListIterator`2[[GestaoArmazem.Domain.Entities.Armazem, GestaoArmazem.Domain, Version=1.0.0.0, Culture=neutral, PublicKeyToken=null],[GestaoArmazem.Application.DTOs.ArmazemDto, GestaoArmazem.Application, Version=1.0.0.0, Culture=neutral, PublicKeyToken=null]]'.
2026-08-15 07:47:27.442 -03:00 [INF] Request finished HTTP/2 GET https://localhost:7100/api/relatorios/movimentacoes?pagina=1&tamanhoPagina=50 - 200 null application/json; charset=utf-8 516.0987ms
2026-08-15 07:47:27.479 -03:00 [INF] Executing endpoint 'GestaoArmazem.API.Controllers.RelatoriosController.Movimentacoes (GestaoArmazem.API)'
2026-08-15 07:47:27.486 -03:00 [INF] Executed endpoint 'GestaoArmazem.API.Controllers.LocalizacoesController.Listar (GestaoArmazem.API)'
2026-08-15 07:47:27.490 -03:00 [INF] HTTP GET /api/produtos responded 200 in 218.2002 ms
2026-08-15 07:47:27.494 -03:00 [INF] Executed action GestaoArmazem.API.Controllers.ArmazensController.Listar (GestaoArmazem.API) in 22.3482ms
2026-08-15 07:47:27.510 -03:00 [INF] Route matched with {action = "Movimentacoes", controller = "Relatorios"}. Executing controller action with signature System.Threading.Tasks.Task`1[Microsoft.AspNetCore.Mvc.ActionResult`1[System.Collections.Generic.IEnumerable`1[GestaoArmazem.Application.DTOs.MovimentacaoRelatorioDto]]] Movimentacoes(System.Nullable`1[System.Guid], System.String, System.Nullable`1[System.DateTime], System.Nullable`1[System.DateTime], Int32, Int32) on controller GestaoArmazem.API.Controllers.RelatoriosController (GestaoArmazem.API).
2026-08-15 07:47:27.514 -03:00 [INF] HTTP GET /api/localizacoes responded 200 in 222.6023 ms
2026-08-15 07:47:27.522 -03:00 [INF] Request finished HTTP/2 GET https://localhost:7100/api/produtos?pagina=1&tamanhoPagina=20 - 200 null application/json; charset=utf-8 304.0418ms
2026-08-15 07:47:27.527 -03:00 [INF] Executed endpoint 'GestaoArmazem.API.Controllers.ArmazensController.Listar (GestaoArmazem.API)'
2026-08-15 07:47:27.541 -03:00 [INF] Executing OkObjectResult, writing value of type 'System.Linq.Enumerable+SelectListIterator`2[[GestaoArmazem.Domain.Entities.MovimentacaoEstoque, GestaoArmazem.Domain, Version=1.0.0.0, Culture=neutral, PublicKeyToken=null],[GestaoArmazem.Application.DTOs.MovimentacaoRelatorioDto, GestaoArmazem.Application, Version=1.0.0.0, Culture=neutral, PublicKeyToken=null]]'.
2026-08-15 07:47:27.544 -03:00 [INF] Request finished HTTP/2 GET https://localhost:7100/api/localizacoes - 200 null application/json; charset=utf-8 283.8462ms
2026-08-15 07:47:27.559 -03:00 [INF] HTTP GET /api/armazens responded 200 in 254.5839 ms
2026-08-15 07:47:27.568 -03:00 [INF] Executed action GestaoArmazem.API.Controllers.RelatoriosController.Movimentacoes (GestaoArmazem.API) in 34.5314ms
2026-08-15 07:47:27.587 -03:00 [INF] Request finished HTTP/2 GET https://localhost:7100/api/armazens - 200 null application/json; charset=utf-8 345.8223ms
2026-08-15 07:47:27.592 -03:00 [INF] Executed endpoint 'GestaoArmazem.API.Controllers.RelatoriosController.Movimentacoes (GestaoArmazem.API)'
2026-08-15 07:47:27.610 -03:00 [INF] HTTP GET /api/relatorios/movimentacoes responded 200 in 241.7168 ms
2026-08-15 07:47:27.618 -03:00 [INF] Request finished HTTP/2 GET https://localhost:7100/api/relatorios/movimentacoes?pagina=1&tamanhoPagina=50 - 200 null application/json; charset=utf-8 301.8792ms
2026-08-15 07:47:30.628 -03:00 [INF] Request starting HTTP/2 OPTIONS https://localhost:7100/api/relatorios/estoque-baixo - null null
2026-08-15 07:47:30.638 -03:00 [INF] Request starting HTTP/2 OPTIONS https://localhost:7100/api/relatorios/estoque-baixo - null null
2026-08-15 07:47:30.668 -03:00 [INF] CORS policy execution successful.
2026-08-15 07:47:30.688 -03:00 [INF] CORS policy execution successful.
2026-08-15 07:47:30.694 -03:00 [INF] HTTP OPTIONS /api/relatorios/estoque-baixo responded 204 in 27.0390 ms
2026-08-15 07:47:30.700 -03:00 [INF] HTTP OPTIONS /api/relatorios/estoque-baixo responded 204 in 12.0338 ms
2026-08-15 07:47:30.715 -03:00 [INF] Request finished HTTP/2 OPTIONS https://localhost:7100/api/relatorios/estoque-baixo - 204 null null 87.2959ms
2026-08-15 07:47:30.728 -03:00 [INF] Request starting HTTP/2 GET https://localhost:7100/api/relatorios/estoque-baixo - application/json null
2026-08-15 07:47:30.740 -03:00 [INF] Request finished HTTP/2 OPTIONS https://localhost:7100/api/relatorios/estoque-baixo - 204 null null 108.7197ms
2026-08-15 07:47:30.793 -03:00 [INF] CORS policy execution successful.
2026-08-15 07:47:30.838 -03:00 [INF] Executing endpoint 'GestaoArmazem.API.Controllers.RelatoriosController.EstoqueBaixo (GestaoArmazem.API)'
2026-08-15 07:47:30.843 -03:00 [INF] Route matched with {action = "EstoqueBaixo", controller = "Relatorios"}. Executing controller action with signature System.Threading.Tasks.Task`1[Microsoft.AspNetCore.Mvc.ActionResult`1[System.Collections.Generic.IEnumerable`1[GestaoArmazem.Application.DTOs.EstoqueBaixoDto]]] EstoqueBaixo() on controller GestaoArmazem.API.Controllers.RelatoriosController (GestaoArmazem.API).
2026-08-15 07:47:30.858 -03:00 [INF] Executing OkObjectResult, writing value of type 'System.Linq.Enumerable+SelectListIterator`2[[GestaoArmazem.Domain.Interfaces.EstoqueBaixoResumo, GestaoArmazem.Domain, Version=1.0.0.0, Culture=neutral, PublicKeyToken=null],[GestaoArmazem.Application.DTOs.EstoqueBaixoDto, GestaoArmazem.Application, Version=1.0.0.0, Culture=neutral, PublicKeyToken=null]]'.
2026-08-15 07:47:30.866 -03:00 [INF] Executed action GestaoArmazem.API.Controllers.RelatoriosController.EstoqueBaixo (GestaoArmazem.API) in 14.4273ms
2026-08-15 07:47:30.870 -03:00 [INF] Request starting HTTP/2 GET https://localhost:7100/api/relatorios/estoque-baixo - application/json null
2026-08-15 07:47:30.874 -03:00 [INF] Executed endpoint 'GestaoArmazem.API.Controllers.RelatoriosController.EstoqueBaixo (GestaoArmazem.API)'
2026-08-15 07:47:30.886 -03:00 [INF] CORS policy execution successful.
2026-08-15 07:47:30.891 -03:00 [INF] HTTP GET /api/relatorios/estoque-baixo responded 200 in 98.4872 ms
2026-08-15 07:47:30.895 -03:00 [INF] Executing endpoint 'GestaoArmazem.API.Controllers.RelatoriosController.EstoqueBaixo (GestaoArmazem.API)'
2026-08-15 07:47:30.903 -03:00 [INF] Request finished HTTP/2 GET https://localhost:7100/api/relatorios/estoque-baixo - 200 null application/json; charset=utf-8 178.2706ms
2026-08-15 07:47:30.908 -03:00 [INF] Route matched with {action = "EstoqueBaixo", controller = "Relatorios"}. Executing controller action with signature System.Threading.Tasks.Task`1[Microsoft.AspNetCore.Mvc.ActionResult`1[System.Collections.Generic.IEnumerable`1[GestaoArmazem.Application.DTOs.EstoqueBaixoDto]]] EstoqueBaixo() on controller GestaoArmazem.API.Controllers.RelatoriosController (GestaoArmazem.API).
2026-08-15 07:47:30.938 -03:00 [INF] Executing OkObjectResult, writing value of type 'System.Linq.Enumerable+SelectListIterator`2[[GestaoArmazem.Domain.Interfaces.EstoqueBaixoResumo, GestaoArmazem.Domain, Version=1.0.0.0, Culture=neutral, PublicKeyToken=null],[GestaoArmazem.Application.DTOs.EstoqueBaixoDto, GestaoArmazem.Application, Version=1.0.0.0, Culture=neutral, PublicKeyToken=null]]'.
2026-08-15 07:47:30.946 -03:00 [INF] Executed action GestaoArmazem.API.Controllers.RelatoriosController.EstoqueBaixo (GestaoArmazem.API) in 15.4826ms
2026-08-15 07:47:30.954 -03:00 [INF] Executed endpoint 'GestaoArmazem.API.Controllers.RelatoriosController.EstoqueBaixo (GestaoArmazem.API)'
2026-08-15 07:47:30.958 -03:00 [INF] HTTP GET /api/relatorios/estoque-baixo responded 200 in 71.6125 ms
2026-08-15 07:47:30.968 -03:00 [INF] Request finished HTTP/2 GET https://localhost:7100/api/relatorios/estoque-baixo - 200 null application/json; charset=utf-8 98.6737ms
2026-08-15 07:47:35.788 -03:00 [INF] Request starting HTTP/2 OPTIONS https://localhost:7100/api/produtos?pagina=1&tamanhoPagina=20 - null null
2026-08-15 07:47:35.803 -03:00 [INF] Request starting HTTP/2 OPTIONS https://localhost:7100/api/relatorios/movimentacoes?pagina=1&tamanhoPagina=50 - null null
2026-08-15 07:47:35.793 -03:00 [INF] Request starting HTTP/2 OPTIONS https://localhost:7100/api/armazens - null null
2026-08-15 07:47:35.788 -03:00 [INF] Request starting HTTP/2 OPTIONS https://localhost:7100/api/localizacoes - null null
2026-08-15 07:47:35.806 -03:00 [INF] Request starting HTTP/2 OPTIONS https://localhost:7100/api/produtos?pagina=1&tamanhoPagina=20 - null null
2026-08-15 07:47:35.807 -03:00 [INF] Request starting HTTP/2 OPTIONS https://localhost:7100/api/relatorios/movimentacoes?pagina=1&tamanhoPagina=50 - null null
2026-08-15 07:47:35.807 -03:00 [INF] Request starting HTTP/2 OPTIONS https://localhost:7100/api/armazens - null null
2026-08-15 07:47:35.807 -03:00 [INF] Request starting HTTP/2 OPTIONS https://localhost:7100/api/localizacoes - null null
2026-08-15 07:47:35.839 -03:00 [INF] CORS policy execution successful.
2026-08-15 07:47:35.858 -03:00 [INF] CORS policy execution successful.
2026-08-15 07:47:35.888 -03:00 [INF] CORS policy execution successful.
2026-08-15 07:47:35.916 -03:00 [INF] CORS policy execution successful.
2026-08-15 07:47:35.938 -03:00 [INF] CORS policy execution successful.
2026-08-15 07:47:35.959 -03:00 [INF] CORS policy execution successful.
2026-08-15 07:47:35.980 -03:00 [INF] CORS policy execution successful.
2026-08-15 07:47:36.001 -03:00 [INF] CORS policy execution successful.
2026-08-15 07:47:36.007 -03:00 [INF] HTTP OPTIONS /api/produtos responded 204 in 168.8630 ms
2026-08-15 07:47:36.015 -03:00 [INF] HTTP OPTIONS /api/relatorios/movimentacoes responded 204 in 156.8323 ms
2026-08-15 07:47:36.047 -03:00 [INF] HTTP OPTIONS /api/armazens responded 204 in 66.9940 ms
2026-08-15 07:47:36.072 -03:00 [INF] Request starting HTTP/2 GET https://localhost:7100/api/produtos?pagina=1&tamanhoPagina=20 - application/json null
2026-08-15 07:47:36.092 -03:00 [INF] Request finished HTTP/2 OPTIONS https://localhost:7100/api/armazens - 204 null null 285.5764ms
2026-08-15 07:47:36.086 -03:00 [INF] Request starting HTTP/2 GET https://localhost:7100/api/relatorios/movimentacoes?pagina=1&tamanhoPagina=50 - application/json null
2026-08-15 07:47:36.076 -03:00 [INF] Request finished HTTP/2 OPTIONS https://localhost:7100/api/relatorios/movimentacoes?pagina=1&tamanhoPagina=50 - 204 null null 273.1926ms
2026-08-15 07:47:36.039 -03:00 [INF] HTTP OPTIONS /api/relatorios/movimentacoes responded 204 in 80.7739 ms
2026-08-15 07:47:36.021 -03:00 [INF] HTTP OPTIONS /api/armazens responded 204 in 133.5655 ms
2026-08-15 07:47:36.054 -03:00 [INF] HTTP OPTIONS /api/localizacoes responded 204 in 52.4880 ms
2026-08-15 07:47:36.034 -03:00 [INF] HTTP OPTIONS /api/produtos responded 204 in 95.2291 ms
2026-08-15 07:47:36.100 -03:00 [INF] Request starting HTTP/2 GET https://localhost:7100/api/armazens - application/json null
2026-08-15 07:47:36.110 -03:00 [INF] CORS policy execution successful.
2026-08-15 07:47:36.142 -03:00 [INF] CORS policy execution successful.
2026-08-15 07:47:36.168 -03:00 [INF] Request finished HTTP/2 OPTIONS https://localhost:7100/api/relatorios/movimentacoes?pagina=1&tamanhoPagina=50 - 204 null null 361.1669ms
2026-08-15 07:47:36.174 -03:00 [INF] Request finished HTTP/2 OPTIONS https://localhost:7100/api/armazens - 204 null null 381.5978ms
2026-08-15 07:47:36.183 -03:00 [INF] Request finished HTTP/2 OPTIONS https://localhost:7100/api/localizacoes - 204 null null 377.0286ms
2026-08-15 07:47:36.065 -03:00 [INF] Request finished HTTP/2 OPTIONS https://localhost:7100/api/produtos?pagina=1&tamanhoPagina=20 - 204 null null 278.7246ms
2026-08-15 07:47:36.027 -03:00 [INF] HTTP OPTIONS /api/localizacoes responded 204 in 110.4774 ms
2026-08-15 07:47:36.188 -03:00 [INF] Request starting HTTP/2 GET https://localhost:7100/api/localizacoes - application/json null
2026-08-15 07:47:36.190 -03:00 [INF] Request finished HTTP/2 OPTIONS https://localhost:7100/api/produtos?pagina=1&tamanhoPagina=20 - 204 null null 384.4278ms
2026-08-15 07:47:36.204 -03:00 [INF] CORS policy execution successful.
2026-08-15 07:47:36.207 -03:00 [INF] Executing endpoint 'GestaoArmazem.API.Controllers.ProdutosController.Listar (GestaoArmazem.API)'
2026-08-15 07:47:36.210 -03:00 [INF] Executing endpoint 'GestaoArmazem.API.Controllers.RelatoriosController.Movimentacoes (GestaoArmazem.API)'
2026-08-15 07:47:36.278 -03:00 [INF] Request finished HTTP/2 OPTIONS https://localhost:7100/api/localizacoes - 204 null null 490.3231ms
2026-08-15 07:47:36.291 -03:00 [INF] CORS policy execution successful.
2026-08-15 07:47:36.309 -03:00 [INF] Executing endpoint 'GestaoArmazem.API.Controllers.ArmazensController.Listar (GestaoArmazem.API)'
2026-08-15 07:47:36.314 -03:00 [INF] Route matched with {action = "Listar", controller = "Produtos"}. Executing controller action with signature System.Threading.Tasks.Task`1[Microsoft.AspNetCore.Mvc.ActionResult`1[System.Collections.Generic.IEnumerable`1[GestaoArmazem.Application.DTOs.ProdutoDto]]] Listar(Int32, Int32) on controller GestaoArmazem.API.Controllers.ProdutosController (GestaoArmazem.API).
2026-08-15 07:47:36.319 -03:00 [INF] Route matched with {action = "Movimentacoes", controller = "Relatorios"}. Executing controller action with signature System.Threading.Tasks.Task`1[Microsoft.AspNetCore.Mvc.ActionResult`1[System.Collections.Generic.IEnumerable`1[GestaoArmazem.Application.DTOs.MovimentacaoRelatorioDto]]] Movimentacoes(System.Nullable`1[System.Guid], System.String, System.Nullable`1[System.DateTime], System.Nullable`1[System.DateTime], Int32, Int32) on controller GestaoArmazem.API.Controllers.RelatoriosController (GestaoArmazem.API).
2026-08-15 07:47:36.343 -03:00 [INF] Route matched with {action = "Listar", controller = "Armazens"}. Executing controller action with signature System.Threading.Tasks.Task`1[Microsoft.AspNetCore.Mvc.ActionResult`1[System.Collections.Generic.IEnumerable`1[GestaoArmazem.Application.DTOs.ArmazemDto]]] Listar() on controller GestaoArmazem.API.Controllers.ArmazensController (GestaoArmazem.API).
2026-08-15 07:47:36.338 -03:00 [INF] Executing endpoint 'GestaoArmazem.API.Controllers.LocalizacoesController.Listar (GestaoArmazem.API)'
2026-08-15 07:47:36.373 -03:00 [INF] Executing OkObjectResult, writing value of type 'System.Linq.Enumerable+SelectListIterator`2[[GestaoArmazem.Domain.Entities.MovimentacaoEstoque, GestaoArmazem.Domain, Version=1.0.0.0, Culture=neutral, PublicKeyToken=null],[GestaoArmazem.Application.DTOs.MovimentacaoRelatorioDto, GestaoArmazem.Application, Version=1.0.0.0, Culture=neutral, PublicKeyToken=null]]'.
2026-08-15 07:47:36.385 -03:00 [INF] Executing OkObjectResult, writing value of type 'System.Linq.Enumerable+SelectListIterator`2[[GestaoArmazem.Domain.Entities.Armazem, GestaoArmazem.Domain, Version=1.0.0.0, Culture=neutral, PublicKeyToken=null],[GestaoArmazem.Application.DTOs.ArmazemDto, GestaoArmazem.Application, Version=1.0.0.0, Culture=neutral, PublicKeyToken=null]]'.
2026-08-15 07:47:36.389 -03:00 [INF] Route matched with {action = "Listar", controller = "Localizacoes"}. Executing controller action with signature System.Threading.Tasks.Task`1[Microsoft.AspNetCore.Mvc.ActionResult`1[System.Collections.Generic.IEnumerable`1[GestaoArmazem.Application.DTOs.LocalizacaoDto]]] Listar() on controller GestaoArmazem.API.Controllers.LocalizacoesController (GestaoArmazem.API).
2026-08-15 07:47:36.404 -03:00 [INF] Request starting HTTP/2 GET https://localhost:7100/api/relatorios/movimentacoes?pagina=1&tamanhoPagina=50 - application/json null
2026-08-15 07:47:36.413 -03:00 [INF] Request starting HTTP/2 GET https://localhost:7100/api/armazens - application/json null
2026-08-15 07:47:36.399 -03:00 [INF] Executed action GestaoArmazem.API.Controllers.RelatoriosController.Movimentacoes (GestaoArmazem.API) in 32.6263ms
2026-08-15 07:47:36.430 -03:00 [INF] Executing OkObjectResult, writing value of type 'System.Linq.Enumerable+SelectListIterator`2[[GestaoArmazem.Domain.Entities.Localizacao, GestaoArmazem.Domain, Version=1.0.0.0, Culture=neutral, PublicKeyToken=null],[GestaoArmazem.Application.DTOs.LocalizacaoDto, GestaoArmazem.Application, Version=1.0.0.0, Culture=neutral, PublicKeyToken=null]]'.
2026-08-15 07:47:36.408 -03:00 [INF] Executed action GestaoArmazem.API.Controllers.ArmazensController.Listar (GestaoArmazem.API) in 28.2946ms
2026-08-15 07:47:36.440 -03:00 [INF] CORS policy execution successful.
2026-08-15 07:47:36.464 -03:00 [INF] Request starting HTTP/2 GET https://localhost:7100/api/localizacoes - application/json null
2026-08-15 07:47:36.450 -03:00 [INF] CORS policy execution successful.
2026-08-15 07:47:36.456 -03:00 [INF] Executed endpoint 'GestaoArmazem.API.Controllers.RelatoriosController.Movimentacoes (GestaoArmazem.API)'
2026-08-15 07:47:36.461 -03:00 [INF] Executed action GestaoArmazem.API.Controllers.LocalizacoesController.Listar (GestaoArmazem.API) in 39.325ms
2026-08-15 07:47:36.359 -03:00 [INF] Executing OkObjectResult, writing value of type 'System.Linq.Enumerable+SelectListIterator`2[[GestaoArmazem.Domain.Entities.Produto, GestaoArmazem.Domain, Version=1.0.0.0, Culture=neutral, PublicKeyToken=null],[GestaoArmazem.Application.DTOs.ProdutoDto, GestaoArmazem.Application, Version=1.0.0.0, Culture=neutral, PublicKeyToken=null]]'.
2026-08-15 07:47:36.468 -03:00 [INF] Executed endpoint 'GestaoArmazem.API.Controllers.ArmazensController.Listar (GestaoArmazem.API)'
2026-08-15 07:47:36.472 -03:00 [INF] Executing endpoint 'GestaoArmazem.API.Controllers.RelatoriosController.Movimentacoes (GestaoArmazem.API)'
2026-08-15 07:47:36.484 -03:00 [INF] CORS policy execution successful.
2026-08-15 07:47:36.487 -03:00 [INF] Executing endpoint 'GestaoArmazem.API.Controllers.ArmazensController.Listar (GestaoArmazem.API)'
2026-08-15 07:47:36.492 -03:00 [INF] HTTP GET /api/relatorios/movimentacoes responded 200 in 349.4638 ms
2026-08-15 07:47:36.498 -03:00 [INF] Executed endpoint 'GestaoArmazem.API.Controllers.LocalizacoesController.Listar (GestaoArmazem.API)'
2026-08-15 07:47:36.504 -03:00 [INF] Executed action GestaoArmazem.API.Controllers.ProdutosController.Listar (GestaoArmazem.API) in 152.429ms
2026-08-15 07:47:36.508 -03:00 [INF] Request starting HTTP/2 GET https://localhost:7100/api/produtos?pagina=1&tamanhoPagina=20 - application/json null
2026-08-15 07:47:36.510 -03:00 [INF] HTTP GET /api/armazens responded 200 in 305.6411 ms
2026-08-15 07:47:36.516 -03:00 [INF] Route matched with {action = "Movimentacoes", controller = "Relatorios"}. Executing controller action with signature System.Threading.Tasks.Task`1[Microsoft.AspNetCore.Mvc.ActionResult`1[System.Collections.Generic.IEnumerable`1[GestaoArmazem.Application.DTOs.MovimentacaoRelatorioDto]]] Movimentacoes(System.Nullable`1[System.Guid], System.String, System.Nullable`1[System.DateTime], System.Nullable`1[System.DateTime], Int32, Int32) on controller GestaoArmazem.API.Controllers.RelatoriosController (GestaoArmazem.API).
2026-08-15 07:47:36.520 -03:00 [INF] Executing endpoint 'GestaoArmazem.API.Controllers.LocalizacoesController.Listar (GestaoArmazem.API)'
2026-08-15 07:47:36.525 -03:00 [INF] Route matched with {action = "Listar", controller = "Armazens"}. Executing controller action with signature System.Threading.Tasks.Task`1[Microsoft.AspNetCore.Mvc.ActionResult`1[System.Collections.Generic.IEnumerable`1[GestaoArmazem.Application.DTOs.ArmazemDto]]] Listar() on controller GestaoArmazem.API.Controllers.ArmazensController (GestaoArmazem.API).
2026-08-15 07:47:36.557 -03:00 [INF] CORS policy execution successful.
2026-08-15 07:47:36.589 -03:00 [INF] Route matched with {action = "Listar", controller = "Localizacoes"}. Executing controller action with signature System.Threading.Tasks.Task`1[Microsoft.AspNetCore.Mvc.ActionResult`1[System.Collections.Generic.IEnumerable`1[GestaoArmazem.Application.DTOs.LocalizacaoDto]]] Listar() on controller GestaoArmazem.API.Controllers.LocalizacoesController (GestaoArmazem.API).
2026-08-15 07:47:36.587 -03:00 [INF] Executing OkObjectResult, writing value of type 'System.Linq.Enumerable+SelectListIterator`2[[GestaoArmazem.Domain.Entities.MovimentacaoEstoque, GestaoArmazem.Domain, Version=1.0.0.0, Culture=neutral, PublicKeyToken=null],[GestaoArmazem.Application.DTOs.MovimentacaoRelatorioDto, GestaoArmazem.Application, Version=1.0.0.0, Culture=neutral, PublicKeyToken=null]]'.
2026-08-15 07:47:36.619 -03:00 [INF] Executing OkObjectResult, writing value of type 'System.Linq.Enumerable+SelectListIterator`2[[GestaoArmazem.Domain.Entities.Localizacao, GestaoArmazem.Domain, Version=1.0.0.0, Culture=neutral, PublicKeyToken=null],[GestaoArmazem.Application.DTOs.LocalizacaoDto, GestaoArmazem.Application, Version=1.0.0.0, Culture=neutral, PublicKeyToken=null]]'.
2026-08-15 07:47:36.604 -03:00 [INF] Executing endpoint 'GestaoArmazem.API.Controllers.ProdutosController.Listar (GestaoArmazem.API)'
2026-08-15 07:47:36.601 -03:00 [INF] Executing OkObjectResult, writing value of type 'System.Linq.Enumerable+SelectListIterator`2[[GestaoArmazem.Domain.Entities.Armazem, GestaoArmazem.Domain, Version=1.0.0.0, Culture=neutral, PublicKeyToken=null],[GestaoArmazem.Application.DTOs.ArmazemDto, GestaoArmazem.Application, Version=1.0.0.0, Culture=neutral, PublicKeyToken=null]]'.
2026-08-15 07:47:36.533 -03:00 [INF] Request finished HTTP/2 GET https://localhost:7100/api/relatorios/movimentacoes?pagina=1&tamanhoPagina=50 - 200 null application/json; charset=utf-8 447.7521ms
2026-08-15 07:47:36.538 -03:00 [INF] HTTP GET /api/localizacoes responded 200 in 246.6895 ms
2026-08-15 07:47:36.571 -03:00 [INF] Request finished HTTP/2 GET https://localhost:7100/api/armazens - 200 null application/json; charset=utf-8 470.9635ms
2026-08-15 07:47:36.544 -03:00 [INF] Executed endpoint 'GestaoArmazem.API.Controllers.ProdutosController.Listar (GestaoArmazem.API)'
2026-08-15 07:47:36.625 -03:00 [INF] Executed action GestaoArmazem.API.Controllers.RelatoriosController.Movimentacoes (GestaoArmazem.API) in 47.4969ms
2026-08-15 07:47:36.631 -03:00 [INF] Executed action GestaoArmazem.API.Controllers.LocalizacoesController.Listar (GestaoArmazem.API) in 17.7783ms
2026-08-15 07:47:36.635 -03:00 [INF] Route matched with {action = "Listar", controller = "Produtos"}. Executing controller action with signature System.Threading.Tasks.Task`1[Microsoft.AspNetCore.Mvc.ActionResult`1[System.Collections.Generic.IEnumerable`1[GestaoArmazem.Application.DTOs.ProdutoDto]]] Listar(Int32, Int32) on controller GestaoArmazem.API.Controllers.ProdutosController (GestaoArmazem.API).
2026-08-15 07:47:36.640 -03:00 [INF] Executed action GestaoArmazem.API.Controllers.ArmazensController.Listar (GestaoArmazem.API) in 44.7144ms
2026-08-15 07:47:36.692 -03:00 [INF] Executed endpoint 'GestaoArmazem.API.Controllers.LocalizacoesController.Listar (GestaoArmazem.API)'
2026-08-15 07:47:36.687 -03:00 [INF] Executed endpoint 'GestaoArmazem.API.Controllers.RelatoriosController.Movimentacoes (GestaoArmazem.API)'
2026-08-15 07:47:36.661 -03:00 [INF] Request finished HTTP/2 GET https://localhost:7100/api/localizacoes - 200 null application/json; charset=utf-8 473.5146ms
2026-08-15 07:47:36.706 -03:00 [INF] Executing OkObjectResult, writing value of type 'System.Linq.Enumerable+SelectListIterator`2[[GestaoArmazem.Domain.Entities.Produto, GestaoArmazem.Domain, Version=1.0.0.0, Culture=neutral, PublicKeyToken=null],[GestaoArmazem.Application.DTOs.ProdutoDto, GestaoArmazem.Application, Version=1.0.0.0, Culture=neutral, PublicKeyToken=null]]'.
2026-08-15 07:47:36.681 -03:00 [INF] HTTP GET /api/produtos responded 200 in 570.9064 ms
2026-08-15 07:47:36.709 -03:00 [INF] Executed endpoint 'GestaoArmazem.API.Controllers.ArmazensController.Listar (GestaoArmazem.API)'
2026-08-15 07:47:36.714 -03:00 [INF] HTTP GET /api/localizacoes responded 200 in 230.6611 ms
2026-08-15 07:47:36.718 -03:00 [INF] HTTP GET /api/relatorios/movimentacoes responded 200 in 278.0075 ms
2026-08-15 07:47:36.737 -03:00 [INF] Executed action GestaoArmazem.API.Controllers.ProdutosController.Listar (GestaoArmazem.API) in 35.8381ms
2026-08-15 07:47:36.744 -03:00 [INF] Request finished HTTP/2 GET https://localhost:7100/api/produtos?pagina=1&tamanhoPagina=20 - 200 null application/json; charset=utf-8 673.0941ms
2026-08-15 07:47:36.748 -03:00 [INF] HTTP GET /api/armazens responded 200 in 298.1879 ms
2026-08-15 07:47:36.755 -03:00 [INF] Request finished HTTP/2 GET https://localhost:7100/api/localizacoes - 200 null application/json; charset=utf-8 291.1566ms
2026-08-15 07:47:36.762 -03:00 [INF] Request finished HTTP/2 GET https://localhost:7100/api/relatorios/movimentacoes?pagina=1&tamanhoPagina=50 - 200 null application/json; charset=utf-8 359.7215ms
2026-08-15 07:47:36.769 -03:00 [INF] Executed endpoint 'GestaoArmazem.API.Controllers.ProdutosController.Listar (GestaoArmazem.API)'
2026-08-15 07:47:36.786 -03:00 [INF] Request finished HTTP/2 GET https://localhost:7100/api/armazens - 200 null application/json; charset=utf-8 376.1418ms
2026-08-15 07:47:36.821 -03:00 [INF] HTTP GET /api/produtos responded 200 in 264.0636 ms
2026-08-15 07:47:36.843 -03:00 [INF] Request finished HTTP/2 GET https://localhost:7100/api/produtos?pagina=1&tamanhoPagina=20 - 200 null application/json; charset=utf-8 335.8414ms
2026-08-15 07:47:45.590 -03:00 [INF] Request starting HTTP/2 OPTIONS https://localhost:7100/api/produtos?pagina=1&tamanhoPagina=20 - null null
2026-08-15 07:47:45.604 -03:00 [INF] Request starting HTTP/2 OPTIONS https://localhost:7100/api/pedidos-recebimento?pagina=1&tamanhoPagina=20 - null null
2026-08-15 07:47:45.605 -03:00 [INF] Request starting HTTP/2 OPTIONS https://localhost:7100/api/pedidos-recebimento?pagina=1&tamanhoPagina=20 - null null
2026-08-15 07:47:45.606 -03:00 [INF] Request starting HTTP/2 OPTIONS https://localhost:7100/api/pedidos-expedicao?pagina=1&tamanhoPagina=20 - null null
2026-08-15 07:47:45.606 -03:00 [INF] Request starting HTTP/2 OPTIONS https://localhost:7100/api/produtos?pagina=1&tamanhoPagina=20 - null null
2026-08-15 07:47:45.604 -03:00 [INF] Request starting HTTP/2 OPTIONS https://localhost:7100/api/pedidos-expedicao?pagina=1&tamanhoPagina=20 - null null
2026-08-15 07:47:45.617 -03:00 [INF] CORS policy execution successful.
2026-08-15 07:47:45.630 -03:00 [INF] CORS policy execution successful.
2026-08-15 07:47:45.640 -03:00 [INF] CORS policy execution successful.
2026-08-15 07:47:45.652 -03:00 [INF] CORS policy execution successful.
2026-08-15 07:47:45.666 -03:00 [INF] CORS policy execution successful.
2026-08-15 07:47:45.684 -03:00 [INF] CORS policy execution successful.
2026-08-15 07:47:45.714 -03:00 [INF] HTTP OPTIONS /api/pedidos-expedicao responded 204 in 29.9866 ms
2026-08-15 07:47:45.689 -03:00 [INF] HTTP OPTIONS /api/pedidos-recebimento responded 204 in 58.7502 ms
2026-08-15 07:47:45.705 -03:00 [INF] HTTP OPTIONS /api/produtos responded 204 in 40.0307 ms
2026-08-15 07:47:45.738 -03:00 [INF] Request starting HTTP/2 GET https://localhost:7100/api/pedidos-expedicao?pagina=1&tamanhoPagina=20 - application/json null
2026-08-15 07:47:45.751 -03:00 [INF] Request starting HTTP/2 GET https://localhost:7100/api/pedidos-recebimento?pagina=1&tamanhoPagina=20 - application/json null
2026-08-15 07:47:45.757 -03:00 [INF] Request finished HTTP/2 OPTIONS https://localhost:7100/api/produtos?pagina=1&tamanhoPagina=20 - 204 null null 152.1664ms
2026-08-15 07:47:45.729 -03:00 [INF] Request finished HTTP/2 OPTIONS https://localhost:7100/api/pedidos-expedicao?pagina=1&tamanhoPagina=20 - 204 null null 125.2092ms
2026-08-15 07:47:45.702 -03:00 [INF] HTTP OPTIONS /api/pedidos-expedicao responded 204 in 50.6273 ms
2026-08-15 07:47:45.740 -03:00 [INF] Request finished HTTP/2 OPTIONS https://localhost:7100/api/pedidos-recebimento?pagina=1&tamanhoPagina=20 - 204 null null 136.0171ms
2026-08-15 07:47:45.699 -03:00 [INF] HTTP OPTIONS /api/pedidos-recebimento responded 204 in 59.3403 ms
2026-08-15 07:47:45.686 -03:00 [INF] HTTP OPTIONS /api/produtos responded 204 in 69.1639 ms
2026-08-15 07:47:45.765 -03:00 [INF] Request starting HTTP/2 GET https://localhost:7100/api/produtos?pagina=1&tamanhoPagina=20 - application/json null
2026-08-15 07:47:45.772 -03:00 [INF] CORS policy execution successful.
2026-08-15 07:47:45.783 -03:00 [INF] CORS policy execution successful.
2026-08-15 07:47:45.816 -03:00 [INF] Request finished HTTP/2 OPTIONS https://localhost:7100/api/pedidos-expedicao?pagina=1&tamanhoPagina=20 - 204 null null 211.261ms
2026-08-15 07:47:45.835 -03:00 [INF] Request finished HTTP/2 OPTIONS https://localhost:7100/api/pedidos-recebimento?pagina=1&tamanhoPagina=20 - 204 null null 230.189ms
2026-08-15 07:47:45.842 -03:00 [INF] Request finished HTTP/2 OPTIONS https://localhost:7100/api/produtos?pagina=1&tamanhoPagina=20 - 204 null null 252.8002ms
2026-08-15 07:47:45.852 -03:00 [INF] CORS policy execution successful.
2026-08-15 07:47:45.855 -03:00 [INF] Executing endpoint 'GestaoArmazem.API.Controllers.PedidosExpedicaoController.Listar (GestaoArmazem.API)'
2026-08-15 07:47:45.858 -03:00 [INF] Executing endpoint 'GestaoArmazem.API.Controllers.PedidosRecebimentoController.Listar (GestaoArmazem.API)'
2026-08-15 07:47:45.898 -03:00 [INF] Executing endpoint 'GestaoArmazem.API.Controllers.ProdutosController.Listar (GestaoArmazem.API)'
2026-08-15 07:47:45.902 -03:00 [INF] Route matched with {action = "Listar", controller = "PedidosExpedicao"}. Executing controller action with signature System.Threading.Tasks.Task`1[Microsoft.AspNetCore.Mvc.ActionResult`1[System.Collections.Generic.IEnumerable`1[GestaoArmazem.Application.DTOs.PedidoExpedicaoDto]]] Listar(Int32, Int32) on controller GestaoArmazem.API.Controllers.PedidosExpedicaoController (GestaoArmazem.API).
2026-08-15 07:47:45.906 -03:00 [INF] Route matched with {action = "Listar", controller = "PedidosRecebimento"}. Executing controller action with signature System.Threading.Tasks.Task`1[Microsoft.AspNetCore.Mvc.ActionResult`1[System.Collections.Generic.IEnumerable`1[GestaoArmazem.Application.DTOs.PedidoRecebimentoDto]]] Listar(Int32, Int32) on controller GestaoArmazem.API.Controllers.PedidosRecebimentoController (GestaoArmazem.API).
2026-08-15 07:47:45.910 -03:00 [INF] Route matched with {action = "Listar", controller = "Produtos"}. Executing controller action with signature System.Threading.Tasks.Task`1[Microsoft.AspNetCore.Mvc.ActionResult`1[System.Collections.Generic.IEnumerable`1[GestaoArmazem.Application.DTOs.ProdutoDto]]] Listar(Int32, Int32) on controller GestaoArmazem.API.Controllers.ProdutosController (GestaoArmazem.API).
2026-08-15 07:47:45.933 -03:00 [INF] Executing OkObjectResult, writing value of type 'System.Collections.Generic.List`1[[GestaoArmazem.Application.DTOs.PedidoExpedicaoDto, GestaoArmazem.Application, Version=1.0.0.0, Culture=neutral, PublicKeyToken=null]]'.
2026-08-15 07:47:45.948 -03:00 [INF] Executing OkObjectResult, writing value of type 'System.Collections.Generic.List`1[[GestaoArmazem.Application.DTOs.PedidoRecebimentoDto, GestaoArmazem.Application, Version=1.0.0.0, Culture=neutral, PublicKeyToken=null]]'.
2026-08-15 07:47:45.951 -03:00 [INF] Executed action GestaoArmazem.API.Controllers.PedidosExpedicaoController.Listar (GestaoArmazem.API) in 34.4972ms
2026-08-15 07:47:45.958 -03:00 [INF] Executed action GestaoArmazem.API.Controllers.PedidosRecebimentoController.Listar (GestaoArmazem.API) in 30.1549ms
2026-08-15 07:47:45.946 -03:00 [INF] Executing OkObjectResult, writing value of type 'System.Linq.Enumerable+SelectListIterator`2[[GestaoArmazem.Domain.Entities.Produto, GestaoArmazem.Domain, Version=1.0.0.0, Culture=neutral, PublicKeyToken=null],[GestaoArmazem.Application.DTOs.ProdutoDto, GestaoArmazem.Application, Version=1.0.0.0, Culture=neutral, PublicKeyToken=null]]'.
2026-08-15 07:47:45.955 -03:00 [INF] Request starting HTTP/2 GET https://localhost:7100/api/pedidos-expedicao?pagina=1&tamanhoPagina=20 - application/json null
2026-08-15 07:47:45.997 -03:00 [INF] Executed endpoint 'GestaoArmazem.API.Controllers.PedidosRecebimentoController.Listar (GestaoArmazem.API)'
2026-08-15 07:47:45.964 -03:00 [INF] Request starting HTTP/2 GET https://localhost:7100/api/pedidos-recebimento?pagina=1&tamanhoPagina=20 - application/json null
2026-08-15 07:47:45.991 -03:00 [INF] Executed endpoint 'GestaoArmazem.API.Controllers.PedidosExpedicaoController.Listar (GestaoArmazem.API)'
2026-08-15 07:47:46.001 -03:00 [INF] Executed action GestaoArmazem.API.Controllers.ProdutosController.Listar (GestaoArmazem.API) in 61.1194ms
2026-08-15 07:47:46.005 -03:00 [INF] Request starting HTTP/2 GET https://localhost:7100/api/produtos?pagina=1&tamanhoPagina=20 - application/json null
2026-08-15 07:47:46.011 -03:00 [INF] CORS policy execution successful.
2026-08-15 07:47:46.015 -03:00 [INF] HTTP GET /api/pedidos-recebimento responded 200 in 231.6794 ms
2026-08-15 07:47:46.026 -03:00 [INF] CORS policy execution successful.
2026-08-15 07:47:46.030 -03:00 [INF] HTTP GET /api/pedidos-expedicao responded 200 in 257.8823 ms
2026-08-15 07:47:46.035 -03:00 [INF] Executed endpoint 'GestaoArmazem.API.Controllers.ProdutosController.Listar (GestaoArmazem.API)'
2026-08-15 07:47:46.045 -03:00 [INF] CORS policy execution successful.
2026-08-15 07:47:46.049 -03:00 [INF] Executing endpoint 'GestaoArmazem.API.Controllers.PedidosExpedicaoController.Listar (GestaoArmazem.API)'
2026-08-15 07:47:46.057 -03:00 [INF] Request finished HTTP/2 GET https://localhost:7100/api/pedidos-recebimento?pagina=1&tamanhoPagina=20 - 200 null application/json; charset=utf-8 306.534ms
2026-08-15 07:47:46.062 -03:00 [INF] Executing endpoint 'GestaoArmazem.API.Controllers.PedidosRecebimentoController.Listar (GestaoArmazem.API)'
2026-08-15 07:47:46.071 -03:00 [INF] Request finished HTTP/2 GET https://localhost:7100/api/pedidos-expedicao?pagina=1&tamanhoPagina=20 - 200 null application/json; charset=utf-8 333.2688ms
2026-08-15 07:47:46.075 -03:00 [INF] HTTP GET /api/produtos responded 200 in 223.1704 ms
2026-08-15 07:47:46.080 -03:00 [INF] Executing endpoint 'GestaoArmazem.API.Controllers.ProdutosController.Listar (GestaoArmazem.API)'
2026-08-15 07:47:46.084 -03:00 [INF] Route matched with {action = "Listar", controller = "PedidosExpedicao"}. Executing controller action with signature System.Threading.Tasks.Task`1[Microsoft.AspNetCore.Mvc.ActionResult`1[System.Collections.Generic.IEnumerable`1[GestaoArmazem.Application.DTOs.PedidoExpedicaoDto]]] Listar(Int32, Int32) on controller GestaoArmazem.API.Controllers.PedidosExpedicaoController (GestaoArmazem.API).
2026-08-15 07:47:46.105 -03:00 [INF] Route matched with {action = "Listar", controller = "PedidosRecebimento"}. Executing controller action with signature System.Threading.Tasks.Task`1[Microsoft.AspNetCore.Mvc.ActionResult`1[System.Collections.Generic.IEnumerable`1[GestaoArmazem.Application.DTOs.PedidoRecebimentoDto]]] Listar(Int32, Int32) on controller GestaoArmazem.API.Controllers.PedidosRecebimentoController (GestaoArmazem.API).
2026-08-15 07:47:46.129 -03:00 [INF] Route matched with {action = "Listar", controller = "Produtos"}. Executing controller action with signature System.Threading.Tasks.Task`1[Microsoft.AspNetCore.Mvc.ActionResult`1[System.Collections.Generic.IEnumerable`1[GestaoArmazem.Application.DTOs.ProdutoDto]]] Listar(Int32, Int32) on controller GestaoArmazem.API.Controllers.ProdutosController (GestaoArmazem.API).
2026-08-15 07:47:46.125 -03:00 [INF] Request finished HTTP/2 GET https://localhost:7100/api/produtos?pagina=1&tamanhoPagina=20 - 200 null application/json; charset=utf-8 361.5923ms
2026-08-15 07:47:46.170 -03:00 [INF] Executing OkObjectResult, writing value of type 'System.Linq.Enumerable+SelectListIterator`2[[GestaoArmazem.Domain.Entities.Produto, GestaoArmazem.Domain, Version=1.0.0.0, Culture=neutral, PublicKeyToken=null],[GestaoArmazem.Application.DTOs.ProdutoDto, GestaoArmazem.Application, Version=1.0.0.0, Culture=neutral, PublicKeyToken=null]]'.
2026-08-15 07:47:46.147 -03:00 [INF] Executing OkObjectResult, writing value of type 'System.Collections.Generic.List`1[[GestaoArmazem.Application.DTOs.PedidoExpedicaoDto, GestaoArmazem.Application, Version=1.0.0.0, Culture=neutral, PublicKeyToken=null]]'.
2026-08-15 07:47:46.163 -03:00 [INF] Executing OkObjectResult, writing value of type 'System.Collections.Generic.List`1[[GestaoArmazem.Application.DTOs.PedidoRecebimentoDto, GestaoArmazem.Application, Version=1.0.0.0, Culture=neutral, PublicKeyToken=null]]'.
2026-08-15 07:47:46.190 -03:00 [INF] Executed action GestaoArmazem.API.Controllers.ProdutosController.Listar (GestaoArmazem.API) in 25.7161ms
2026-08-15 07:47:46.197 -03:00 [INF] Executed action GestaoArmazem.API.Controllers.PedidosExpedicaoController.Listar (GestaoArmazem.API) in 61.8766ms
2026-08-15 07:47:46.203 -03:00 [INF] Executed action GestaoArmazem.API.Controllers.PedidosRecebimentoController.Listar (GestaoArmazem.API) in 53.3526ms
2026-08-15 07:47:46.209 -03:00 [INF] Executed endpoint 'GestaoArmazem.API.Controllers.ProdutosController.Listar (GestaoArmazem.API)'
2026-08-15 07:47:46.216 -03:00 [INF] Executed endpoint 'GestaoArmazem.API.Controllers.PedidosExpedicaoController.Listar (GestaoArmazem.API)'
2026-08-15 07:47:46.222 -03:00 [INF] Executed endpoint 'GestaoArmazem.API.Controllers.PedidosRecebimentoController.Listar (GestaoArmazem.API)'
2026-08-15 07:47:46.227 -03:00 [INF] HTTP GET /api/produtos responded 200 in 181.5013 ms
2026-08-15 07:47:46.233 -03:00 [INF] HTTP GET /api/pedidos-expedicao responded 200 in 221.6403 ms
2026-08-15 07:47:46.238 -03:00 [INF] HTTP GET /api/pedidos-recebimento responded 200 in 212.0264 ms
2026-08-15 07:47:46.358 -03:00 [INF] Request finished HTTP/2 GET https://localhost:7100/api/produtos?pagina=1&tamanhoPagina=20 - 200 null application/json; charset=utf-8 353.7768ms
2026-08-15 07:47:46.380 -03:00 [INF] Request finished HTTP/2 GET https://localhost:7100/api/pedidos-expedicao?pagina=1&tamanhoPagina=20 - 200 null application/json; charset=utf-8 425.8999ms
2026-08-15 07:47:46.388 -03:00 [INF] Request finished HTTP/2 GET https://localhost:7100/api/pedidos-recebimento?pagina=1&tamanhoPagina=20 - 200 null application/json; charset=utf-8 423.8733ms
2026-08-15 07:47:54.547 -03:00 [INF] Request starting HTTP/2 OPTIONS https://localhost:7100/api/pedidos-recebimento?pagina=1&tamanhoPagina=21 - null null
2026-08-15 07:47:54.563 -03:00 [INF] Request starting HTTP/2 OPTIONS https://localhost:7100/api/pedidos-recebimento?pagina=1&tamanhoPagina=21 - null null
2026-08-15 07:47:54.566 -03:00 [INF] Request starting HTTP/2 OPTIONS https://localhost:7100/api/fornecedores - null null
2026-08-15 07:47:54.567 -03:00 [INF] Request starting HTTP/2 OPTIONS https://localhost:7100/api/fornecedores - null null
2026-08-15 07:47:54.597 -03:00 [INF] CORS policy execution successful.
2026-08-15 07:47:54.617 -03:00 [INF] CORS policy execution successful.
2026-08-15 07:47:54.628 -03:00 [INF] CORS policy execution successful.
2026-08-15 07:47:54.637 -03:00 [INF] CORS policy execution successful.
2026-08-15 07:47:54.640 -03:00 [INF] HTTP OPTIONS /api/pedidos-recebimento responded 204 in 43.2354 ms
2026-08-15 07:47:54.647 -03:00 [INF] HTTP OPTIONS /api/pedidos-recebimento responded 204 in 30.0461 ms
2026-08-15 07:47:54.649 -03:00 [INF] HTTP OPTIONS /api/fornecedores responded 204 in 21.9350 ms
2026-08-15 07:47:54.662 -03:00 [INF] Request finished HTTP/2 OPTIONS https://localhost:7100/api/pedidos-recebimento?pagina=1&tamanhoPagina=21 - 204 null null 115.8094ms
2026-08-15 07:47:54.685 -03:00 [INF] Request finished HTTP/2 OPTIONS https://localhost:7100/api/fornecedores - 204 null null 120.2171ms
2026-08-15 07:47:54.675 -03:00 [INF] Request finished HTTP/2 OPTIONS https://localhost:7100/api/pedidos-recebimento?pagina=1&tamanhoPagina=21 - 204 null null 112.1787ms
2026-08-15 07:47:54.674 -03:00 [INF] Request starting HTTP/2 GET https://localhost:7100/api/pedidos-recebimento?pagina=1&tamanhoPagina=21 - application/json null
2026-08-15 07:47:54.652 -03:00 [INF] HTTP OPTIONS /api/fornecedores responded 204 in 15.2085 ms
2026-08-15 07:47:54.697 -03:00 [INF] Request starting HTTP/2 GET https://localhost:7100/api/fornecedores - application/json null
2026-08-15 07:47:54.738 -03:00 [INF] CORS policy execution successful.
2026-08-15 07:47:54.745 -03:00 [INF] Request finished HTTP/2 OPTIONS https://localhost:7100/api/fornecedores - 204 null null 190.2779ms
2026-08-15 07:47:54.756 -03:00 [INF] CORS policy execution successful.
2026-08-15 07:47:54.760 -03:00 [INF] Executing endpoint 'GestaoArmazem.API.Controllers.PedidosRecebimentoController.Listar (GestaoArmazem.API)'
2026-08-15 07:47:54.777 -03:00 [INF] Executing endpoint 'GestaoArmazem.API.Controllers.FornecedoresController.Listar (GestaoArmazem.API)'
2026-08-15 07:47:54.782 -03:00 [INF] Route matched with {action = "Listar", controller = "PedidosRecebimento"}. Executing controller action with signature System.Threading.Tasks.Task`1[Microsoft.AspNetCore.Mvc.ActionResult`1[System.Collections.Generic.IEnumerable`1[GestaoArmazem.Application.DTOs.PedidoRecebimentoDto]]] Listar(Int32, Int32) on controller GestaoArmazem.API.Controllers.PedidosRecebimentoController (GestaoArmazem.API).
2026-08-15 07:47:54.786 -03:00 [INF] Route matched with {action = "Listar", controller = "Fornecedores"}. Executing controller action with signature System.Threading.Tasks.Task`1[Microsoft.AspNetCore.Mvc.ActionResult`1[System.Collections.Generic.IEnumerable`1[GestaoArmazem.Application.DTOs.FornecedorDto]]] Listar() on controller GestaoArmazem.API.Controllers.FornecedoresController (GestaoArmazem.API).
2026-08-15 07:47:54.806 -03:00 [INF] Executing OkObjectResult, writing value of type 'System.Collections.Generic.List`1[[GestaoArmazem.Application.DTOs.PedidoRecebimentoDto, GestaoArmazem.Application, Version=1.0.0.0, Culture=neutral, PublicKeyToken=null]]'.
2026-08-15 07:47:54.817 -03:00 [INF] Executing OkObjectResult, writing value of type 'System.Linq.Enumerable+SelectListIterator`2[[GestaoArmazem.Domain.Entities.Fornecedor, GestaoArmazem.Domain, Version=1.0.0.0, Culture=neutral, PublicKeyToken=null],[GestaoArmazem.Application.DTOs.FornecedorDto, GestaoArmazem.Application, Version=1.0.0.0, Culture=neutral, PublicKeyToken=null]]'.
2026-08-15 07:47:54.819 -03:00 [INF] Executed action GestaoArmazem.API.Controllers.PedidosRecebimentoController.Listar (GestaoArmazem.API) in 25.2441ms
2026-08-15 07:47:54.827 -03:00 [INF] Executed action GestaoArmazem.API.Controllers.FornecedoresController.Listar (GestaoArmazem.API) in 19.1087ms
2026-08-15 07:47:54.824 -03:00 [INF] Request starting HTTP/2 GET https://localhost:7100/api/pedidos-recebimento?pagina=1&tamanhoPagina=21 - application/json null
2026-08-15 07:47:54.831 -03:00 [INF] Request starting HTTP/2 GET https://localhost:7100/api/fornecedores - application/json null
2026-08-15 07:47:54.833 -03:00 [INF] Executed endpoint 'GestaoArmazem.API.Controllers.PedidosRecebimentoController.Listar (GestaoArmazem.API)'
2026-08-15 07:47:54.839 -03:00 [INF] Executed endpoint 'GestaoArmazem.API.Controllers.FornecedoresController.Listar (GestaoArmazem.API)'
2026-08-15 07:47:54.850 -03:00 [INF] CORS policy execution successful.
2026-08-15 07:47:54.861 -03:00 [INF] CORS policy execution successful.
2026-08-15 07:47:54.865 -03:00 [INF] HTTP GET /api/pedidos-recebimento responded 200 in 127.5959 ms
2026-08-15 07:47:54.870 -03:00 [INF] HTTP GET /api/fornecedores responded 200 in 113.6811 ms
2026-08-15 07:47:54.874 -03:00 [INF] Executing endpoint 'GestaoArmazem.API.Controllers.PedidosRecebimentoController.Listar (GestaoArmazem.API)'
2026-08-15 07:47:54.877 -03:00 [INF] Executing endpoint 'GestaoArmazem.API.Controllers.FornecedoresController.Listar (GestaoArmazem.API)'
2026-08-15 07:47:54.885 -03:00 [INF] Request finished HTTP/2 GET https://localhost:7100/api/pedidos-recebimento?pagina=1&tamanhoPagina=21 - 200 null application/json; charset=utf-8 212.889ms
2026-08-15 07:47:54.893 -03:00 [INF] Request finished HTTP/2 GET https://localhost:7100/api/fornecedores - 200 null application/json; charset=utf-8 196.9499ms
2026-08-15 07:47:54.898 -03:00 [INF] Route matched with {action = "Listar", controller = "PedidosRecebimento"}. Executing controller action with signature System.Threading.Tasks.Task`1[Microsoft.AspNetCore.Mvc.ActionResult`1[System.Collections.Generic.IEnumerable`1[GestaoArmazem.Application.DTOs.PedidoRecebimentoDto]]] Listar(Int32, Int32) on controller GestaoArmazem.API.Controllers.PedidosRecebimentoController (GestaoArmazem.API).
2026-08-15 07:47:54.902 -03:00 [INF] Route matched with {action = "Listar", controller = "Fornecedores"}. Executing controller action with signature System.Threading.Tasks.Task`1[Microsoft.AspNetCore.Mvc.ActionResult`1[System.Collections.Generic.IEnumerable`1[GestaoArmazem.Application.DTOs.FornecedorDto]]] Listar() on controller GestaoArmazem.API.Controllers.FornecedoresController (GestaoArmazem.API).
2026-08-15 07:47:54.948 -03:00 [INF] Executing OkObjectResult, writing value of type 'System.Collections.Generic.List`1[[GestaoArmazem.Application.DTOs.PedidoRecebimentoDto, GestaoArmazem.Application, Version=1.0.0.0, Culture=neutral, PublicKeyToken=null]]'.
2026-08-15 07:47:54.955 -03:00 [INF] Executing OkObjectResult, writing value of type 'System.Linq.Enumerable+SelectListIterator`2[[GestaoArmazem.Domain.Entities.Fornecedor, GestaoArmazem.Domain, Version=1.0.0.0, Culture=neutral, PublicKeyToken=null],[GestaoArmazem.Application.DTOs.FornecedorDto, GestaoArmazem.Application, Version=1.0.0.0, Culture=neutral, PublicKeyToken=null]]'.
2026-08-15 07:47:54.960 -03:00 [INF] Executed action GestaoArmazem.API.Controllers.PedidosRecebimentoController.Listar (GestaoArmazem.API) in 25.5184ms
2026-08-15 07:47:54.966 -03:00 [INF] Executed action GestaoArmazem.API.Controllers.FornecedoresController.Listar (GestaoArmazem.API) in 16.492ms
2026-08-15 07:47:54.971 -03:00 [INF] Executed endpoint 'GestaoArmazem.API.Controllers.PedidosRecebimentoController.Listar (GestaoArmazem.API)'
2026-08-15 07:47:54.977 -03:00 [INF] Executed endpoint 'GestaoArmazem.API.Controllers.FornecedoresController.Listar (GestaoArmazem.API)'
2026-08-15 07:47:54.981 -03:00 [INF] HTTP GET /api/pedidos-recebimento responded 200 in 131.4310 ms
2026-08-15 07:47:54.986 -03:00 [INF] HTTP GET /api/fornecedores responded 200 in 124.9127 ms
2026-08-15 07:47:54.994 -03:00 [INF] Request finished HTTP/2 GET https://localhost:7100/api/pedidos-recebimento?pagina=1&tamanhoPagina=21 - 200 null application/json; charset=utf-8 172.0751ms
2026-08-15 07:47:55.003 -03:00 [INF] Request finished HTTP/2 GET https://localhost:7100/api/fornecedores - 200 null application/json; charset=utf-8 172.4576ms
2026-08-15 07:47:58.300 -03:00 [INF] Request starting HTTP/2 GET https://localhost:7100/api/fornecedores - application/json null
2026-08-15 07:47:58.306 -03:00 [INF] Request starting HTTP/2 OPTIONS https://localhost:7100/api/produtos?pagina=1&tamanhoPagina=20 - null null
2026-08-15 07:47:58.311 -03:00 [INF] Request starting HTTP/2 OPTIONS https://localhost:7100/api/produtos?pagina=1&tamanhoPagina=20 - null null
2026-08-15 07:47:58.329 -03:00 [INF] CORS policy execution successful.
2026-08-15 07:47:58.346 -03:00 [INF] CORS policy execution successful.
2026-08-15 07:47:58.369 -03:00 [INF] CORS policy execution successful.
2026-08-15 07:47:58.374 -03:00 [INF] Executing endpoint 'GestaoArmazem.API.Controllers.FornecedoresController.Listar (GestaoArmazem.API)'
2026-08-15 07:47:58.377 -03:00 [INF] HTTP OPTIONS /api/produtos responded 204 in 31.3859 ms
2026-08-15 07:47:58.381 -03:00 [INF] HTTP OPTIONS /api/produtos responded 204 in 11.5078 ms
2026-08-15 07:47:58.399 -03:00 [INF] Request starting HTTP/2 GET https://localhost:7100/api/produtos?pagina=1&tamanhoPagina=20 - application/json null
2026-08-15 07:47:58.392 -03:00 [INF] Request finished HTTP/2 OPTIONS https://localhost:7100/api/produtos?pagina=1&tamanhoPagina=20 - 204 null null 88.279ms
2026-08-15 07:47:58.386 -03:00 [INF] Route matched with {action = "Listar", controller = "Fornecedores"}. Executing controller action with signature System.Threading.Tasks.Task`1[Microsoft.AspNetCore.Mvc.ActionResult`1[System.Collections.Generic.IEnumerable`1[GestaoArmazem.Application.DTOs.FornecedorDto]]] Listar() on controller GestaoArmazem.API.Controllers.FornecedoresController (GestaoArmazem.API).
2026-08-15 07:47:58.400 -03:00 [INF] Request finished HTTP/2 OPTIONS https://localhost:7100/api/produtos?pagina=1&tamanhoPagina=20 - 204 null null 90.8772ms
2026-08-15 07:47:58.411 -03:00 [INF] CORS policy execution successful.
2026-08-15 07:47:58.436 -03:00 [INF] Executing OkObjectResult, writing value of type 'System.Linq.Enumerable+SelectListIterator`2[[GestaoArmazem.Domain.Entities.Fornecedor, GestaoArmazem.Domain, Version=1.0.0.0, Culture=neutral, PublicKeyToken=null],[GestaoArmazem.Application.DTOs.FornecedorDto, GestaoArmazem.Application, Version=1.0.0.0, Culture=neutral, PublicKeyToken=null]]'.
2026-08-15 07:47:58.451 -03:00 [INF] Executing endpoint 'GestaoArmazem.API.Controllers.ProdutosController.Listar (GestaoArmazem.API)'
2026-08-15 07:47:58.457 -03:00 [INF] Executed action GestaoArmazem.API.Controllers.FornecedoresController.Listar (GestaoArmazem.API) in 27.2124ms
2026-08-15 07:47:58.462 -03:00 [INF] Request starting HTTP/2 GET https://localhost:7100/api/fornecedores - application/json null
2026-08-15 07:47:58.464 -03:00 [INF] Route matched with {action = "Listar", controller = "Produtos"}. Executing controller action with signature System.Threading.Tasks.Task`1[Microsoft.AspNetCore.Mvc.ActionResult`1[System.Collections.Generic.IEnumerable`1[GestaoArmazem.Application.DTOs.ProdutoDto]]] Listar(Int32, Int32) on controller GestaoArmazem.API.Controllers.ProdutosController (GestaoArmazem.API).
2026-08-15 07:47:58.470 -03:00 [INF] Executed endpoint 'GestaoArmazem.API.Controllers.FornecedoresController.Listar (GestaoArmazem.API)'
2026-08-15 07:47:58.493 -03:00 [INF] Executing OkObjectResult, writing value of type 'System.Linq.Enumerable+SelectListIterator`2[[GestaoArmazem.Domain.Entities.Produto, GestaoArmazem.Domain, Version=1.0.0.0, Culture=neutral, PublicKeyToken=null],[GestaoArmazem.Application.DTOs.ProdutoDto, GestaoArmazem.Application, Version=1.0.0.0, Culture=neutral, PublicKeyToken=null]]'.
2026-08-15 07:47:58.481 -03:00 [INF] CORS policy execution successful.
2026-08-15 07:47:58.502 -03:00 [INF] Executed action GestaoArmazem.API.Controllers.ProdutosController.Listar (GestaoArmazem.API) in 15.0396ms
2026-08-15 07:47:58.497 -03:00 [INF] HTTP GET /api/fornecedores responded 200 in 168.3512 ms
2026-08-15 07:47:58.506 -03:00 [INF] Request starting HTTP/2 GET https://localhost:7100/api/produtos?pagina=1&tamanhoPagina=20 - application/json null
2026-08-15 07:47:58.507 -03:00 [INF] Executing endpoint 'GestaoArmazem.API.Controllers.FornecedoresController.Listar (GestaoArmazem.API)'
2026-08-15 07:47:58.512 -03:00 [INF] Executed endpoint 'GestaoArmazem.API.Controllers.ProdutosController.Listar (GestaoArmazem.API)'
2026-08-15 07:47:58.521 -03:00 [INF] Request finished HTTP/2 GET https://localhost:7100/api/fornecedores - 200 null application/json; charset=utf-8 221.1143ms
2026-08-15 07:47:58.533 -03:00 [INF] CORS policy execution successful.
2026-08-15 07:47:58.537 -03:00 [INF] Route matched with {action = "Listar", controller = "Fornecedores"}. Executing controller action with signature System.Threading.Tasks.Task`1[Microsoft.AspNetCore.Mvc.ActionResult`1[System.Collections.Generic.IEnumerable`1[GestaoArmazem.Application.DTOs.FornecedorDto]]] Listar() on controller GestaoArmazem.API.Controllers.FornecedoresController (GestaoArmazem.API).
2026-08-15 07:47:58.542 -03:00 [INF] HTTP GET /api/produtos responded 200 in 130.4107 ms
2026-08-15 07:47:58.559 -03:00 [INF] Executing endpoint 'GestaoArmazem.API.Controllers.ProdutosController.Listar (GestaoArmazem.API)'
2026-08-15 07:47:58.572 -03:00 [INF] Executing OkObjectResult, writing value of type 'System.Linq.Enumerable+SelectListIterator`2[[GestaoArmazem.Domain.Entities.Fornecedor, GestaoArmazem.Domain, Version=1.0.0.0, Culture=neutral, PublicKeyToken=null],[GestaoArmazem.Application.DTOs.FornecedorDto, GestaoArmazem.Application, Version=1.0.0.0, Culture=neutral, PublicKeyToken=null]]'.
2026-08-15 07:47:58.581 -03:00 [INF] Request finished HTTP/2 GET https://localhost:7100/api/produtos?pagina=1&tamanhoPagina=20 - 200 null application/json; charset=utf-8 182.9371ms
2026-08-15 07:47:58.585 -03:00 [INF] Route matched with {action = "Listar", controller = "Produtos"}. Executing controller action with signature System.Threading.Tasks.Task`1[Microsoft.AspNetCore.Mvc.ActionResult`1[System.Collections.Generic.IEnumerable`1[GestaoArmazem.Application.DTOs.ProdutoDto]]] Listar(Int32, Int32) on controller GestaoArmazem.API.Controllers.ProdutosController (GestaoArmazem.API).
2026-08-15 07:47:58.592 -03:00 [INF] Executed action GestaoArmazem.API.Controllers.FornecedoresController.Listar (GestaoArmazem.API) in 25.9929ms
2026-08-15 07:47:58.621 -03:00 [INF] Executing OkObjectResult, writing value of type 'System.Linq.Enumerable+SelectListIterator`2[[GestaoArmazem.Domain.Entities.Produto, GestaoArmazem.Domain, Version=1.0.0.0, Culture=neutral, PublicKeyToken=null],[GestaoArmazem.Application.DTOs.ProdutoDto, GestaoArmazem.Application, Version=1.0.0.0, Culture=neutral, PublicKeyToken=null]]'.
2026-08-15 07:47:58.626 -03:00 [INF] Executed endpoint 'GestaoArmazem.API.Controllers.FornecedoresController.Listar (GestaoArmazem.API)'
2026-08-15 07:47:58.634 -03:00 [INF] Executed action GestaoArmazem.API.Controllers.ProdutosController.Listar (GestaoArmazem.API) in 19.1748ms
2026-08-15 07:47:58.638 -03:00 [INF] HTTP GET /api/fornecedores responded 200 in 157.3445 ms
2026-08-15 07:47:58.646 -03:00 [INF] Executed endpoint 'GestaoArmazem.API.Controllers.ProdutosController.Listar (GestaoArmazem.API)'
2026-08-15 07:47:58.653 -03:00 [INF] Request finished HTTP/2 GET https://localhost:7100/api/fornecedores - 200 null application/json; charset=utf-8 192.6552ms
2026-08-15 07:47:58.658 -03:00 [INF] HTTP GET /api/produtos responded 200 in 125.0854 ms
2026-08-15 07:47:58.679 -03:00 [INF] Request finished HTTP/2 GET https://localhost:7100/api/produtos?pagina=1&tamanhoPagina=20 - 200 null application/json; charset=utf-8 173.7212ms
2026-08-15 07:48:17.882 -03:00 [INF] Request starting HTTP/2 OPTIONS https://localhost:7100/api/pedidos-recebimento - null null
2026-08-15 07:48:17.900 -03:00 [INF] CORS policy execution successful.
2026-08-15 07:48:17.904 -03:00 [INF] HTTP OPTIONS /api/pedidos-recebimento responded 204 in 4.6210 ms
2026-08-15 07:48:17.911 -03:00 [INF] Request finished HTTP/2 OPTIONS https://localhost:7100/api/pedidos-recebimento - 204 null null 29.1031ms
2026-08-15 07:48:17.916 -03:00 [INF] Request starting HTTP/2 POST https://localhost:7100/api/pedidos-recebimento - application/json 170
2026-08-15 07:48:17.936 -03:00 [INF] CORS policy execution successful.
2026-08-15 07:48:17.940 -03:00 [INF] Executing endpoint 'GestaoArmazem.API.Controllers.PedidosRecebimentoController.Criar (GestaoArmazem.API)'
2026-08-15 07:48:17.946 -03:00 [INF] Route matched with {action = "Criar", controller = "PedidosRecebimento"}. Executing controller action with signature System.Threading.Tasks.Task`1[Microsoft.AspNetCore.Mvc.ActionResult`1[GestaoArmazem.Application.DTOs.PedidoRecebimentoDto]] Criar(GestaoArmazem.Application.DTOs.CriarPedidoRecebimentoDto) on controller GestaoArmazem.API.Controllers.PedidosRecebimentoController (GestaoArmazem.API).
2026-08-15 07:48:17.975 -03:00 [INF] Executing CreatedAtActionResult, writing value of type 'GestaoArmazem.Application.DTOs.PedidoRecebimentoDto'.
2026-08-15 07:48:17.982 -03:00 [INF] Executed action GestaoArmazem.API.Controllers.PedidosRecebimentoController.Criar (GestaoArmazem.API) in 25.9509ms
2026-08-15 07:48:17.991 -03:00 [INF] Executed endpoint 'GestaoArmazem.API.Controllers.PedidosRecebimentoController.Criar (GestaoArmazem.API)'
2026-08-15 07:48:17.996 -03:00 [INF] HTTP POST /api/pedidos-recebimento responded 201 in 59.5952 ms
2026-08-15 07:48:18.007 -03:00 [INF] Request finished HTTP/2 POST https://localhost:7100/api/pedidos-recebimento - 201 null application/json; charset=utf-8 91.0972ms
2026-08-15 07:48:18.070 -03:00 [INF] Request starting HTTP/2 OPTIONS https://localhost:7100/api/pedidos-recebimento/66d0ffc1-d55d-441c-8694-6a5ac166652c - null null
2026-08-15 07:48:18.089 -03:00 [INF] Request starting HTTP/2 OPTIONS https://localhost:7100/api/localizacoes - null null
2026-08-15 07:48:18.089 -03:00 [INF] Request starting HTTP/2 OPTIONS https://localhost:7100/api/armazens - null null
2026-08-15 07:48:18.087 -03:00 [INF] Request starting HTTP/2 OPTIONS https://localhost:7100/api/produtos?pagina=1&tamanhoPagina=20 - null null
2026-08-15 07:48:18.090 -03:00 [INF] Request starting HTTP/2 OPTIONS https://localhost:7100/api/fornecedores - null null
2026-08-15 07:48:18.087 -03:00 [INF] Request starting HTTP/2 OPTIONS https://localhost:7100/api/fornecedores - null null
2026-08-15 07:48:18.090 -03:00 [INF] CORS policy execution successful.
2026-08-15 07:48:18.092 -03:00 [INF] Request starting HTTP/2 OPTIONS https://localhost:7100/api/pedidos-recebimento/66d0ffc1-d55d-441c-8694-6a5ac166652c - null null
2026-08-15 07:48:18.092 -03:00 [INF] Request starting HTTP/2 OPTIONS https://localhost:7100/api/produtos?pagina=1&tamanhoPagina=20 - null null
2026-08-15 07:48:18.105 -03:00 [INF] CORS policy execution successful.
2026-08-15 07:48:18.115 -03:00 [INF] CORS policy execution successful.
2026-08-15 07:48:18.127 -03:00 [INF] CORS policy execution successful.
2026-08-15 07:48:18.139 -03:00 [INF] CORS policy execution successful.
2026-08-15 07:48:18.149 -03:00 [INF] CORS policy execution successful.
2026-08-15 07:48:18.152 -03:00 [INF] HTTP OPTIONS /api/pedidos-recebimento/66d0ffc1-d55d-441c-8694-6a5ac166652c responded 204 in 62.0848 ms
2026-08-15 07:48:18.161 -03:00 [INF] CORS policy execution successful.
2026-08-15 07:48:18.171 -03:00 [INF] CORS policy execution successful.
2026-08-15 07:48:18.174 -03:00 [INF] HTTP OPTIONS /api/localizacoes responded 204 in 69.5051 ms
2026-08-15 07:48:18.177 -03:00 [INF] HTTP OPTIONS /api/armazens responded 204 in 62.1254 ms
2026-08-15 07:48:18.180 -03:00 [INF] HTTP OPTIONS /api/produtos responded 204 in 53.0196 ms
2026-08-15 07:48:18.183 -03:00 [INF] HTTP OPTIONS /api/fornecedores responded 204 in 44.9049 ms
2026-08-15 07:48:18.187 -03:00 [INF] HTTP OPTIONS /api/fornecedores responded 204 in 37.9747 ms
2026-08-15 07:48:18.196 -03:00 [INF] Request finished HTTP/2 OPTIONS https://localhost:7100/api/pedidos-recebimento/66d0ffc1-d55d-441c-8694-6a5ac166652c - 204 null null 126.517ms
2026-08-15 07:48:18.200 -03:00 [INF] HTTP OPTIONS /api/pedidos-recebimento/66d0ffc1-d55d-441c-8694-6a5ac166652c responded 204 in 38.3143 ms
2026-08-15 07:48:18.203 -03:00 [INF] HTTP OPTIONS /api/produtos responded 204 in 31.5257 ms
2026-08-15 07:48:18.212 -03:00 [INF] Request finished HTTP/2 OPTIONS https://localhost:7100/api/localizacoes - 204 null null 124.6476ms
2026-08-15 07:48:18.221 -03:00 [INF] Request finished HTTP/2 OPTIONS https://localhost:7100/api/armazens - 204 null null 134.1939ms
2026-08-15 07:48:18.283 -03:00 [INF] Request finished HTTP/2 OPTIONS https://localhost:7100/api/produtos?pagina=1&tamanhoPagina=20 - 204 null null 190.7027ms
2026-08-15 07:48:18.299 -03:00 [INF] Request starting HTTP/2 OPTIONS https://localhost:7100/api/armazens - null null
2026-08-15 07:48:18.230 -03:00 [INF] Request finished HTTP/2 OPTIONS https://localhost:7100/api/produtos?pagina=1&tamanhoPagina=20 - 204 null null 142.9899ms
2026-08-15 07:48:18.267 -03:00 [INF] Request starting HTTP/2 OPTIONS https://localhost:7100/api/localizacoes - null null
2026-08-15 07:48:18.241 -03:00 [INF] Request finished HTTP/2 OPTIONS https://localhost:7100/api/fornecedores - 204 null null 150.8439ms
2026-08-15 07:48:18.275 -03:00 [INF] Request finished HTTP/2 OPTIONS https://localhost:7100/api/pedidos-recebimento/66d0ffc1-d55d-441c-8694-6a5ac166652c - 204 null null 184.9487ms
2026-08-15 07:48:18.343 -03:00 [INF] CORS policy execution successful.
2026-08-15 07:48:18.331 -03:00 [INF] Request starting HTTP/2 GET https://localhost:7100/api/localizacoes - application/json null
2026-08-15 07:48:18.316 -03:00 [INF] Request starting HTTP/2 GET https://localhost:7100/api/pedidos-recebimento/66d0ffc1-d55d-441c-8694-6a5ac166652c - application/json null
2026-08-15 07:48:18.358 -03:00 [INF] Request starting HTTP/2 GET https://localhost:7100/api/armazens - application/json null
2026-08-15 07:48:18.369 -03:00 [INF] CORS policy execution successful.
2026-08-15 07:48:18.250 -03:00 [INF] Request finished HTTP/2 OPTIONS https://localhost:7100/api/fornecedores - 204 null null 166.4545ms
2026-08-15 07:48:18.384 -03:00 [INF] Request starting HTTP/2 GET https://localhost:7100/api/produtos?pagina=1&tamanhoPagina=20 - application/json null
2026-08-15 07:48:18.397 -03:00 [INF] Request starting HTTP/2 GET https://localhost:7100/api/fornecedores - application/json null
2026-08-15 07:48:18.400 -03:00 [INF] HTTP OPTIONS /api/armazens responded 204 in 57.0467 ms
2026-08-15 07:48:18.410 -03:00 [INF] CORS policy execution successful.
2026-08-15 07:48:18.421 -03:00 [INF] CORS policy execution successful.
2026-08-15 07:48:18.431 -03:00 [INF] CORS policy execution successful.
2026-08-15 07:48:18.434 -03:00 [INF] HTTP OPTIONS /api/localizacoes responded 204 in 65.1030 ms
2026-08-15 07:48:18.476 -03:00 [INF] Request finished HTTP/2 OPTIONS https://localhost:7100/api/armazens - 204 null null 177.3152ms
2026-08-15 07:48:18.481 -03:00 [INF] Executing endpoint 'GestaoArmazem.API.Controllers.LocalizacoesController.Listar (GestaoArmazem.API)'
2026-08-15 07:48:18.484 -03:00 [INF] Executing endpoint 'GestaoArmazem.API.Controllers.PedidosRecebimentoController.ObterPorId (GestaoArmazem.API)'
2026-08-15 07:48:18.488 -03:00 [INF] Executing endpoint 'GestaoArmazem.API.Controllers.ArmazensController.Listar (GestaoArmazem.API)'
2026-08-15 07:48:18.458 -03:00 [INF] CORS policy execution successful.
2026-08-15 07:48:18.468 -03:00 [INF] CORS policy execution successful.
2026-08-15 07:48:18.498 -03:00 [INF] Request finished HTTP/2 OPTIONS https://localhost:7100/api/localizacoes - 204 null null 231.9631ms
2026-08-15 07:48:18.517 -03:00 [INF] Route matched with {action = "Listar", controller = "Localizacoes"}. Executing controller action with signature System.Threading.Tasks.Task`1[Microsoft.AspNetCore.Mvc.ActionResult`1[System.Collections.Generic.IEnumerable`1[GestaoArmazem.Application.DTOs.LocalizacaoDto]]] Listar() on controller GestaoArmazem.API.Controllers.LocalizacoesController (GestaoArmazem.API).
2026-08-15 07:48:18.521 -03:00 [INF] Route matched with {action = "ObterPorId", controller = "PedidosRecebimento"}. Executing controller action with signature System.Threading.Tasks.Task`1[Microsoft.AspNetCore.Mvc.ActionResult`1[GestaoArmazem.Application.DTOs.PedidoRecebimentoDto]] ObterPorId(System.Guid) on controller GestaoArmazem.API.Controllers.PedidosRecebimentoController (GestaoArmazem.API).
2026-08-15 07:48:18.525 -03:00 [INF] Route matched with {action = "Listar", controller = "Armazens"}. Executing controller action with signature System.Threading.Tasks.Task`1[Microsoft.AspNetCore.Mvc.ActionResult`1[System.Collections.Generic.IEnumerable`1[GestaoArmazem.Application.DTOs.ArmazemDto]]] Listar() on controller GestaoArmazem.API.Controllers.ArmazensController (GestaoArmazem.API).
2026-08-15 07:48:18.528 -03:00 [INF] Executing endpoint 'GestaoArmazem.API.Controllers.ProdutosController.Listar (GestaoArmazem.API)'
2026-08-15 07:48:18.577 -03:00 [INF] Executing OkObjectResult, writing value of type 'GestaoArmazem.Application.DTOs.PedidoRecebimentoDto'.
2026-08-15 07:48:18.531 -03:00 [INF] Executing endpoint 'GestaoArmazem.API.Controllers.FornecedoresController.Listar (GestaoArmazem.API)'
2026-08-15 07:48:18.595 -03:00 [INF] Executed action GestaoArmazem.API.Controllers.PedidosRecebimentoController.ObterPorId (GestaoArmazem.API) in 30.0824ms
2026-08-15 07:48:18.588 -03:00 [INF] Executing OkObjectResult, writing value of type 'System.Linq.Enumerable+SelectListIterator`2[[GestaoArmazem.Domain.Entities.Armazem, GestaoArmazem.Domain, Version=1.0.0.0, Culture=neutral, PublicKeyToken=null],[GestaoArmazem.Application.DTOs.ArmazemDto, GestaoArmazem.Application, Version=1.0.0.0, Culture=neutral, PublicKeyToken=null]]'.
2026-08-15 07:48:18.590 -03:00 [INF] Route matched with {action = "Listar", controller = "Produtos"}. Executing controller action with signature System.Threading.Tasks.Task`1[Microsoft.AspNetCore.Mvc.ActionResult`1[System.Collections.Generic.IEnumerable`1[GestaoArmazem.Application.DTOs.ProdutoDto]]] Listar(Int32, Int32) on controller GestaoArmazem.API.Controllers.ProdutosController (GestaoArmazem.API).
2026-08-15 07:48:18.606 -03:00 [INF] Executed endpoint 'GestaoArmazem.API.Controllers.PedidosRecebimentoController.ObterPorId (GestaoArmazem.API)'
2026-08-15 07:48:18.616 -03:00 [INF] Request starting HTTP/2 GET https://localhost:7100/api/armazens - application/json null
2026-08-15 07:48:18.599 -03:00 [INF] Request starting HTTP/2 GET https://localhost:7100/api/pedidos-recebimento/66d0ffc1-d55d-441c-8694-6a5ac166652c - application/json null
2026-08-15 07:48:18.612 -03:00 [INF] Executed action GestaoArmazem.API.Controllers.ArmazensController.Listar (GestaoArmazem.API) in 31.4378ms
2026-08-15 07:48:18.601 -03:00 [INF] Route matched with {action = "Listar", controller = "Fornecedores"}. Executing controller action with signature System.Threading.Tasks.Task`1[Microsoft.AspNetCore.Mvc.ActionResult`1[System.Collections.Generic.IEnumerable`1[GestaoArmazem.Application.DTOs.FornecedorDto]]] Listar() on controller GestaoArmazem.API.Controllers.FornecedoresController (GestaoArmazem.API).
2026-08-15 07:48:18.561 -03:00 [INF] Executing OkObjectResult, writing value of type 'System.Linq.Enumerable+SelectListIterator`2[[GestaoArmazem.Domain.Entities.Localizacao, GestaoArmazem.Domain, Version=1.0.0.0, Culture=neutral, PublicKeyToken=null],[GestaoArmazem.Application.DTOs.LocalizacaoDto, GestaoArmazem.Application, Version=1.0.0.0, Culture=neutral, PublicKeyToken=null]]'.
2026-08-15 07:48:18.670 -03:00 [INF] Executing OkObjectResult, writing value of type 'System.Linq.Enumerable+SelectListIterator`2[[GestaoArmazem.Domain.Entities.Fornecedor, GestaoArmazem.Domain, Version=1.0.0.0, Culture=neutral, PublicKeyToken=null],[GestaoArmazem.Application.DTOs.FornecedorDto, GestaoArmazem.Application, Version=1.0.0.0, Culture=neutral, PublicKeyToken=null]]'.
2026-08-15 07:48:18.640 -03:00 [INF] CORS policy execution successful.
2026-08-15 07:48:18.629 -03:00 [INF] HTTP GET /api/pedidos-recebimento/66d0ffc1-d55d-441c-8694-6a5ac166652c responded 200 in 208.3491 ms
2026-08-15 07:48:18.628 -03:00 [INF] Executing OkObjectResult, writing value of type 'System.Linq.Enumerable+SelectListIterator`2[[GestaoArmazem.Domain.Entities.Produto, GestaoArmazem.Domain, Version=1.0.0.0, Culture=neutral, PublicKeyToken=null],[GestaoArmazem.Application.DTOs.ProdutoDto, GestaoArmazem.Application, Version=1.0.0.0, Culture=neutral, PublicKeyToken=null]]'.
2026-08-15 07:48:18.650 -03:00 [INF] CORS policy execution successful.
2026-08-15 07:48:18.656 -03:00 [INF] Executed endpoint 'GestaoArmazem.API.Controllers.ArmazensController.Listar (GestaoArmazem.API)'
2026-08-15 07:48:18.674 -03:00 [INF] Executed action GestaoArmazem.API.Controllers.LocalizacoesController.Listar (GestaoArmazem.API) in 120.6416ms
2026-08-15 07:48:18.680 -03:00 [INF] Executed action GestaoArmazem.API.Controllers.FornecedoresController.Listar (GestaoArmazem.API) in 17.036ms
2026-08-15 07:48:18.713 -03:00 [INF] Request starting HTTP/2 GET https://localhost:7100/api/fornecedores - application/json null
2026-08-15 07:48:18.683 -03:00 [INF] Executing endpoint 'GestaoArmazem.API.Controllers.ArmazensController.Listar (GestaoArmazem.API)'
2026-08-15 07:48:18.691 -03:00 [INF] Request finished HTTP/2 GET https://localhost:7100/api/pedidos-recebimento/66d0ffc1-d55d-441c-8694-6a5ac166652c - 200 null application/json; charset=utf-8 374.3917ms
2026-08-15 07:48:18.724 -03:00 [INF] Executed endpoint 'GestaoArmazem.API.Controllers.FornecedoresController.Listar (GestaoArmazem.API)'
2026-08-15 07:48:18.733 -03:00 [INF] CORS policy execution successful.
2026-08-15 07:48:18.738 -03:00 [INF] Route matched with {action = "Listar", controller = "Armazens"}. Executing controller action with signature System.Threading.Tasks.Task`1[Microsoft.AspNetCore.Mvc.ActionResult`1[System.Collections.Generic.IEnumerable`1[GestaoArmazem.Application.DTOs.ArmazemDto]]] Listar() on controller GestaoArmazem.API.Controllers.ArmazensController (GestaoArmazem.API).
2026-08-15 07:48:18.697 -03:00 [INF] Executed action GestaoArmazem.API.Controllers.ProdutosController.Listar (GestaoArmazem.API) in 75.9857ms
2026-08-15 07:48:18.764 -03:00 [INF] HTTP GET /api/fornecedores responded 200 in 295.9987 ms
2026-08-15 07:48:18.768 -03:00 [INF] Executing endpoint 'GestaoArmazem.API.Controllers.FornecedoresController.Listar (GestaoArmazem.API)'
2026-08-15 07:48:18.781 -03:00 [INF] Executing OkObjectResult, writing value of type 'System.Linq.Enumerable+SelectListIterator`2[[GestaoArmazem.Domain.Entities.Armazem, GestaoArmazem.Domain, Version=1.0.0.0, Culture=neutral, PublicKeyToken=null],[GestaoArmazem.Application.DTOs.ArmazemDto, GestaoArmazem.Application, Version=1.0.0.0, Culture=neutral, PublicKeyToken=null]]'.
2026-08-15 07:48:18.786 -03:00 [INF] Executed endpoint 'GestaoArmazem.API.Controllers.ProdutosController.Listar (GestaoArmazem.API)'
2026-08-15 07:48:18.700 -03:00 [INF] Executing endpoint 'GestaoArmazem.API.Controllers.PedidosRecebimentoController.ObterPorId (GestaoArmazem.API)'
2026-08-15 07:48:18.705 -03:00 [INF] HTTP GET /api/armazens responded 200 in 273.8357 ms
2026-08-15 07:48:18.785 -03:00 [INF] Request starting HTTP/2 GET https://localhost:7100/api/produtos?pagina=1&tamanhoPagina=20 - application/json null
2026-08-15 07:48:18.678 -03:00 [INF] Request starting HTTP/2 GET https://localhost:7100/api/localizacoes - application/json null
2026-08-15 07:48:18.710 -03:00 [INF] Executed endpoint 'GestaoArmazem.API.Controllers.LocalizacoesController.Listar (GestaoArmazem.API)'
2026-08-15 07:48:18.800 -03:00 [INF] Request finished HTTP/2 GET https://localhost:7100/api/fornecedores - 200 null application/json; charset=utf-8 402.7788ms
2026-08-15 07:48:18.805 -03:00 [INF] Route matched with {action = "Listar", controller = "Fornecedores"}. Executing controller action with signature System.Threading.Tasks.Task`1[Microsoft.AspNetCore.Mvc.ActionResult`1[System.Collections.Generic.IEnumerable`1[GestaoArmazem.Application.DTOs.FornecedorDto]]] Listar() on controller GestaoArmazem.API.Controllers.FornecedoresController (GestaoArmazem.API).
2026-08-15 07:48:18.810 -03:00 [INF] Executed action GestaoArmazem.API.Controllers.ArmazensController.Listar (GestaoArmazem.API) in 34.8961ms
2026-08-15 07:48:18.813 -03:00 [INF] HTTP GET /api/produtos responded 200 in 355.6187 ms
2026-08-15 07:48:18.818 -03:00 [INF] Route matched with {action = "ObterPorId", controller = "PedidosRecebimento"}. Executing controller action with signature System.Threading.Tasks.Task`1[Microsoft.AspNetCore.Mvc.ActionResult`1[GestaoArmazem.Application.DTOs.PedidoRecebimentoDto]] ObterPorId(System.Guid) on controller GestaoArmazem.API.Controllers.PedidosRecebimentoController (GestaoArmazem.API).
2026-08-15 07:48:18.826 -03:00 [INF] Request finished HTTP/2 GET https://localhost:7100/api/armazens - 200 null application/json; charset=utf-8 467.991ms
2026-08-15 07:48:18.883 -03:00 [INF] Executed endpoint 'GestaoArmazem.API.Controllers.ArmazensController.Listar (GestaoArmazem.API)'
2026-08-15 07:48:18.892 -03:00 [INF] Request finished HTTP/2 GET https://localhost:7100/api/produtos?pagina=1&tamanhoPagina=20 - 200 null application/json; charset=utf-8 507.9562ms
2026-08-15 07:48:18.836 -03:00 [INF] CORS policy execution successful.
2026-08-15 07:48:18.846 -03:00 [INF] CORS policy execution successful.
2026-08-15 07:48:18.851 -03:00 [INF] HTTP GET /api/localizacoes responded 200 in 440.9663 ms
2026-08-15 07:48:18.879 -03:00 [INF] Executing OkObjectResult, writing value of type 'System.Linq.Enumerable+SelectListIterator`2[[GestaoArmazem.Domain.Entities.Fornecedor, GestaoArmazem.Domain, Version=1.0.0.0, Culture=neutral, PublicKeyToken=null],[GestaoArmazem.Application.DTOs.FornecedorDto, GestaoArmazem.Application, Version=1.0.0.0, Culture=neutral, PublicKeyToken=null]]'.
2026-08-15 07:48:18.906 -03:00 [INF] Executing OkObjectResult, writing value of type 'GestaoArmazem.Application.DTOs.PedidoRecebimentoDto'.
2026-08-15 07:48:18.921 -03:00 [INF] HTTP GET /api/armazens responded 200 in 280.9615 ms
2026-08-15 07:48:18.937 -03:00 [INF] Executing endpoint 'GestaoArmazem.API.Controllers.ProdutosController.Listar (GestaoArmazem.API)'
2026-08-15 07:48:18.941 -03:00 [INF] Executing endpoint 'GestaoArmazem.API.Controllers.LocalizacoesController.Listar (GestaoArmazem.API)'
2026-08-15 07:48:18.947 -03:00 [INF] Request finished HTTP/2 GET https://localhost:7100/api/localizacoes - 200 null application/json; charset=utf-8 616.0027ms
2026-08-15 07:48:18.957 -03:00 [INF] Executed action GestaoArmazem.API.Controllers.FornecedoresController.Listar (GestaoArmazem.API) in 83.5993ms
2026-08-15 07:48:18.964 -03:00 [INF] Executed action GestaoArmazem.API.Controllers.PedidosRecebimentoController.ObterPorId (GestaoArmazem.API) in 65.5128ms
2026-08-15 07:48:18.975 -03:00 [INF] Request finished HTTP/2 GET https://localhost:7100/api/armazens - 200 null application/json; charset=utf-8 360.2663ms
2026-08-15 07:48:18.980 -03:00 [INF] Route matched with {action = "Listar", controller = "Produtos"}. Executing controller action with signature System.Threading.Tasks.Task`1[Microsoft.AspNetCore.Mvc.ActionResult`1[System.Collections.Generic.IEnumerable`1[GestaoArmazem.Application.DTOs.ProdutoDto]]] Listar(Int32, Int32) on controller GestaoArmazem.API.Controllers.ProdutosController (GestaoArmazem.API).
2026-08-15 07:48:18.985 -03:00 [INF] Route matched with {action = "Listar", controller = "Localizacoes"}. Executing controller action with signature System.Threading.Tasks.Task`1[Microsoft.AspNetCore.Mvc.ActionResult`1[System.Collections.Generic.IEnumerable`1[GestaoArmazem.Application.DTOs.LocalizacaoDto]]] Listar() on controller GestaoArmazem.API.Controllers.LocalizacoesController (GestaoArmazem.API).
2026-08-15 07:48:19.033 -03:00 [INF] Executing OkObjectResult, writing value of type 'System.Linq.Enumerable+SelectListIterator`2[[GestaoArmazem.Domain.Entities.Produto, GestaoArmazem.Domain, Version=1.0.0.0, Culture=neutral, PublicKeyToken=null],[GestaoArmazem.Application.DTOs.ProdutoDto, GestaoArmazem.Application, Version=1.0.0.0, Culture=neutral, PublicKeyToken=null]]'.
2026-08-15 07:48:19.009 -03:00 [INF] Executed endpoint 'GestaoArmazem.API.Controllers.PedidosRecebimentoController.ObterPorId (GestaoArmazem.API)'
2026-08-15 07:48:19.042 -03:00 [INF] Executing OkObjectResult, writing value of type 'System.Linq.Enumerable+SelectListIterator`2[[GestaoArmazem.Domain.Entities.Localizacao, GestaoArmazem.Domain, Version=1.0.0.0, Culture=neutral, PublicKeyToken=null],[GestaoArmazem.Application.DTOs.LocalizacaoDto, GestaoArmazem.Application, Version=1.0.0.0, Culture=neutral, PublicKeyToken=null]]'.
2026-08-15 07:48:19.004 -03:00 [INF] Executed endpoint 'GestaoArmazem.API.Controllers.FornecedoresController.Listar (GestaoArmazem.API)'
2026-08-15 07:48:19.047 -03:00 [INF] Executed action GestaoArmazem.API.Controllers.ProdutosController.Listar (GestaoArmazem.API) in 18.5454ms
2026-08-15 07:48:19.051 -03:00 [INF] HTTP GET /api/pedidos-recebimento/66d0ffc1-d55d-441c-8694-6a5ac166652c responded 200 in 400.7602 ms
2026-08-15 07:48:19.056 -03:00 [INF] Executed action GestaoArmazem.API.Controllers.LocalizacoesController.Listar (GestaoArmazem.API) in 17.8812ms
2026-08-15 07:48:19.060 -03:00 [INF] HTTP GET /api/fornecedores responded 200 in 326.2725 ms
2026-08-15 07:48:19.064 -03:00 [INF] Executed endpoint 'GestaoArmazem.API.Controllers.ProdutosController.Listar (GestaoArmazem.API)'
2026-08-15 07:48:19.071 -03:00 [INF] Request finished HTTP/2 GET https://localhost:7100/api/pedidos-recebimento/66d0ffc1-d55d-441c-8694-6a5ac166652c - 200 null application/json; charset=utf-8 473.3472ms
2026-08-15 07:48:19.078 -03:00 [INF] Executed endpoint 'GestaoArmazem.API.Controllers.LocalizacoesController.Listar (GestaoArmazem.API)'
2026-08-15 07:48:19.086 -03:00 [INF] Request finished HTTP/2 GET https://localhost:7100/api/fornecedores - 200 null application/json; charset=utf-8 373.3217ms
2026-08-15 07:48:19.093 -03:00 [INF] HTTP GET /api/produtos responded 200 in 256.5011 ms
2026-08-15 07:48:19.111 -03:00 [INF] HTTP GET /api/localizacoes responded 200 in 264.9945 ms
2026-08-15 07:48:19.129 -03:00 [INF] Request finished HTTP/2 GET https://localhost:7100/api/produtos?pagina=1&tamanhoPagina=20 - 200 null application/json; charset=utf-8 344.4355ms
2026-08-15 07:48:19.136 -03:00 [INF] Request finished HTTP/2 GET https://localhost:7100/api/localizacoes - 200 null application/json; charset=utf-8 459.4864ms
2026-08-15 07:48:26.523 -03:00 [INF] Request starting HTTP/2 OPTIONS https://localhost:7100/api/produtos?pagina=1&tamanhoPagina=20 - null null
2026-08-15 07:48:26.543 -03:00 [INF] Request starting HTTP/2 OPTIONS https://localhost:7100/api/pedidos-expedicao?pagina=1&tamanhoPagina=20 - null null
2026-08-15 07:48:26.540 -03:00 [INF] Request starting HTTP/2 OPTIONS https://localhost:7100/api/produtos?pagina=1&tamanhoPagina=20 - null null
2026-08-15 07:48:26.543 -03:00 [INF] Request starting HTTP/2 OPTIONS https://localhost:7100/api/pedidos-recebimento?pagina=1&tamanhoPagina=20 - null null
2026-08-15 07:48:26.539 -03:00 [INF] Request starting HTTP/2 OPTIONS https://localhost:7100/api/pedidos-expedicao?pagina=1&tamanhoPagina=20 - null null
2026-08-15 07:48:26.537 -03:00 [INF] Request starting HTTP/2 OPTIONS https://localhost:7100/api/pedidos-recebimento?pagina=1&tamanhoPagina=20 - null null
2026-08-15 07:48:26.556 -03:00 [INF] CORS policy execution successful.
2026-08-15 07:48:26.569 -03:00 [INF] CORS policy execution successful.
2026-08-15 07:48:26.576 -03:00 [INF] CORS policy execution successful.
2026-08-15 07:48:26.589 -03:00 [INF] CORS policy execution successful.
2026-08-15 07:48:26.598 -03:00 [INF] CORS policy execution successful.
2026-08-15 07:48:26.611 -03:00 [INF] CORS policy execution successful.
2026-08-15 07:48:26.613 -03:00 [INF] HTTP OPTIONS /api/produtos responded 204 in 57.4774 ms
2026-08-15 07:48:26.619 -03:00 [INF] HTTP OPTIONS /api/pedidos-expedicao responded 204 in 49.7653 ms
2026-08-15 07:48:26.621 -03:00 [INF] HTTP OPTIONS /api/produtos responded 204 in 44.9706 ms
2026-08-15 07:48:26.645 -03:00 [INF] Request finished HTTP/2 OPTIONS https://localhost:7100/api/pedidos-expedicao?pagina=1&tamanhoPagina=20 - 204 null null 102.2558ms
2026-08-15 07:48:26.624 -03:00 [INF] HTTP OPTIONS /api/pedidos-recebimento responded 204 in 35.1875 ms
2026-08-15 07:48:26.654 -03:00 [INF] Request finished HTTP/2 OPTIONS https://localhost:7100/api/produtos?pagina=1&tamanhoPagina=20 - 204 null null 115.9529ms
2026-08-15 07:48:26.651 -03:00 [INF] Request starting HTTP/2 GET https://localhost:7100/api/pedidos-expedicao?pagina=1&tamanhoPagina=20 - application/json null
2026-08-15 07:48:26.679 -03:00 [INF] Request finished HTTP/2 OPTIONS https://localhost:7100/api/pedidos-recebimento?pagina=1&tamanhoPagina=20 - 204 null null 136.9425ms
2026-08-15 07:48:26.627 -03:00 [INF] HTTP OPTIONS /api/pedidos-expedicao responded 204 in 29.3637 ms
2026-08-15 07:48:26.643 -03:00 [INF] Request starting HTTP/2 GET https://localhost:7100/api/produtos?pagina=1&tamanhoPagina=20 - application/json null
2026-08-15 07:48:26.630 -03:00 [INF] HTTP OPTIONS /api/pedidos-recebimento responded 204 in 19.6769 ms
2026-08-15 07:48:26.638 -03:00 [INF] Request finished HTTP/2 OPTIONS https://localhost:7100/api/produtos?pagina=1&tamanhoPagina=20 - 204 null null 115.0233ms
2026-08-15 07:48:26.685 -03:00 [INF] Request starting HTTP/2 GET https://localhost:7100/api/pedidos-recebimento?pagina=1&tamanhoPagina=20 - application/json null
2026-08-15 07:48:26.708 -03:00 [INF] CORS policy execution successful.
2026-08-15 07:48:26.730 -03:00 [INF] Request finished HTTP/2 OPTIONS https://localhost:7100/api/pedidos-expedicao?pagina=1&tamanhoPagina=20 - 204 null null 192.1946ms
2026-08-15 07:48:26.743 -03:00 [INF] CORS policy execution successful.
2026-08-15 07:48:26.752 -03:00 [INF] Request finished HTTP/2 OPTIONS https://localhost:7100/api/pedidos-recebimento?pagina=1&tamanhoPagina=20 - 204 null null 217.9331ms
2026-08-15 07:48:26.780 -03:00 [INF] CORS policy execution successful.
2026-08-15 07:48:26.784 -03:00 [INF] Executing endpoint 'GestaoArmazem.API.Controllers.PedidosExpedicaoController.Listar (GestaoArmazem.API)'
2026-08-15 07:48:26.802 -03:00 [INF] Executing endpoint 'GestaoArmazem.API.Controllers.ProdutosController.Listar (GestaoArmazem.API)'
2026-08-15 07:48:26.820 -03:00 [INF] Executing endpoint 'GestaoArmazem.API.Controllers.PedidosRecebimentoController.Listar (GestaoArmazem.API)'
2026-08-15 07:48:26.824 -03:00 [INF] Route matched with {action = "Listar", controller = "PedidosExpedicao"}. Executing controller action with signature System.Threading.Tasks.Task`1[Microsoft.AspNetCore.Mvc.ActionResult`1[System.Collections.Generic.IEnumerable`1[GestaoArmazem.Application.DTOs.PedidoExpedicaoDto]]] Listar(Int32, Int32) on controller GestaoArmazem.API.Controllers.PedidosExpedicaoController (GestaoArmazem.API).
2026-08-15 07:48:26.828 -03:00 [INF] Route matched with {action = "Listar", controller = "Produtos"}. Executing controller action with signature System.Threading.Tasks.Task`1[Microsoft.AspNetCore.Mvc.ActionResult`1[System.Collections.Generic.IEnumerable`1[GestaoArmazem.Application.DTOs.ProdutoDto]]] Listar(Int32, Int32) on controller GestaoArmazem.API.Controllers.ProdutosController (GestaoArmazem.API).
2026-08-15 07:48:26.834 -03:00 [INF] Route matched with {action = "Listar", controller = "PedidosRecebimento"}. Executing controller action with signature System.Threading.Tasks.Task`1[Microsoft.AspNetCore.Mvc.ActionResult`1[System.Collections.Generic.IEnumerable`1[GestaoArmazem.Application.DTOs.PedidoRecebimentoDto]]] Listar(Int32, Int32) on controller GestaoArmazem.API.Controllers.PedidosRecebimentoController (GestaoArmazem.API).
2026-08-15 07:48:26.867 -03:00 [INF] Executing OkObjectResult, writing value of type 'System.Linq.Enumerable+SelectListIterator`2[[GestaoArmazem.Domain.Entities.Produto, GestaoArmazem.Domain, Version=1.0.0.0, Culture=neutral, PublicKeyToken=null],[GestaoArmazem.Application.DTOs.ProdutoDto, GestaoArmazem.Application, Version=1.0.0.0, Culture=neutral, PublicKeyToken=null]]'.
2026-08-15 07:48:26.868 -03:00 [INF] Executing OkObjectResult, writing value of type 'System.Collections.Generic.List`1[[GestaoArmazem.Application.DTOs.PedidoExpedicaoDto, GestaoArmazem.Application, Version=1.0.0.0, Culture=neutral, PublicKeyToken=null]]'.
2026-08-15 07:48:26.887 -03:00 [INF] Request starting HTTP/2 GET https://localhost:7100/api/produtos?pagina=1&tamanhoPagina=20 - application/json null
2026-08-15 07:48:26.892 -03:00 [INF] Executing OkObjectResult, writing value of type 'System.Collections.Generic.List`1[[GestaoArmazem.Application.DTOs.PedidoRecebimentoDto, GestaoArmazem.Application, Version=1.0.0.0, Culture=neutral, PublicKeyToken=null]]'.
2026-08-15 07:48:26.883 -03:00 [INF] Executed action GestaoArmazem.API.Controllers.ProdutosController.Listar (GestaoArmazem.API) in 26.1493ms
2026-08-15 07:48:26.907 -03:00 [INF] Executed action GestaoArmazem.API.Controllers.PedidosRecebimentoController.Listar (GestaoArmazem.API) in 36.1848ms
2026-08-15 07:48:26.902 -03:00 [INF] CORS policy execution successful.
2026-08-15 07:48:26.891 -03:00 [INF] Executed action GestaoArmazem.API.Controllers.PedidosExpedicaoController.Listar (GestaoArmazem.API) in 47.8691ms
2026-08-15 07:48:26.895 -03:00 [INF] Request starting HTTP/2 GET https://localhost:7100/api/pedidos-expedicao?pagina=1&tamanhoPagina=20 - application/json null
2026-08-15 07:48:26.910 -03:00 [INF] Request starting HTTP/2 GET https://localhost:7100/api/pedidos-recebimento?pagina=1&tamanhoPagina=20 - application/json null
2026-08-15 07:48:26.913 -03:00 [INF] Executed endpoint 'GestaoArmazem.API.Controllers.ProdutosController.Listar (GestaoArmazem.API)'
2026-08-15 07:48:26.919 -03:00 [INF] Executed endpoint 'GestaoArmazem.API.Controllers.PedidosRecebimentoController.Listar (GestaoArmazem.API)'
2026-08-15 07:48:26.923 -03:00 [INF] Executing endpoint 'GestaoArmazem.API.Controllers.ProdutosController.Listar (GestaoArmazem.API)'
2026-08-15 07:48:26.928 -03:00 [INF] Executed endpoint 'GestaoArmazem.API.Controllers.PedidosExpedicaoController.Listar (GestaoArmazem.API)'
2026-08-15 07:48:26.938 -03:00 [INF] CORS policy execution successful.
2026-08-15 07:48:26.948 -03:00 [INF] CORS policy execution successful.
2026-08-15 07:48:26.952 -03:00 [INF] HTTP GET /api/produtos responded 200 in 209.0808 ms
2026-08-15 07:48:26.956 -03:00 [INF] HTTP GET /api/pedidos-recebimento responded 200 in 175.6822 ms
2026-08-15 07:48:26.960 -03:00 [INF] Route matched with {action = "Listar", controller = "Produtos"}. Executing controller action with signature System.Threading.Tasks.Task`1[Microsoft.AspNetCore.Mvc.ActionResult`1[System.Collections.Generic.IEnumerable`1[GestaoArmazem.Application.DTOs.ProdutoDto]]] Listar(Int32, Int32) on controller GestaoArmazem.API.Controllers.ProdutosController (GestaoArmazem.API).
2026-08-15 07:48:26.964 -03:00 [INF] HTTP GET /api/pedidos-expedicao responded 200 in 256.3040 ms
2026-08-15 07:48:26.990 -03:00 [INF] Request finished HTTP/2 GET https://localhost:7100/api/pedidos-recebimento?pagina=1&tamanhoPagina=20 - 200 null application/json; charset=utf-8 305.2874ms
2026-08-15 07:48:26.972 -03:00 [INF] Executing endpoint 'GestaoArmazem.API.Controllers.PedidosRecebimentoController.Listar (GestaoArmazem.API)'
2026-08-15 07:48:26.980 -03:00 [INF] Request finished HTTP/2 GET https://localhost:7100/api/produtos?pagina=1&tamanhoPagina=20 - 200 null application/json; charset=utf-8 337.5203ms
2026-08-15 07:48:26.969 -03:00 [INF] Executing endpoint 'GestaoArmazem.API.Controllers.PedidosExpedicaoController.Listar (GestaoArmazem.API)'
2026-08-15 07:48:27.005 -03:00 [INF] Executing OkObjectResult, writing value of type 'System.Linq.Enumerable+SelectListIterator`2[[GestaoArmazem.Domain.Entities.Produto, GestaoArmazem.Domain, Version=1.0.0.0, Culture=neutral, PublicKeyToken=null],[GestaoArmazem.Application.DTOs.ProdutoDto, GestaoArmazem.Application, Version=1.0.0.0, Culture=neutral, PublicKeyToken=null]]'.
2026-08-15 07:48:27.009 -03:00 [INF] Request finished HTTP/2 GET https://localhost:7100/api/pedidos-expedicao?pagina=1&tamanhoPagina=20 - 200 null application/json; charset=utf-8 359.5385ms
2026-08-15 07:48:27.027 -03:00 [INF] Route matched with {action = "Listar", controller = "PedidosRecebimento"}. Executing controller action with signature System.Threading.Tasks.Task`1[Microsoft.AspNetCore.Mvc.ActionResult`1[System.Collections.Generic.IEnumerable`1[GestaoArmazem.Application.DTOs.PedidoRecebimentoDto]]] Listar(Int32, Int32) on controller GestaoArmazem.API.Controllers.PedidosRecebimentoController (GestaoArmazem.API).
2026-08-15 07:48:27.044 -03:00 [INF] Route matched with {action = "Listar", controller = "PedidosExpedicao"}. Executing controller action with signature System.Threading.Tasks.Task`1[Microsoft.AspNetCore.Mvc.ActionResult`1[System.Collections.Generic.IEnumerable`1[GestaoArmazem.Application.DTOs.PedidoExpedicaoDto]]] Listar(Int32, Int32) on controller GestaoArmazem.API.Controllers.PedidosExpedicaoController (GestaoArmazem.API).
2026-08-15 07:48:27.050 -03:00 [INF] Executed action GestaoArmazem.API.Controllers.ProdutosController.Listar (GestaoArmazem.API) in 53.4152ms
2026-08-15 07:48:27.085 -03:00 [INF] Executing OkObjectResult, writing value of type 'System.Collections.Generic.List`1[[GestaoArmazem.Application.DTOs.PedidoRecebimentoDto, GestaoArmazem.Application, Version=1.0.0.0, Culture=neutral, PublicKeyToken=null]]'.
2026-08-15 07:48:27.097 -03:00 [INF] Executed endpoint 'GestaoArmazem.API.Controllers.ProdutosController.Listar (GestaoArmazem.API)'
2026-08-15 07:48:27.098 -03:00 [INF] Executing OkObjectResult, writing value of type 'System.Collections.Generic.List`1[[GestaoArmazem.Application.DTOs.PedidoExpedicaoDto, GestaoArmazem.Application, Version=1.0.0.0, Culture=neutral, PublicKeyToken=null]]'.
2026-08-15 07:48:27.103 -03:00 [INF] Executed action GestaoArmazem.API.Controllers.PedidosRecebimentoController.Listar (GestaoArmazem.API) in 32.2244ms
2026-08-15 07:48:27.107 -03:00 [INF] HTTP GET /api/produtos responded 200 in 204.8735 ms
2026-08-15 07:48:27.113 -03:00 [INF] Executed action GestaoArmazem.API.Controllers.PedidosExpedicaoController.Listar (GestaoArmazem.API) in 27.001ms
2026-08-15 07:48:27.118 -03:00 [INF] Executed endpoint 'GestaoArmazem.API.Controllers.PedidosRecebimentoController.Listar (GestaoArmazem.API)'
2026-08-15 07:48:27.126 -03:00 [INF] Request finished HTTP/2 GET https://localhost:7100/api/produtos?pagina=1&tamanhoPagina=20 - 200 null application/json; charset=utf-8 239.7971ms
2026-08-15 07:48:27.132 -03:00 [INF] Executed endpoint 'GestaoArmazem.API.Controllers.PedidosExpedicaoController.Listar (GestaoArmazem.API)'
2026-08-15 07:48:27.137 -03:00 [INF] HTTP GET /api/pedidos-recebimento responded 200 in 189.2252 ms
2026-08-15 07:48:27.155 -03:00 [INF] HTTP GET /api/pedidos-expedicao responded 200 in 217.7991 ms
2026-08-15 07:48:27.164 -03:00 [INF] Request finished HTTP/2 GET https://localhost:7100/api/pedidos-recebimento?pagina=1&tamanhoPagina=20 - 200 null application/json; charset=utf-8 254.4755ms
2026-08-15 07:48:27.173 -03:00 [INF] Request finished HTTP/2 GET https://localhost:7100/api/pedidos-expedicao?pagina=1&tamanhoPagina=20 - 200 null application/json; charset=utf-8 279.0326ms
2026-08-15 07:48:32.226 -03:00 [INF] Request starting HTTP/2 OPTIONS https://localhost:7100/api/pedidos-recebimento/66d0ffc1-d55d-441c-8694-6a5ac166652c - null null
2026-08-15 07:48:32.253 -03:00 [INF] Request starting HTTP/2 OPTIONS https://localhost:7100/api/fornecedores - null null
2026-08-15 07:48:32.287 -03:00 [INF] Request starting HTTP/2 OPTIONS https://localhost:7100/api/pedidos-recebimento/66d0ffc1-d55d-441c-8694-6a5ac166652c - null null
2026-08-15 07:48:32.286 -03:00 [INF] Request starting HTTP/2 OPTIONS https://localhost:7100/api/localizacoes - null null
2026-08-15 07:48:32.259 -03:00 [INF] CORS policy execution successful.
2026-08-15 07:48:32.286 -03:00 [INF] Request starting HTTP/2 OPTIONS https://localhost:7100/api/armazens - null null
2026-08-15 07:48:32.286 -03:00 [INF] Request starting HTTP/2 OPTIONS https://localhost:7100/api/produtos?pagina=1&tamanhoPagina=20 - null null
2026-08-15 07:48:32.289 -03:00 [INF] Request starting HTTP/2 OPTIONS https://localhost:7100/api/produtos?pagina=1&tamanhoPagina=20 - null null
2026-08-15 07:48:32.289 -03:00 [INF] Request starting HTTP/2 OPTIONS https://localhost:7100/api/localizacoes - null null
2026-08-15 07:48:32.289 -03:00 [INF] Request starting HTTP/2 OPTIONS https://localhost:7100/api/fornecedores - null null
2026-08-15 07:48:32.289 -03:00 [INF] Request starting HTTP/2 OPTIONS https://localhost:7100/api/armazens - null null
2026-08-15 07:48:32.302 -03:00 [INF] CORS policy execution successful.
2026-08-15 07:48:32.312 -03:00 [INF] CORS policy execution successful.
2026-08-15 07:48:32.324 -03:00 [INF] CORS policy execution successful.
2026-08-15 07:48:32.327 -03:00 [INF] HTTP OPTIONS /api/pedidos-recebimento/66d0ffc1-d55d-441c-8694-6a5ac166652c responded 204 in 67.1071 ms
2026-08-15 07:48:32.337 -03:00 [INF] CORS policy execution successful.
2026-08-15 07:48:32.346 -03:00 [INF] CORS policy execution successful.
2026-08-15 07:48:32.389 -03:00 [INF] CORS policy execution successful.
2026-08-15 07:48:32.357 -03:00 [INF] CORS policy execution successful.
2026-08-15 07:48:32.369 -03:00 [INF] CORS policy execution successful.
2026-08-15 07:48:32.378 -03:00 [INF] CORS policy execution successful.
2026-08-15 07:48:32.396 -03:00 [INF] HTTP OPTIONS /api/pedidos-recebimento/66d0ffc1-d55d-441c-8694-6a5ac166652c responded 204 in 83.8243 ms
2026-08-15 07:48:32.392 -03:00 [INF] HTTP OPTIONS /api/fornecedores responded 204 in 89.9100 ms
2026-08-15 07:48:32.400 -03:00 [INF] HTTP OPTIONS /api/localizacoes responded 204 in 76.4228 ms
2026-08-15 07:48:32.409 -03:00 [INF] Request finished HTTP/2 OPTIONS https://localhost:7100/api/pedidos-recebimento/66d0ffc1-d55d-441c-8694-6a5ac166652c - 204 null null 184.9836ms
2026-08-15 07:48:32.421 -03:00 [INF] HTTP OPTIONS /api/armazens responded 204 in 31.8136 ms
2026-08-15 07:48:32.415 -03:00 [INF] Request starting HTTP/2 GET https://localhost:7100/api/pedidos-recebimento/66d0ffc1-d55d-441c-8694-6a5ac166652c - application/json null
2026-08-15 07:48:32.424 -03:00 [INF] HTTP OPTIONS /api/produtos responded 204 in 66.7864 ms
2026-08-15 07:48:32.428 -03:00 [INF] HTTP OPTIONS /api/localizacoes responded 204 in 59.5674 ms
2026-08-15 07:48:32.432 -03:00 [INF] HTTP OPTIONS /api/fornecedores responded 204 in 53.6745 ms
2026-08-15 07:48:32.485 -03:00 [INF] Request finished HTTP/2 OPTIONS https://localhost:7100/api/armazens - 204 null null 196.312ms
2026-08-15 07:48:32.524 -03:00 [INF] Request starting HTTP/2 GET https://localhost:7100/api/armazens - application/json null
2026-08-15 07:48:32.496 -03:00 [INF] CORS policy execution successful.
2026-08-15 07:48:32.504 -03:00 [INF] Request finished HTTP/2 OPTIONS https://localhost:7100/api/produtos?pagina=1&tamanhoPagina=20 - 204 null null 215.5031ms
2026-08-15 07:48:32.552 -03:00 [INF] CORS policy execution successful.
2026-08-15 07:48:32.561 -03:00 [INF] Request starting HTTP/2 GET https://localhost:7100/api/produtos?pagina=1&tamanhoPagina=20 - application/json null
2026-08-15 07:48:32.555 -03:00 [INF] Executing endpoint 'GestaoArmazem.API.Controllers.PedidosRecebimentoController.ObterPorId (GestaoArmazem.API)'
2026-08-15 07:48:32.511 -03:00 [INF] Request finished HTTP/2 OPTIONS https://localhost:7100/api/localizacoes - 204 null null 221.9096ms
2026-08-15 07:48:32.524 -03:00 [INF] Request finished HTTP/2 OPTIONS https://localhost:7100/api/fornecedores - 204 null null 235.8636ms
2026-08-15 07:48:32.439 -03:00 [INF] Request finished HTTP/2 OPTIONS https://localhost:7100/api/pedidos-recebimento/66d0ffc1-d55d-441c-8694-6a5ac166652c - 204 null null 153.0842ms
2026-08-15 07:48:32.447 -03:00 [INF] Request finished HTTP/2 OPTIONS https://localhost:7100/api/fornecedores - 204 null null 194.7652ms
2026-08-15 07:48:32.454 -03:00 [INF] Request finished HTTP/2 OPTIONS https://localhost:7100/api/localizacoes - 204 null null 168.3026ms
2026-08-15 07:48:32.476 -03:00 [INF] Request starting HTTP/2 GET https://localhost:7100/api/fornecedores - application/json null
2026-08-15 07:48:32.412 -03:00 [INF] HTTP OPTIONS /api/armazens responded 204 in 74.9214 ms
2026-08-15 07:48:32.417 -03:00 [INF] HTTP OPTIONS /api/produtos responded 204 in 70.7990 ms
2026-08-15 07:48:32.483 -03:00 [INF] Request starting HTTP/2 GET https://localhost:7100/api/localizacoes - application/json null
2026-08-15 07:48:32.580 -03:00 [INF] Executing endpoint 'GestaoArmazem.API.Controllers.ArmazensController.Listar (GestaoArmazem.API)'
2026-08-15 07:48:32.591 -03:00 [INF] CORS policy execution successful.
2026-08-15 07:48:32.595 -03:00 [INF] Route matched with {action = "ObterPorId", controller = "PedidosRecebimento"}. Executing controller action with signature System.Threading.Tasks.Task`1[Microsoft.AspNetCore.Mvc.ActionResult`1[GestaoArmazem.Application.DTOs.PedidoRecebimentoDto]] ObterPorId(System.Guid) on controller GestaoArmazem.API.Controllers.PedidosRecebimentoController (GestaoArmazem.API).
2026-08-15 07:48:32.676 -03:00 [INF] CORS policy execution successful.
2026-08-15 07:48:32.709 -03:00 [INF] Route matched with {action = "Listar", controller = "Armazens"}. Executing controller action with signature System.Threading.Tasks.Task`1[Microsoft.AspNetCore.Mvc.ActionResult`1[System.Collections.Generic.IEnumerable`1[GestaoArmazem.Application.DTOs.ArmazemDto]]] Listar() on controller GestaoArmazem.API.Controllers.ArmazensController (GestaoArmazem.API).
2026-08-15 07:48:32.713 -03:00 [INF] Executing endpoint 'GestaoArmazem.API.Controllers.ProdutosController.Listar (GestaoArmazem.API)'
2026-08-15 07:48:32.744 -03:00 [INF] Executing OkObjectResult, writing value of type 'System.Linq.Enumerable+SelectListIterator`2[[GestaoArmazem.Domain.Entities.Armazem, GestaoArmazem.Domain, Version=1.0.0.0, Culture=neutral, PublicKeyToken=null],[GestaoArmazem.Application.DTOs.ArmazemDto, GestaoArmazem.Application, Version=1.0.0.0, Culture=neutral, PublicKeyToken=null]]'.
2026-08-15 07:48:32.730 -03:00 [INF] Executing endpoint 'GestaoArmazem.API.Controllers.FornecedoresController.Listar (GestaoArmazem.API)'
2026-08-15 07:48:32.746 -03:00 [INF] Route matched with {action = "Listar", controller = "Produtos"}. Executing controller action with signature System.Threading.Tasks.Task`1[Microsoft.AspNetCore.Mvc.ActionResult`1[System.Collections.Generic.IEnumerable`1[GestaoArmazem.Application.DTOs.ProdutoDto]]] Listar(Int32, Int32) on controller GestaoArmazem.API.Controllers.ProdutosController (GestaoArmazem.API).
2026-08-15 07:48:32.752 -03:00 [INF] Executed action GestaoArmazem.API.Controllers.ArmazensController.Listar (GestaoArmazem.API) in 15.3797ms
2026-08-15 07:48:32.772 -03:00 [INF] Executing OkObjectResult, writing value of type 'System.Linq.Enumerable+SelectListIterator`2[[GestaoArmazem.Domain.Entities.Produto, GestaoArmazem.Domain, Version=1.0.0.0, Culture=neutral, PublicKeyToken=null],[GestaoArmazem.Application.DTOs.ProdutoDto, GestaoArmazem.Application, Version=1.0.0.0, Culture=neutral, PublicKeyToken=null]]'.
2026-08-15 07:48:32.758 -03:00 [INF] Route matched with {action = "Listar", controller = "Fornecedores"}. Executing controller action with signature System.Threading.Tasks.Task`1[Microsoft.AspNetCore.Mvc.ActionResult`1[System.Collections.Generic.IEnumerable`1[GestaoArmazem.Application.DTOs.FornecedorDto]]] Listar() on controller GestaoArmazem.API.Controllers.FornecedoresController (GestaoArmazem.API).
2026-08-15 07:48:32.776 -03:00 [INF] Executed endpoint 'GestaoArmazem.API.Controllers.ArmazensController.Listar (GestaoArmazem.API)'
2026-08-15 07:48:32.785 -03:00 [INF] Request starting HTTP/2 GET https://localhost:7100/api/produtos?pagina=1&tamanhoPagina=20 - application/json null
2026-08-15 07:48:32.781 -03:00 [INF] Executed action GestaoArmazem.API.Controllers.ProdutosController.Listar (GestaoArmazem.API) in 15.4569ms
2026-08-15 07:48:32.685 -03:00 [INF] Request finished HTTP/2 OPTIONS https://localhost:7100/api/armazens - 204 null null 398.9976ms
2026-08-15 07:48:32.693 -03:00 [INF] Request finished HTTP/2 OPTIONS https://localhost:7100/api/produtos?pagina=1&tamanhoPagina=20 - 204 null null 407.2066ms
2026-08-15 07:48:32.705 -03:00 [INF] CORS policy execution successful.
2026-08-15 07:48:32.756 -03:00 [INF] Request starting HTTP/2 GET https://localhost:7100/api/armazens - application/json null
2026-08-15 07:48:32.730 -03:00 [INF] Executing OkObjectResult, writing value of type 'GestaoArmazem.Application.DTOs.PedidoRecebimentoDto'.
2026-08-15 07:48:32.798 -03:00 [INF] Executing OkObjectResult, writing value of type 'System.Linq.Enumerable+SelectListIterator`2[[GestaoArmazem.Domain.Entities.Fornecedor, GestaoArmazem.Domain, Version=1.0.0.0, Culture=neutral, PublicKeyToken=null],[GestaoArmazem.Application.DTOs.FornecedorDto, GestaoArmazem.Application, Version=1.0.0.0, Culture=neutral, PublicKeyToken=null]]'.
2026-08-15 07:48:32.809 -03:00 [INF] CORS policy execution successful.
2026-08-15 07:48:32.866 -03:00 [INF] Executed action GestaoArmazem.API.Controllers.FornecedoresController.Listar (GestaoArmazem.API) in 76.3865ms
2026-08-15 07:48:32.799 -03:00 [INF] HTTP GET /api/armazens responded 200 in 247.0735 ms
2026-08-15 07:48:32.814 -03:00 [INF] Executed endpoint 'GestaoArmazem.API.Controllers.ProdutosController.Listar (GestaoArmazem.API)'
2026-08-15 07:48:32.863 -03:00 [INF] Request starting HTTP/2 GET https://localhost:7100/api/pedidos-recebimento/66d0ffc1-d55d-441c-8694-6a5ac166652c - application/json null
2026-08-15 07:48:32.844 -03:00 [INF] Executing endpoint 'GestaoArmazem.API.Controllers.LocalizacoesController.Listar (GestaoArmazem.API)'
2026-08-15 07:48:32.854 -03:00 [INF] CORS policy execution successful.
2026-08-15 07:48:32.859 -03:00 [INF] Executed action GestaoArmazem.API.Controllers.PedidosRecebimentoController.ObterPorId (GestaoArmazem.API) in 138.7552ms
2026-08-15 07:48:32.870 -03:00 [INF] Request starting HTTP/2 GET https://localhost:7100/api/fornecedores - application/json null
2026-08-15 07:48:32.871 -03:00 [INF] Executing endpoint 'GestaoArmazem.API.Controllers.ProdutosController.Listar (GestaoArmazem.API)'
2026-08-15 07:48:32.875 -03:00 [INF] Executed endpoint 'GestaoArmazem.API.Controllers.FornecedoresController.Listar (GestaoArmazem.API)'
2026-08-15 07:48:32.883 -03:00 [INF] Request finished HTTP/2 GET https://localhost:7100/api/armazens - 200 null application/json; charset=utf-8 359.5441ms
2026-08-15 07:48:32.887 -03:00 [INF] HTTP GET /api/produtos responded 200 in 296.7030 ms
2026-08-15 07:48:32.898 -03:00 [INF] CORS policy execution successful.
2026-08-15 07:48:32.901 -03:00 [INF] Route matched with {action = "Listar", controller = "Localizacoes"}. Executing controller action with signature System.Threading.Tasks.Task`1[Microsoft.AspNetCore.Mvc.ActionResult`1[System.Collections.Generic.IEnumerable`1[GestaoArmazem.Application.DTOs.LocalizacaoDto]]] Listar() on controller GestaoArmazem.API.Controllers.LocalizacoesController (GestaoArmazem.API).
2026-08-15 07:48:32.905 -03:00 [INF] Executing endpoint 'GestaoArmazem.API.Controllers.ArmazensController.Listar (GestaoArmazem.API)'
2026-08-15 07:48:32.923 -03:00 [INF] Route matched with {action = "Listar", controller = "Produtos"}. Executing controller action with signature System.Threading.Tasks.Task`1[Microsoft.AspNetCore.Mvc.ActionResult`1[System.Collections.Generic.IEnumerable`1[GestaoArmazem.Application.DTOs.ProdutoDto]]] Listar(Int32, Int32) on controller GestaoArmazem.API.Controllers.ProdutosController (GestaoArmazem.API).
2026-08-15 07:48:32.919 -03:00 [INF] CORS policy execution successful.
2026-08-15 07:48:32.927 -03:00 [INF] HTTP GET /api/fornecedores responded 200 in 250.1204 ms
2026-08-15 07:48:32.949 -03:00 [INF] Request finished HTTP/2 GET https://localhost:7100/api/produtos?pagina=1&tamanhoPagina=20 - 200 null application/json; charset=utf-8 388.9316ms
2026-08-15 07:48:32.969 -03:00 [INF] Executing OkObjectResult, writing value of type 'System.Linq.Enumerable+SelectListIterator`2[[GestaoArmazem.Domain.Entities.Localizacao, GestaoArmazem.Domain, Version=1.0.0.0, Culture=neutral, PublicKeyToken=null],[GestaoArmazem.Application.DTOs.LocalizacaoDto, GestaoArmazem.Application, Version=1.0.0.0, Culture=neutral, PublicKeyToken=null]]'.
2026-08-15 07:48:32.983 -03:00 [INF] Executing OkObjectResult, writing value of type 'System.Linq.Enumerable+SelectListIterator`2[[GestaoArmazem.Domain.Entities.Produto, GestaoArmazem.Domain, Version=1.0.0.0, Culture=neutral, PublicKeyToken=null],[GestaoArmazem.Application.DTOs.ProdutoDto, GestaoArmazem.Application, Version=1.0.0.0, Culture=neutral, PublicKeyToken=null]]'.
2026-08-15 07:48:32.986 -03:00 [INF] Executing endpoint 'GestaoArmazem.API.Controllers.FornecedoresController.Listar (GestaoArmazem.API)'
2026-08-15 07:48:32.994 -03:00 [INF] Request finished HTTP/2 GET https://localhost:7100/api/fornecedores - 200 null application/json; charset=utf-8 518.1263ms
2026-08-15 07:48:33.016 -03:00 [INF] Request starting HTTP/2 GET https://localhost:7100/api/localizacoes - application/json null
2026-08-15 07:48:33.012 -03:00 [INF] Executed action GestaoArmazem.API.Controllers.LocalizacoesController.Listar (GestaoArmazem.API) in 51.8829ms
2026-08-15 07:48:32.953 -03:00 [INF] Executing endpoint 'GestaoArmazem.API.Controllers.PedidosRecebimentoController.ObterPorId (GestaoArmazem.API)'
2026-08-15 07:48:32.969 -03:00 [INF] Route matched with {action = "Listar", controller = "Armazens"}. Executing controller action with signature System.Threading.Tasks.Task`1[Microsoft.AspNetCore.Mvc.ActionResult`1[System.Collections.Generic.IEnumerable`1[GestaoArmazem.Application.DTOs.ArmazemDto]]] Listar() on controller GestaoArmazem.API.Controllers.ArmazensController (GestaoArmazem.API).
2026-08-15 07:48:32.909 -03:00 [INF] Executed endpoint 'GestaoArmazem.API.Controllers.PedidosRecebimentoController.ObterPorId (GestaoArmazem.API)'
2026-08-15 07:48:33.023 -03:00 [INF] Route matched with {action = "Listar", controller = "Fornecedores"}. Executing controller action with signature System.Threading.Tasks.Task`1[Microsoft.AspNetCore.Mvc.ActionResult`1[System.Collections.Generic.IEnumerable`1[GestaoArmazem.Application.DTOs.FornecedorDto]]] Listar() on controller GestaoArmazem.API.Controllers.FornecedoresController (GestaoArmazem.API).
2026-08-15 07:48:33.074 -03:00 [INF] Executing OkObjectResult, writing value of type 'System.Linq.Enumerable+SelectListIterator`2[[GestaoArmazem.Domain.Entities.Armazem, GestaoArmazem.Domain, Version=1.0.0.0, Culture=neutral, PublicKeyToken=null],[GestaoArmazem.Application.DTOs.ArmazemDto, GestaoArmazem.Application, Version=1.0.0.0, Culture=neutral, PublicKeyToken=null]]'.
2026-08-15 07:48:33.051 -03:00 [INF] CORS policy execution successful.
2026-08-15 07:48:33.056 -03:00 [INF] Executed endpoint 'GestaoArmazem.API.Controllers.LocalizacoesController.Listar (GestaoArmazem.API)'
2026-08-15 07:48:33.019 -03:00 [INF] Executed action GestaoArmazem.API.Controllers.ProdutosController.Listar (GestaoArmazem.API) in 41.8697ms
2026-08-15 07:48:33.061 -03:00 [INF] Route matched with {action = "ObterPorId", controller = "PedidosRecebimento"}. Executing controller action with signature System.Threading.Tasks.Task`1[Microsoft.AspNetCore.Mvc.ActionResult`1[GestaoArmazem.Application.DTOs.PedidoRecebimentoDto]] ObterPorId(System.Guid) on controller GestaoArmazem.API.Controllers.PedidosRecebimentoController (GestaoArmazem.API).
2026-08-15 07:48:33.091 -03:00 [INF] Executing OkObjectResult, writing value of type 'System.Linq.Enumerable+SelectListIterator`2[[GestaoArmazem.Domain.Entities.Fornecedor, GestaoArmazem.Domain, Version=1.0.0.0, Culture=neutral, PublicKeyToken=null],[GestaoArmazem.Application.DTOs.FornecedorDto, GestaoArmazem.Application, Version=1.0.0.0, Culture=neutral, PublicKeyToken=null]]'.
2026-08-15 07:48:33.126 -03:00 [INF] Executing OkObjectResult, writing value of type 'GestaoArmazem.Application.DTOs.PedidoRecebimentoDto'.
2026-08-15 07:48:33.097 -03:00 [INF] Executed action GestaoArmazem.API.Controllers.ArmazensController.Listar (GestaoArmazem.API) in 27.5909ms
2026-08-15 07:48:33.101 -03:00 [INF] Executing endpoint 'GestaoArmazem.API.Controllers.LocalizacoesController.Listar (GestaoArmazem.API)'
2026-08-15 07:48:33.105 -03:00 [INF] HTTP GET /api/localizacoes responded 200 in 399.7201 ms
2026-08-15 07:48:33.111 -03:00 [INF] Executed endpoint 'GestaoArmazem.API.Controllers.ProdutosController.Listar (GestaoArmazem.API)'
2026-08-15 07:48:33.079 -03:00 [INF] HTTP GET /api/pedidos-recebimento/66d0ffc1-d55d-441c-8694-6a5ac166652c responded 200 in 582.9716 ms
2026-08-15 07:48:33.129 -03:00 [INF] Executed action GestaoArmazem.API.Controllers.FornecedoresController.Listar (GestaoArmazem.API) in 43.464ms
2026-08-15 07:48:33.136 -03:00 [INF] Executed action GestaoArmazem.API.Controllers.PedidosRecebimentoController.ObterPorId (GestaoArmazem.API) in 17.1338ms
2026-08-15 07:48:33.141 -03:00 [INF] Executed endpoint 'GestaoArmazem.API.Controllers.ArmazensController.Listar (GestaoArmazem.API)'
2026-08-15 07:48:33.145 -03:00 [INF] Route matched with {action = "Listar", controller = "Localizacoes"}. Executing controller action with signature System.Threading.Tasks.Task`1[Microsoft.AspNetCore.Mvc.ActionResult`1[System.Collections.Generic.IEnumerable`1[GestaoArmazem.Application.DTOs.LocalizacaoDto]]] Listar() on controller GestaoArmazem.API.Controllers.LocalizacoesController (GestaoArmazem.API).
2026-08-15 07:48:33.154 -03:00 [INF] Request finished HTTP/2 GET https://localhost:7100/api/localizacoes - 200 null application/json; charset=utf-8 672.0698ms
2026-08-15 07:48:33.178 -03:00 [INF] Executed endpoint 'GestaoArmazem.API.Controllers.PedidosRecebimentoController.ObterPorId (GestaoArmazem.API)'
2026-08-15 07:48:33.183 -03:00 [INF] HTTP GET /api/armazens responded 200 in 328.3817 ms
2026-08-15 07:48:33.158 -03:00 [INF] HTTP GET /api/produtos responded 200 in 348.9883 ms
2026-08-15 07:48:33.196 -03:00 [INF] Executing OkObjectResult, writing value of type 'System.Linq.Enumerable+SelectListIterator`2[[GestaoArmazem.Domain.Entities.Localizacao, GestaoArmazem.Domain, Version=1.0.0.0, Culture=neutral, PublicKeyToken=null],[GestaoArmazem.Application.DTOs.LocalizacaoDto, GestaoArmazem.Application, Version=1.0.0.0, Culture=neutral, PublicKeyToken=null]]'.
2026-08-15 07:48:33.172 -03:00 [INF] Executed endpoint 'GestaoArmazem.API.Controllers.FornecedoresController.Listar (GestaoArmazem.API)'
2026-08-15 07:48:33.167 -03:00 [INF] Request finished HTTP/2 GET https://localhost:7100/api/pedidos-recebimento/66d0ffc1-d55d-441c-8694-6a5ac166652c - 200 null application/json; charset=utf-8 752.3889ms
2026-08-15 07:48:33.213 -03:00 [INF] HTTP GET /api/pedidos-recebimento/66d0ffc1-d55d-441c-8694-6a5ac166652c responded 200 in 315.5099 ms
2026-08-15 07:48:33.220 -03:00 [INF] Request finished HTTP/2 GET https://localhost:7100/api/armazens - 200 null application/json; charset=utf-8 465.8271ms
2026-08-15 07:48:33.229 -03:00 [INF] Request finished HTTP/2 GET https://localhost:7100/api/produtos?pagina=1&tamanhoPagina=20 - 200 null application/json; charset=utf-8 444.6028ms
2026-08-15 07:48:33.235 -03:00 [INF] Executed action GestaoArmazem.API.Controllers.LocalizacoesController.Listar (GestaoArmazem.API) in 45.4106ms
2026-08-15 07:48:33.241 -03:00 [INF] HTTP GET /api/fornecedores responded 200 in 321.3674 ms
2026-08-15 07:48:33.264 -03:00 [INF] Request finished HTTP/2 GET https://localhost:7100/api/pedidos-recebimento/66d0ffc1-d55d-441c-8694-6a5ac166652c - 200 null application/json; charset=utf-8 402.7258ms
2026-08-15 07:48:33.299 -03:00 [INF] Executed endpoint 'GestaoArmazem.API.Controllers.LocalizacoesController.Listar (GestaoArmazem.API)'
2026-08-15 07:48:33.306 -03:00 [INF] Request finished HTTP/2 GET https://localhost:7100/api/fornecedores - 200 null application/json; charset=utf-8 437.038ms
2026-08-15 07:48:33.323 -03:00 [INF] HTTP GET /api/localizacoes responded 200 in 272.3913 ms
2026-08-15 07:48:33.342 -03:00 [INF] Request finished HTTP/2 GET https://localhost:7100/api/localizacoes - 200 null application/json; charset=utf-8 327.2502ms
2026-08-15 07:48:35.272 -03:00 [INF] Request starting HTTP/2 GET https://localhost:7100/api/produtos?pagina=1&tamanhoPagina=20 - application/json null
2026-08-15 07:48:35.295 -03:00 [INF] Request starting HTTP/2 OPTIONS https://localhost:7100/api/pedidos-recebimento?pagina=1&tamanhoPagina=20 - null null
2026-08-15 07:48:35.292 -03:00 [INF] Request starting HTTP/2 OPTIONS https://localhost:7100/api/pedidos-expedicao?pagina=1&tamanhoPagina=20 - null null
2026-08-15 07:48:35.287 -03:00 [INF] Request starting HTTP/2 OPTIONS https://localhost:7100/api/pedidos-recebimento?pagina=1&tamanhoPagina=20 - null null
2026-08-15 07:48:35.304 -03:00 [INF] Request starting HTTP/2 OPTIONS https://localhost:7100/api/pedidos-expedicao?pagina=1&tamanhoPagina=20 - null null
2026-08-15 07:48:35.313 -03:00 [INF] CORS policy execution successful.
2026-08-15 07:48:35.328 -03:00 [INF] CORS policy execution successful.
2026-08-15 07:48:35.339 -03:00 [INF] CORS policy execution successful.
2026-08-15 07:48:35.349 -03:00 [INF] CORS policy execution successful.
2026-08-15 07:48:35.359 -03:00 [INF] CORS policy execution successful.
2026-08-15 07:48:35.362 -03:00 [INF] Executing endpoint 'GestaoArmazem.API.Controllers.ProdutosController.Listar (GestaoArmazem.API)'
2026-08-15 07:48:35.366 -03:00 [INF] HTTP OPTIONS /api/pedidos-recebimento responded 204 in 37.1647 ms
2026-08-15 07:48:35.369 -03:00 [INF] HTTP OPTIONS /api/pedidos-expedicao responded 204 in 30.9752 ms
2026-08-15 07:48:35.372 -03:00 [INF] HTTP OPTIONS /api/pedidos-recebimento responded 204 in 23.8583 ms
2026-08-15 07:48:35.388 -03:00 [INF] Request finished HTTP/2 OPTIONS https://localhost:7100/api/pedidos-recebimento?pagina=1&tamanhoPagina=20 - 204 null null 94.65ms
2026-08-15 07:48:35.401 -03:00 [INF] Request starting HTTP/2 GET https://localhost:7100/api/pedidos-recebimento?pagina=1&tamanhoPagina=20 - application/json null
2026-08-15 07:48:35.395 -03:00 [INF] Request finished HTTP/2 OPTIONS https://localhost:7100/api/pedidos-expedicao?pagina=1&tamanhoPagina=20 - 204 null null 104.9767ms
2026-08-15 07:48:35.375 -03:00 [INF] HTTP OPTIONS /api/pedidos-expedicao responded 204 in 16.0064 ms
2026-08-15 07:48:35.379 -03:00 [INF] Route matched with {action = "Listar", controller = "Produtos"}. Executing controller action with signature System.Threading.Tasks.Task`1[Microsoft.AspNetCore.Mvc.ActionResult`1[System.Collections.Generic.IEnumerable`1[GestaoArmazem.Application.DTOs.ProdutoDto]]] Listar(Int32, Int32) on controller GestaoArmazem.API.Controllers.ProdutosController (GestaoArmazem.API).
2026-08-15 07:48:35.404 -03:00 [INF] Request finished HTTP/2 OPTIONS https://localhost:7100/api/pedidos-recebimento?pagina=1&tamanhoPagina=20 - 204 null null 117.7301ms
2026-08-15 07:48:35.429 -03:00 [INF] CORS policy execution successful.
2026-08-15 07:48:35.408 -03:00 [INF] Request starting HTTP/2 GET https://localhost:7100/api/pedidos-expedicao?pagina=1&tamanhoPagina=20 - application/json null
2026-08-15 07:48:35.464 -03:00 [INF] Executing OkObjectResult, writing value of type 'System.Linq.Enumerable+SelectListIterator`2[[GestaoArmazem.Domain.Entities.Produto, GestaoArmazem.Domain, Version=1.0.0.0, Culture=neutral, PublicKeyToken=null],[GestaoArmazem.Application.DTOs.ProdutoDto, GestaoArmazem.Application, Version=1.0.0.0, Culture=neutral, PublicKeyToken=null]]'.
2026-08-15 07:48:35.451 -03:00 [INF] Request finished HTTP/2 OPTIONS https://localhost:7100/api/pedidos-expedicao?pagina=1&tamanhoPagina=20 - 204 null null 149.437ms
2026-08-15 07:48:35.480 -03:00 [INF] Executing endpoint 'GestaoArmazem.API.Controllers.PedidosRecebimentoController.Listar (GestaoArmazem.API)'
2026-08-15 07:48:35.491 -03:00 [INF] CORS policy execution successful.
2026-08-15 07:48:35.497 -03:00 [INF] Executed action GestaoArmazem.API.Controllers.ProdutosController.Listar (GestaoArmazem.API) in 38.2528ms
2026-08-15 07:48:35.501 -03:00 [INF] Request starting HTTP/2 GET https://localhost:7100/api/produtos?pagina=1&tamanhoPagina=20 - application/json null
2026-08-15 07:48:35.516 -03:00 [INF] Route matched with {action = "Listar", controller = "PedidosRecebimento"}. Executing controller action with signature System.Threading.Tasks.Task`1[Microsoft.AspNetCore.Mvc.ActionResult`1[System.Collections.Generic.IEnumerable`1[GestaoArmazem.Application.DTOs.PedidoRecebimentoDto]]] Listar(Int32, Int32) on controller GestaoArmazem.API.Controllers.PedidosRecebimentoController (GestaoArmazem.API).
2026-08-15 07:48:35.520 -03:00 [INF] Executing endpoint 'GestaoArmazem.API.Controllers.PedidosExpedicaoController.Listar (GestaoArmazem.API)'
2026-08-15 07:48:35.535 -03:00 [INF] CORS policy execution successful.
2026-08-15 07:48:35.553 -03:00 [INF] Route matched with {action = "Listar", controller = "PedidosExpedicao"}. Executing controller action with signature System.Threading.Tasks.Task`1[Microsoft.AspNetCore.Mvc.ActionResult`1[System.Collections.Generic.IEnumerable`1[GestaoArmazem.Application.DTOs.PedidoExpedicaoDto]]] Listar(Int32, Int32) on controller GestaoArmazem.API.Controllers.PedidosExpedicaoController (GestaoArmazem.API).
2026-08-15 07:48:35.524 -03:00 [INF] Executed endpoint 'GestaoArmazem.API.Controllers.ProdutosController.Listar (GestaoArmazem.API)'
2026-08-15 07:48:35.557 -03:00 [INF] Executing endpoint 'GestaoArmazem.API.Controllers.ProdutosController.Listar (GestaoArmazem.API)'
2026-08-15 07:48:35.555 -03:00 [INF] Executing OkObjectResult, writing value of type 'System.Collections.Generic.List`1[[GestaoArmazem.Application.DTOs.PedidoRecebimentoDto, GestaoArmazem.Application, Version=1.0.0.0, Culture=neutral, PublicKeyToken=null]]'.
2026-08-15 07:48:35.578 -03:00 [INF] HTTP GET /api/produtos responded 200 in 264.4993 ms
2026-08-15 07:48:35.578 -03:00 [INF] Executing OkObjectResult, writing value of type 'System.Collections.Generic.List`1[[GestaoArmazem.Application.DTOs.PedidoExpedicaoDto, GestaoArmazem.Application, Version=1.0.0.0, Culture=neutral, PublicKeyToken=null]]'.
2026-08-15 07:48:35.582 -03:00 [INF] Route matched with {action = "Listar", controller = "Produtos"}. Executing controller action with signature System.Threading.Tasks.Task`1[Microsoft.AspNetCore.Mvc.ActionResult`1[System.Collections.Generic.IEnumerable`1[GestaoArmazem.Application.DTOs.ProdutoDto]]] Listar(Int32, Int32) on controller GestaoArmazem.API.Controllers.ProdutosController (GestaoArmazem.API).
2026-08-15 07:48:35.602 -03:00 [INF] Executed action GestaoArmazem.API.Controllers.PedidosExpedicaoController.Listar (GestaoArmazem.API) in 36.0922ms
2026-08-15 07:48:35.606 -03:00 [INF] Request starting HTTP/2 GET https://localhost:7100/api/pedidos-expedicao?pagina=1&tamanhoPagina=20 - application/json null
2026-08-15 07:48:35.615 -03:00 [INF] Executing OkObjectResult, writing value of type 'System.Linq.Enumerable+SelectListIterator`2[[GestaoArmazem.Domain.Entities.Produto, GestaoArmazem.Domain, Version=1.0.0.0, Culture=neutral, PublicKeyToken=null],[GestaoArmazem.Application.DTOs.ProdutoDto, GestaoArmazem.Application, Version=1.0.0.0, Culture=neutral, PublicKeyToken=null]]'.
2026-08-15 07:48:35.596 -03:00 [INF] Request finished HTTP/2 GET https://localhost:7100/api/produtos?pagina=1&tamanhoPagina=20 - 200 null application/json; charset=utf-8 325.3698ms
2026-08-15 07:48:35.588 -03:00 [INF] Executed action GestaoArmazem.API.Controllers.PedidosRecebimentoController.Listar (GestaoArmazem.API) in 46.0496ms
2026-08-15 07:48:35.591 -03:00 [INF] Request starting HTTP/2 GET https://localhost:7100/api/pedidos-recebimento?pagina=1&tamanhoPagina=20 - application/json null
2026-08-15 07:48:35.622 -03:00 [INF] Executed endpoint 'GestaoArmazem.API.Controllers.PedidosExpedicaoController.Listar (GestaoArmazem.API)'
2026-08-15 07:48:35.632 -03:00 [INF] CORS policy execution successful.
2026-08-15 07:48:35.639 -03:00 [INF] Executed action GestaoArmazem.API.Controllers.ProdutosController.Listar (GestaoArmazem.API) in 28.5215ms
2026-08-15 07:48:35.658 -03:00 [INF] Executed endpoint 'GestaoArmazem.API.Controllers.PedidosRecebimentoController.Listar (GestaoArmazem.API)'
2026-08-15 07:48:35.670 -03:00 [INF] CORS policy execution successful.
2026-08-15 07:48:35.674 -03:00 [INF] HTTP GET /api/pedidos-expedicao responded 200 in 183.3242 ms
2026-08-15 07:48:35.678 -03:00 [INF] Executing endpoint 'GestaoArmazem.API.Controllers.PedidosExpedicaoController.Listar (GestaoArmazem.API)'
2026-08-15 07:48:35.682 -03:00 [INF] Executed endpoint 'GestaoArmazem.API.Controllers.ProdutosController.Listar (GestaoArmazem.API)'
2026-08-15 07:48:35.687 -03:00 [INF] HTTP GET /api/pedidos-recebimento responded 200 in 257.5712 ms
2026-08-15 07:48:35.690 -03:00 [INF] Executing endpoint 'GestaoArmazem.API.Controllers.PedidosRecebimentoController.Listar (GestaoArmazem.API)'
2026-08-15 07:48:35.698 -03:00 [INF] Request finished HTTP/2 GET https://localhost:7100/api/pedidos-expedicao?pagina=1&tamanhoPagina=20 - 200 null application/json; charset=utf-8 290.4608ms
2026-08-15 07:48:35.702 -03:00 [INF] Route matched with {action = "Listar", controller = "PedidosExpedicao"}. Executing controller action with signature System.Threading.Tasks.Task`1[Microsoft.AspNetCore.Mvc.ActionResult`1[System.Collections.Generic.IEnumerable`1[GestaoArmazem.Application.DTOs.PedidoExpedicaoDto]]] Listar(Int32, Int32) on controller GestaoArmazem.API.Controllers.PedidosExpedicaoController (GestaoArmazem.API).
2026-08-15 07:48:35.706 -03:00 [INF] HTTP GET /api/produtos responded 200 in 171.3284 ms
2026-08-15 07:48:35.714 -03:00 [INF] Request finished HTTP/2 GET https://localhost:7100/api/pedidos-recebimento?pagina=1&tamanhoPagina=20 - 200 null application/json; charset=utf-8 313.1801ms
2026-08-15 07:48:35.719 -03:00 [INF] Route matched with {action = "Listar", controller = "PedidosRecebimento"}. Executing controller action with signature System.Threading.Tasks.Task`1[Microsoft.AspNetCore.Mvc.ActionResult`1[System.Collections.Generic.IEnumerable`1[GestaoArmazem.Application.DTOs.PedidoRecebimentoDto]]] Listar(Int32, Int32) on controller GestaoArmazem.API.Controllers.PedidosRecebimentoController (GestaoArmazem.API).
2026-08-15 07:48:35.749 -03:00 [INF] Executing OkObjectResult, writing value of type 'System.Collections.Generic.List`1[[GestaoArmazem.Application.DTOs.PedidoExpedicaoDto, GestaoArmazem.Application, Version=1.0.0.0, Culture=neutral, PublicKeyToken=null]]'.
2026-08-15 07:48:35.752 -03:00 [INF] Request finished HTTP/2 GET https://localhost:7100/api/produtos?pagina=1&tamanhoPagina=20 - 200 null application/json; charset=utf-8 251.6221ms
2026-08-15 07:48:35.785 -03:00 [INF] Executed action GestaoArmazem.API.Controllers.PedidosExpedicaoController.Listar (GestaoArmazem.API) in 47.5947ms
2026-08-15 07:48:35.786 -03:00 [INF] Executing OkObjectResult, writing value of type 'System.Collections.Generic.List`1[[GestaoArmazem.Application.DTOs.PedidoRecebimentoDto, GestaoArmazem.Application, Version=1.0.0.0, Culture=neutral, PublicKeyToken=null]]'.
2026-08-15 07:48:35.803 -03:00 [INF] Executed endpoint 'GestaoArmazem.API.Controllers.PedidosExpedicaoController.Listar (GestaoArmazem.API)'
2026-08-15 07:48:35.809 -03:00 [INF] Executed action GestaoArmazem.API.Controllers.PedidosRecebimentoController.Listar (GestaoArmazem.API) in 37.4919ms
2026-08-15 07:48:35.814 -03:00 [INF] HTTP GET /api/pedidos-expedicao responded 200 in 182.4003 ms
2026-08-15 07:48:35.820 -03:00 [INF] Executed endpoint 'GestaoArmazem.API.Controllers.PedidosRecebimentoController.Listar (GestaoArmazem.API)'
2026-08-15 07:48:35.828 -03:00 [INF] Request finished HTTP/2 GET https://localhost:7100/api/pedidos-expedicao?pagina=1&tamanhoPagina=20 - 200 null application/json; charset=utf-8 222.8694ms
2026-08-15 07:48:35.834 -03:00 [INF] HTTP GET /api/pedidos-recebimento responded 200 in 164.0164 ms
2026-08-15 07:48:35.857 -03:00 [INF] Request finished HTTP/2 GET https://localhost:7100/api/pedidos-recebimento?pagina=1&tamanhoPagina=20 - 200 null application/json; charset=utf-8 266.2527ms
